
  .   ____          _            __ _ _
 /\\ / ___'_ __ _ _(_)_ __  __ _ \ \ \ \
( ( )\___ | '_ | '_| | '_ \/ _` | \ \ \ \
 \\/  ___)| |_)| | | | | || (_| |  ) ) ) )
  '  |____| .__|_| |_|_| |_\__, | / / / /
 =========|_|==============|___/=/_/_/_/

 :: Spring Boot ::                (v3.5.7)

2026-02-13T12:41:29.993+08:00  INFO 17749 --- [           main] c.a.c.a.e.chatbot.ChatbotApplication     : Starting ChatbotApplication v0.0.1-SNAPSHOT using Java 17.0.10 with PID 17749 (/Users/kumarsaikat/code/AI/work/spring-ai-alibaba-saikat/examples/chatbot/target/chatbot-0.0.1-SNAPSHOT.jar started by kumarsaikat in /Users/kumarsaikat/code/AI/work/spring-ai-alibaba-saikat/examples/chatbot)
2026-02-13T12:41:29.997+08:00  INFO 17749 --- [           main] c.a.c.a.e.chatbot.ChatbotApplication     : No active profile set, falling back to 1 default profile: "default"
2026-02-13T12:41:30.905+08:00  INFO 17749 --- [           main] o.s.b.w.embedded.tomcat.TomcatWebServer  : Tomcat initialized with port 8081 (http)
2026-02-13T12:41:30.915+08:00  INFO 17749 --- [           main] o.apache.catalina.core.StandardService   : Starting service [Tomcat]
2026-02-13T12:41:30.916+08:00  INFO 17749 --- [           main] o.apache.catalina.core.StandardEngine    : Starting Servlet engine: [Apache Tomcat/10.1.48]
2026-02-13T12:41:30.940+08:00  INFO 17749 --- [           main] o.a.c.c.C.[Tomcat].[localhost].[/]       : Initializing Spring embedded WebApplicationContext
2026-02-13T12:41:30.940+08:00  INFO 17749 --- [           main] w.s.c.ServletWebServerApplicationContext : Root WebApplicationContext: initialization completed in 878 ms
2026-02-13T12:41:31.564+08:00  INFO 17749 --- [           main] c.a.c.a.g.a.h.s.ShellToolAgentHook       : No ShellTool2 instance injected, creating default instance
@startuml SAA
skinparam usecaseFontSize 14
skinparam usecaseStereotypeFontSize 12
skinparam hexagonFontSize 14
skinparam hexagonStereotypeFontSize 12
title "SAA"
footer

powered by spring-ai-alibaba
end footer
circle start<<input>> as __START__
circle stop as __END__
usecase "_AGENT_MODEL_"<<Node>>
usecase "_AGENT_TOOL_"<<Node>>
usecase "_AGENT_HOOK_ShellToolAgentHook.before"<<Node>>
usecase "_AGENT_HOOK_ShellToolAgentHook.after"<<Node>>
hexagon "check state" as condition1<<Condition>>
hexagon "check state" as condition2<<Condition>>
"__START__" -down-> "_AGENT_HOOK_ShellToolAgentHook.before"
"_AGENT_HOOK_ShellToolAgentHook.before" -down-> "_AGENT_MODEL_"
"_AGENT_HOOK_ShellToolAgentHook.after" -down-> "__END__"
"_AGENT_MODEL_" .down.> "condition1"
"condition1" .down.> "_AGENT_HOOK_ShellToolAgentHook.after"
'"_AGENT_MODEL_" .down.> "_AGENT_HOOK_ShellToolAgentHook.after"
"condition1" .down.> "_AGENT_MODEL_"
'"_AGENT_MODEL_" .down.> "_AGENT_MODEL_"
"condition1" .down.> "_AGENT_TOOL_"
'"_AGENT_MODEL_" .down.> "_AGENT_TOOL_"
"_AGENT_TOOL_" .down.> "condition2"
"condition2" .down.> "_AGENT_MODEL_"
'"_AGENT_TOOL_" .down.> "_AGENT_MODEL_"
"condition2" .down.> "_AGENT_HOOK_ShellToolAgentHook.after"
'"_AGENT_TOOL_" .down.> "_AGENT_HOOK_ShellToolAgentHook.after"
@enduml

2026-02-13T12:41:31.602+08:00  INFO 17749 --- [           main] c.a.c.a.a.s.controller.AgentController   : AgentController initialized with 1 dynamic agents: [research_agent]
2026-02-13T12:41:31.647+08:00  INFO 17749 --- [           main] o.s.b.a.w.s.WelcomePageHandlerMapping    : Adding welcome page: class path resource [static/index.html]
✅ Spring AI Alibaba Studio module loaded!
2026-02-13T12:41:31.882+08:00  INFO 17749 --- [           main] o.s.b.w.embedded.tomcat.TomcatWebServer  : Tomcat started on port 8081 (http) with context path '/'
2026-02-13T12:41:31.896+08:00  INFO 17749 --- [           main] c.a.c.a.e.chatbot.ChatbotApplication     : Started ChatbotApplication in 2.36 seconds (process running for 2.912)

🎉========================================🎉
✅ Application is ready!
🚀 Chat with you agent: http://localhost:8081/chatui/index.html
🎉========================================🎉

2026-02-13T12:41:38.651+08:00  INFO 17749 --- [nio-8081-exec-1] o.a.c.c.C.[Tomcat].[localhost].[/]       : Initializing Spring DispatcherServlet 'dispatcherServlet'
2026-02-13T12:41:38.651+08:00  INFO 17749 --- [nio-8081-exec-1] o.s.web.servlet.DispatcherServlet        : Initializing Servlet 'dispatcherServlet'
2026-02-13T12:41:38.652+08:00  INFO 17749 --- [nio-8081-exec-1] o.s.web.servlet.DispatcherServlet        : Completed initialization in 1 ms
2026-02-13T12:44:26.227+08:00  INFO 17749 --- [nio-8081-exec-6] c.a.c.a.examples.chatbot.AuthController  : Login request for email: john@example.com
2026-02-13T12:44:26.227+08:00  INFO 17749 --- [nio-8081-exec-6] c.a.c.a.e.chatbot.AdminApiService        : Attempting login for user: john@example.com
2026-02-13T12:44:26.414+08:00 ERROR 17749 --- [nio-8081-exec-6] i.n.r.d.DnsServerAddressStreamProviders  : Unable to load io.netty.resolver.dns.macos.MacOSDnsServerAddressStreamProvider, fallback to system defaults. This may result in incorrect DNS resolutions on MacOS. Check whether you have a dependency on 'io.netty:netty-resolver-dns-native-macos'. Use DEBUG level to see the full stack: java.lang.UnsatisfiedLinkError: failed to load the required native library
2026-02-13T12:44:26.628+08:00 ERROR 17749 --- [ctor-http-nio-2] c.a.c.a.e.chatbot.AdminApiService        : Login failed for: john@example.com

org.springframework.web.reactive.function.client.WebClientResponseException$Unauthorized: 401 Unauthorized from POST http://localhost:8080/console/v1/chatbot/login
	at org.springframework.web.reactive.function.client.WebClientResponseException.create(WebClientResponseException.java:322) ~[spring-webflux-6.2.12.jar!/:6.2.12]
	Suppressed: reactor.core.publisher.FluxOnAssembly$OnAssemblyException: 
Error has been observed at the following site(s):
	*__checkpoint ⇢ 401 UNAUTHORIZED from POST http://localhost:8080/console/v1/chatbot/login [DefaultWebClient]
Original Stack Trace:
		at org.springframework.web.reactive.function.client.WebClientResponseException.create(WebClientResponseException.java:322) ~[spring-webflux-6.2.12.jar!/:6.2.12]
		at org.springframework.web.reactive.function.client.DefaultClientResponse.lambda$createException$1(DefaultClientResponse.java:214) ~[spring-webflux-6.2.12.jar!/:6.2.12]
		at reactor.core.publisher.FluxMap$MapSubscriber.onNext(FluxMap.java:106) ~[reactor-core-3.7.12.jar!/:3.7.12]
		at reactor.core.publisher.FluxOnErrorReturn$ReturnSubscriber.onNext(FluxOnErrorReturn.java:162) ~[reactor-core-3.7.12.jar!/:3.7.12]
		at reactor.core.publisher.FluxDefaultIfEmpty$DefaultIfEmptySubscriber.onNext(FluxDefaultIfEmpty.java:122) ~[reactor-core-3.7.12.jar!/:3.7.12]
		at reactor.core.publisher.FluxMapFuseable$MapFuseableSubscriber.onNext(FluxMapFuseable.java:129) ~[reactor-core-3.7.12.jar!/:3.7.12]
		at reactor.core.publisher.FluxContextWrite$ContextWriteSubscriber.onNext(FluxContextWrite.java:107) ~[reactor-core-3.7.12.jar!/:3.7.12]
		at reactor.core.publisher.FluxMapFuseable$MapFuseableConditionalSubscriber.onNext(FluxMapFuseable.java:299) ~[reactor-core-3.7.12.jar!/:3.7.12]
		at reactor.core.publisher.FluxFilterFuseable$FilterFuseableConditionalSubscriber.onNext(FluxFilterFuseable.java:337) ~[reactor-core-3.7.12.jar!/:3.7.12]
		at reactor.core.publisher.Operators$BaseFluxToMonoOperator.completePossiblyEmpty(Operators.java:2096) ~[reactor-core-3.7.12.jar!/:3.7.12]
		at reactor.core.publisher.MonoCollect$CollectSubscriber.onComplete(MonoCollect.java:145) ~[reactor-core-3.7.12.jar!/:3.7.12]
		at reactor.core.publisher.FluxMap$MapSubscriber.onComplete(FluxMap.java:144) ~[reactor-core-3.7.12.jar!/:3.7.12]
		at reactor.core.publisher.FluxPeek$PeekSubscriber.onComplete(FluxPeek.java:260) ~[reactor-core-3.7.12.jar!/:3.7.12]
		at reactor.core.publisher.FluxMap$MapSubscriber.onComplete(FluxMap.java:144) ~[reactor-core-3.7.12.jar!/:3.7.12]
		at reactor.netty.channel.FluxReceive.onInboundComplete(FluxReceive.java:413) ~[reactor-netty-core-1.2.11.jar!/:1.2.11]
		at reactor.netty.channel.ChannelOperations.onInboundComplete(ChannelOperations.java:464) ~[reactor-netty-core-1.2.11.jar!/:1.2.11]
		at reactor.netty.channel.ChannelOperations.terminate(ChannelOperations.java:518) ~[reactor-netty-core-1.2.11.jar!/:1.2.11]
		at reactor.netty.http.client.HttpClientOperations.onInboundNext(HttpClientOperations.java:925) ~[reactor-netty-http-1.2.11.jar!/:1.2.11]
		at reactor.netty.channel.ChannelOperationsHandler.channelRead(ChannelOperationsHandler.java:115) ~[reactor-netty-core-1.2.11.jar!/:1.2.11]
		at io.netty.channel.AbstractChannelHandlerContext.invokeChannelRead(AbstractChannelHandlerContext.java:444) ~[netty-transport-4.1.128.Final.jar!/:4.1.128.Final]
		at io.netty.channel.AbstractChannelHandlerContext.invokeChannelRead(AbstractChannelHandlerContext.java:420) ~[netty-transport-4.1.128.Final.jar!/:4.1.128.Final]
		at io.netty.channel.AbstractChannelHandlerContext.fireChannelRead(AbstractChannelHandlerContext.java:412) ~[netty-transport-4.1.128.Final.jar!/:4.1.128.Final]
		at io.netty.handler.codec.http.HttpContentDecoder.decode(HttpContentDecoder.java:166) ~[netty-codec-http-4.1.128.Final.jar!/:4.1.128.Final]
		at io.netty.handler.codec.http.HttpContentDecoder.decode(HttpContentDecoder.java:48) ~[netty-codec-http-4.1.128.Final.jar!/:4.1.128.Final]
		at io.netty.handler.codec.MessageToMessageDecoder.channelRead(MessageToMessageDecoder.java:91) ~[netty-codec-4.1.128.Final.jar!/:4.1.128.Final]
		at io.netty.channel.AbstractChannelHandlerContext.invokeChannelRead(AbstractChannelHandlerContext.java:444) ~[netty-transport-4.1.128.Final.jar!/:4.1.128.Final]
		at io.netty.channel.AbstractChannelHandlerContext.invokeChannelRead(AbstractChannelHandlerContext.java:420) ~[netty-transport-4.1.128.Final.jar!/:4.1.128.Final]
		at io.netty.channel.AbstractChannelHandlerContext.fireChannelRead(AbstractChannelHandlerContext.java:412) ~[netty-transport-4.1.128.Final.jar!/:4.1.128.Final]
		at io.netty.channel.CombinedChannelDuplexHandler$DelegatingChannelHandlerContext.fireChannelRead(CombinedChannelDuplexHandler.java:436) ~[netty-transport-4.1.128.Final.jar!/:4.1.128.Final]
		at io.netty.handler.codec.ByteToMessageDecoder.fireChannelRead(ByteToMessageDecoder.java:346) ~[netty-codec-4.1.128.Final.jar!/:4.1.128.Final]
		at io.netty.handler.codec.ByteToMessageDecoder.channelRead(ByteToMessageDecoder.java:318) ~[netty-codec-4.1.128.Final.jar!/:4.1.128.Final]
		at io.netty.channel.CombinedChannelDuplexHandler.channelRead(CombinedChannelDuplexHandler.java:251) ~[netty-transport-4.1.128.Final.jar!/:4.1.128.Final]
		at io.netty.channel.AbstractChannelHandlerContext.invokeChannelRead(AbstractChannelHandlerContext.java:442) ~[netty-transport-4.1.128.Final.jar!/:4.1.128.Final]
		at io.netty.channel.AbstractChannelHandlerContext.invokeChannelRead(AbstractChannelHandlerContext.java:420) ~[netty-transport-4.1.128.Final.jar!/:4.1.128.Final]
		at io.netty.channel.AbstractChannelHandlerContext.fireChannelRead(AbstractChannelHandlerContext.java:412) ~[netty-transport-4.1.128.Final.jar!/:4.1.128.Final]
		at io.netty.channel.DefaultChannelPipeline$HeadContext.channelRead(DefaultChannelPipeline.java:1357) ~[netty-transport-4.1.128.Final.jar!/:4.1.128.Final]
		at io.netty.channel.AbstractChannelHandlerContext.invokeChannelRead(AbstractChannelHandlerContext.java:440) ~[netty-transport-4.1.128.Final.jar!/:4.1.128.Final]
		at io.netty.channel.AbstractChannelHandlerContext.invokeChannelRead(AbstractChannelHandlerContext.java:420) ~[netty-transport-4.1.128.Final.jar!/:4.1.128.Final]
		at io.netty.channel.DefaultChannelPipeline.fireChannelRead(DefaultChannelPipeline.java:868) ~[netty-transport-4.1.128.Final.jar!/:4.1.128.Final]
		at io.netty.channel.nio.AbstractNioByteChannel$NioByteUnsafe.read(AbstractNioByteChannel.java:166) ~[netty-transport-4.1.128.Final.jar!/:4.1.128.Final]
		at io.netty.channel.nio.NioEventLoop.processSelectedKey(NioEventLoop.java:796) ~[netty-transport-4.1.128.Final.jar!/:4.1.128.Final]
		at io.netty.channel.nio.NioEventLoop.processSelectedKeysOptimized(NioEventLoop.java:732) ~[netty-transport-4.1.128.Final.jar!/:4.1.128.Final]
		at io.netty.channel.nio.NioEventLoop.processSelectedKeys(NioEventLoop.java:658) ~[netty-transport-4.1.128.Final.jar!/:4.1.128.Final]
		at io.netty.channel.nio.NioEventLoop.run(NioEventLoop.java:562) ~[netty-transport-4.1.128.Final.jar!/:4.1.128.Final]
		at io.netty.util.concurrent.SingleThreadEventExecutor$4.run(SingleThreadEventExecutor.java:998) ~[netty-common-4.1.128.Final.jar!/:4.1.128.Final]
		at io.netty.util.internal.ThreadExecutorMap$2.run(ThreadExecutorMap.java:74) ~[netty-common-4.1.128.Final.jar!/:4.1.128.Final]
		at io.netty.util.concurrent.FastThreadLocalRunnable.run(FastThreadLocalRunnable.java:30) ~[netty-common-4.1.128.Final.jar!/:4.1.128.Final]
		at java.base/java.lang.Thread.run(Thread.java:842) ~[na:na]

2026-02-13T12:44:26.633+08:00 ERROR 17749 --- [ctor-http-nio-2] c.a.c.a.examples.chatbot.AuthController  : Login failed

org.springframework.web.reactive.function.client.WebClientResponseException$Unauthorized: 401 Unauthorized from POST http://localhost:8080/console/v1/chatbot/login
	at org.springframework.web.reactive.function.client.WebClientResponseException.create(WebClientResponseException.java:322) ~[spring-webflux-6.2.12.jar!/:6.2.12]
	Suppressed: reactor.core.publisher.FluxOnAssembly$OnAssemblyException: 
Error has been observed at the following site(s):
	*__checkpoint ⇢ 401 UNAUTHORIZED from POST http://localhost:8080/console/v1/chatbot/login [DefaultWebClient]
Original Stack Trace:
		at org.springframework.web.reactive.function.client.WebClientResponseException.create(WebClientResponseException.java:322) ~[spring-webflux-6.2.12.jar!/:6.2.12]
		at org.springframework.web.reactive.function.client.DefaultClientResponse.lambda$createException$1(DefaultClientResponse.java:214) ~[spring-webflux-6.2.12.jar!/:6.2.12]
		at reactor.core.publisher.FluxMap$MapSubscriber.onNext(FluxMap.java:106) ~[reactor-core-3.7.12.jar!/:3.7.12]
		at reactor.core.publisher.FluxOnErrorReturn$ReturnSubscriber.onNext(FluxOnErrorReturn.java:162) ~[reactor-core-3.7.12.jar!/:3.7.12]
		at reactor.core.publisher.FluxDefaultIfEmpty$DefaultIfEmptySubscriber.onNext(FluxDefaultIfEmpty.java:122) ~[reactor-core-3.7.12.jar!/:3.7.12]
		at reactor.core.publisher.FluxMapFuseable$MapFuseableSubscriber.onNext(FluxMapFuseable.java:129) ~[reactor-core-3.7.12.jar!/:3.7.12]
		at reactor.core.publisher.FluxContextWrite$ContextWriteSubscriber.onNext(FluxContextWrite.java:107) ~[reactor-core-3.7.12.jar!/:3.7.12]
		at reactor.core.publisher.FluxMapFuseable$MapFuseableConditionalSubscriber.onNext(FluxMapFuseable.java:299) ~[reactor-core-3.7.12.jar!/:3.7.12]
		at reactor.core.publisher.FluxFilterFuseable$FilterFuseableConditionalSubscriber.onNext(FluxFilterFuseable.java:337) ~[reactor-core-3.7.12.jar!/:3.7.12]
		at reactor.core.publisher.Operators$BaseFluxToMonoOperator.completePossiblyEmpty(Operators.java:2096) ~[reactor-core-3.7.12.jar!/:3.7.12]
		at reactor.core.publisher.MonoCollect$CollectSubscriber.onComplete(MonoCollect.java:145) ~[reactor-core-3.7.12.jar!/:3.7.12]
		at reactor.core.publisher.FluxMap$MapSubscriber.onComplete(FluxMap.java:144) ~[reactor-core-3.7.12.jar!/:3.7.12]
		at reactor.core.publisher.FluxPeek$PeekSubscriber.onComplete(FluxPeek.java:260) ~[reactor-core-3.7.12.jar!/:3.7.12]
		at reactor.core.publisher.FluxMap$MapSubscriber.onComplete(FluxMap.java:144) ~[reactor-core-3.7.12.jar!/:3.7.12]
		at reactor.netty.channel.FluxReceive.onInboundComplete(FluxReceive.java:413) ~[reactor-netty-core-1.2.11.jar!/:1.2.11]
		at reactor.netty.channel.ChannelOperations.onInboundComplete(ChannelOperations.java:464) ~[reactor-netty-core-1.2.11.jar!/:1.2.11]
		at reactor.netty.channel.ChannelOperations.terminate(ChannelOperations.java:518) ~[reactor-netty-core-1.2.11.jar!/:1.2.11]
		at reactor.netty.http.client.HttpClientOperations.onInboundNext(HttpClientOperations.java:925) ~[reactor-netty-http-1.2.11.jar!/:1.2.11]
		at reactor.netty.channel.ChannelOperationsHandler.channelRead(ChannelOperationsHandler.java:115) ~[reactor-netty-core-1.2.11.jar!/:1.2.11]
		at io.netty.channel.AbstractChannelHandlerContext.invokeChannelRead(AbstractChannelHandlerContext.java:444) ~[netty-transport-4.1.128.Final.jar!/:4.1.128.Final]
		at io.netty.channel.AbstractChannelHandlerContext.invokeChannelRead(AbstractChannelHandlerContext.java:420) ~[netty-transport-4.1.128.Final.jar!/:4.1.128.Final]
		at io.netty.channel.AbstractChannelHandlerContext.fireChannelRead(AbstractChannelHandlerContext.java:412) ~[netty-transport-4.1.128.Final.jar!/:4.1.128.Final]
		at io.netty.handler.codec.http.HttpContentDecoder.decode(HttpContentDecoder.java:166) ~[netty-codec-http-4.1.128.Final.jar!/:4.1.128.Final]
		at io.netty.handler.codec.http.HttpContentDecoder.decode(HttpContentDecoder.java:48) ~[netty-codec-http-4.1.128.Final.jar!/:4.1.128.Final]
		at io.netty.handler.codec.MessageToMessageDecoder.channelRead(MessageToMessageDecoder.java:91) ~[netty-codec-4.1.128.Final.jar!/:4.1.128.Final]
		at io.netty.channel.AbstractChannelHandlerContext.invokeChannelRead(AbstractChannelHandlerContext.java:444) ~[netty-transport-4.1.128.Final.jar!/:4.1.128.Final]
		at io.netty.channel.AbstractChannelHandlerContext.invokeChannelRead(AbstractChannelHandlerContext.java:420) ~[netty-transport-4.1.128.Final.jar!/:4.1.128.Final]
		at io.netty.channel.AbstractChannelHandlerContext.fireChannelRead(AbstractChannelHandlerContext.java:412) ~[netty-transport-4.1.128.Final.jar!/:4.1.128.Final]
		at io.netty.channel.CombinedChannelDuplexHandler$DelegatingChannelHandlerContext.fireChannelRead(CombinedChannelDuplexHandler.java:436) ~[netty-transport-4.1.128.Final.jar!/:4.1.128.Final]
		at io.netty.handler.codec.ByteToMessageDecoder.fireChannelRead(ByteToMessageDecoder.java:346) ~[netty-codec-4.1.128.Final.jar!/:4.1.128.Final]
		at io.netty.handler.codec.ByteToMessageDecoder.channelRead(ByteToMessageDecoder.java:318) ~[netty-codec-4.1.128.Final.jar!/:4.1.128.Final]
		at io.netty.channel.CombinedChannelDuplexHandler.channelRead(CombinedChannelDuplexHandler.java:251) ~[netty-transport-4.1.128.Final.jar!/:4.1.128.Final]
		at io.netty.channel.AbstractChannelHandlerContext.invokeChannelRead(AbstractChannelHandlerContext.java:442) ~[netty-transport-4.1.128.Final.jar!/:4.1.128.Final]
		at io.netty.channel.AbstractChannelHandlerContext.invokeChannelRead(AbstractChannelHandlerContext.java:420) ~[netty-transport-4.1.128.Final.jar!/:4.1.128.Final]
		at io.netty.channel.AbstractChannelHandlerContext.fireChannelRead(AbstractChannelHandlerContext.java:412) ~[netty-transport-4.1.128.Final.jar!/:4.1.128.Final]
		at io.netty.channel.DefaultChannelPipeline$HeadContext.channelRead(DefaultChannelPipeline.java:1357) ~[netty-transport-4.1.128.Final.jar!/:4.1.128.Final]
		at io.netty.channel.AbstractChannelHandlerContext.invokeChannelRead(AbstractChannelHandlerContext.java:440) ~[netty-transport-4.1.128.Final.jar!/:4.1.128.Final]
		at io.netty.channel.AbstractChannelHandlerContext.invokeChannelRead(AbstractChannelHandlerContext.java:420) ~[netty-transport-4.1.128.Final.jar!/:4.1.128.Final]
		at io.netty.channel.DefaultChannelPipeline.fireChannelRead(DefaultChannelPipeline.java:868) ~[netty-transport-4.1.128.Final.jar!/:4.1.128.Final]
		at io.netty.channel.nio.AbstractNioByteChannel$NioByteUnsafe.read(AbstractNioByteChannel.java:166) ~[netty-transport-4.1.128.Final.jar!/:4.1.128.Final]
		at io.netty.channel.nio.NioEventLoop.processSelectedKey(NioEventLoop.java:796) ~[netty-transport-4.1.128.Final.jar!/:4.1.128.Final]
		at io.netty.channel.nio.NioEventLoop.processSelectedKeysOptimized(NioEventLoop.java:732) ~[netty-transport-4.1.128.Final.jar!/:4.1.128.Final]
		at io.netty.channel.nio.NioEventLoop.processSelectedKeys(NioEventLoop.java:658) ~[netty-transport-4.1.128.Final.jar!/:4.1.128.Final]
		at io.netty.channel.nio.NioEventLoop.run(NioEventLoop.java:562) ~[netty-transport-4.1.128.Final.jar!/:4.1.128.Final]
		at io.netty.util.concurrent.SingleThreadEventExecutor$4.run(SingleThreadEventExecutor.java:998) ~[netty-common-4.1.128.Final.jar!/:4.1.128.Final]
		at io.netty.util.internal.ThreadExecutorMap$2.run(ThreadExecutorMap.java:74) ~[netty-common-4.1.128.Final.jar!/:4.1.128.Final]
		at io.netty.util.concurrent.FastThreadLocalRunnable.run(FastThreadLocalRunnable.java:30) ~[netty-common-4.1.128.Final.jar!/:4.1.128.Final]
		at java.base/java.lang.Thread.run(Thread.java:842) ~[na:na]

2026-02-13T12:58:07.038+08:00  INFO 17749 --- [nio-8081-exec-6] c.a.c.a.examples.chatbot.AuthController  : Login request for email: john@example.com
2026-02-13T12:58:07.040+08:00  INFO 17749 --- [nio-8081-exec-6] c.a.c.a.e.chatbot.AdminApiService        : Attempting login for user: john@example.com
2026-02-13T12:58:07.087+08:00 ERROR 17749 --- [ctor-http-nio-3] c.a.c.a.e.chatbot.AdminApiService        : Login failed for: john@example.com

org.springframework.web.reactive.function.client.WebClientResponseException$Unauthorized: 401 Unauthorized from POST http://localhost:8080/console/v1/chatbot/login
	at org.springframework.web.reactive.function.client.WebClientResponseException.create(WebClientResponseException.java:322) ~[spring-webflux-6.2.12.jar!/:6.2.12]
	Suppressed: reactor.core.publisher.FluxOnAssembly$OnAssemblyException: 
Error has been observed at the following site(s):
	*__checkpoint ⇢ 401 UNAUTHORIZED from POST http://localhost:8080/console/v1/chatbot/login [DefaultWebClient]
Original Stack Trace:
		at org.springframework.web.reactive.function.client.WebClientResponseException.create(WebClientResponseException.java:322) ~[spring-webflux-6.2.12.jar!/:6.2.12]
		at org.springframework.web.reactive.function.client.DefaultClientResponse.lambda$createException$1(DefaultClientResponse.java:214) ~[spring-webflux-6.2.12.jar!/:6.2.12]
		at reactor.core.publisher.FluxMap$MapSubscriber.onNext(FluxMap.java:106) ~[reactor-core-3.7.12.jar!/:3.7.12]
		at reactor.core.publisher.FluxOnErrorReturn$ReturnSubscriber.onNext(FluxOnErrorReturn.java:162) ~[reactor-core-3.7.12.jar!/:3.7.12]
		at reactor.core.publisher.FluxDefaultIfEmpty$DefaultIfEmptySubscriber.onNext(FluxDefaultIfEmpty.java:122) ~[reactor-core-3.7.12.jar!/:3.7.12]
		at reactor.core.publisher.FluxMapFuseable$MapFuseableSubscriber.onNext(FluxMapFuseable.java:129) ~[reactor-core-3.7.12.jar!/:3.7.12]
		at reactor.core.publisher.FluxContextWrite$ContextWriteSubscriber.onNext(FluxContextWrite.java:107) ~[reactor-core-3.7.12.jar!/:3.7.12]
		at reactor.core.publisher.FluxMapFuseable$MapFuseableConditionalSubscriber.onNext(FluxMapFuseable.java:299) ~[reactor-core-3.7.12.jar!/:3.7.12]
		at reactor.core.publisher.FluxFilterFuseable$FilterFuseableConditionalSubscriber.onNext(FluxFilterFuseable.java:337) ~[reactor-core-3.7.12.jar!/:3.7.12]
		at reactor.core.publisher.Operators$BaseFluxToMonoOperator.completePossiblyEmpty(Operators.java:2096) ~[reactor-core-3.7.12.jar!/:3.7.12]
		at reactor.core.publisher.MonoCollect$CollectSubscriber.onComplete(MonoCollect.java:145) ~[reactor-core-3.7.12.jar!/:3.7.12]
		at reactor.core.publisher.FluxMap$MapSubscriber.onComplete(FluxMap.java:144) ~[reactor-core-3.7.12.jar!/:3.7.12]
		at reactor.core.publisher.FluxPeek$PeekSubscriber.onComplete(FluxPeek.java:260) ~[reactor-core-3.7.12.jar!/:3.7.12]
		at reactor.core.publisher.FluxMap$MapSubscriber.onComplete(FluxMap.java:144) ~[reactor-core-3.7.12.jar!/:3.7.12]
		at reactor.netty.channel.FluxReceive.onInboundComplete(FluxReceive.java:413) ~[reactor-netty-core-1.2.11.jar!/:1.2.11]
		at reactor.netty.channel.ChannelOperations.onInboundComplete(ChannelOperations.java:464) ~[reactor-netty-core-1.2.11.jar!/:1.2.11]
		at reactor.netty.channel.ChannelOperations.terminate(ChannelOperations.java:518) ~[reactor-netty-core-1.2.11.jar!/:1.2.11]
		at reactor.netty.http.client.HttpClientOperations.onInboundNext(HttpClientOperations.java:925) ~[reactor-netty-http-1.2.11.jar!/:1.2.11]
		at reactor.netty.channel.ChannelOperationsHandler.channelRead(ChannelOperationsHandler.java:115) ~[reactor-netty-core-1.2.11.jar!/:1.2.11]
		at io.netty.channel.AbstractChannelHandlerContext.invokeChannelRead(AbstractChannelHandlerContext.java:444) ~[netty-transport-4.1.128.Final.jar!/:4.1.128.Final]
		at io.netty.channel.AbstractChannelHandlerContext.invokeChannelRead(AbstractChannelHandlerContext.java:420) ~[netty-transport-4.1.128.Final.jar!/:4.1.128.Final]
		at io.netty.channel.AbstractChannelHandlerContext.fireChannelRead(AbstractChannelHandlerContext.java:412) ~[netty-transport-4.1.128.Final.jar!/:4.1.128.Final]
		at io.netty.handler.codec.http.HttpContentDecoder.decode(HttpContentDecoder.java:166) ~[netty-codec-http-4.1.128.Final.jar!/:4.1.128.Final]
		at io.netty.handler.codec.http.HttpContentDecoder.decode(HttpContentDecoder.java:48) ~[netty-codec-http-4.1.128.Final.jar!/:4.1.128.Final]
		at io.netty.handler.codec.MessageToMessageDecoder.channelRead(MessageToMessageDecoder.java:91) ~[netty-codec-4.1.128.Final.jar!/:4.1.128.Final]
		at io.netty.channel.AbstractChannelHandlerContext.invokeChannelRead(AbstractChannelHandlerContext.java:444) ~[netty-transport-4.1.128.Final.jar!/:4.1.128.Final]
		at io.netty.channel.AbstractChannelHandlerContext.invokeChannelRead(AbstractChannelHandlerContext.java:420) ~[netty-transport-4.1.128.Final.jar!/:4.1.128.Final]
		at io.netty.channel.AbstractChannelHandlerContext.fireChannelRead(AbstractChannelHandlerContext.java:412) ~[netty-transport-4.1.128.Final.jar!/:4.1.128.Final]
		at io.netty.channel.CombinedChannelDuplexHandler$DelegatingChannelHandlerContext.fireChannelRead(CombinedChannelDuplexHandler.java:436) ~[netty-transport-4.1.128.Final.jar!/:4.1.128.Final]
		at io.netty.handler.codec.ByteToMessageDecoder.fireChannelRead(ByteToMessageDecoder.java:346) ~[netty-codec-4.1.128.Final.jar!/:4.1.128.Final]
		at io.netty.handler.codec.ByteToMessageDecoder.channelRead(ByteToMessageDecoder.java:318) ~[netty-codec-4.1.128.Final.jar!/:4.1.128.Final]
		at io.netty.channel.CombinedChannelDuplexHandler.channelRead(CombinedChannelDuplexHandler.java:251) ~[netty-transport-4.1.128.Final.jar!/:4.1.128.Final]
		at io.netty.channel.AbstractChannelHandlerContext.invokeChannelRead(AbstractChannelHandlerContext.java:442) ~[netty-transport-4.1.128.Final.jar!/:4.1.128.Final]
		at io.netty.channel.AbstractChannelHandlerContext.invokeChannelRead(AbstractChannelHandlerContext.java:420) ~[netty-transport-4.1.128.Final.jar!/:4.1.128.Final]
		at io.netty.channel.AbstractChannelHandlerContext.fireChannelRead(AbstractChannelHandlerContext.java:412) ~[netty-transport-4.1.128.Final.jar!/:4.1.128.Final]
		at io.netty.channel.DefaultChannelPipeline$HeadContext.channelRead(DefaultChannelPipeline.java:1357) ~[netty-transport-4.1.128.Final.jar!/:4.1.128.Final]
		at io.netty.channel.AbstractChannelHandlerContext.invokeChannelRead(AbstractChannelHandlerContext.java:440) ~[netty-transport-4.1.128.Final.jar!/:4.1.128.Final]
		at io.netty.channel.AbstractChannelHandlerContext.invokeChannelRead(AbstractChannelHandlerContext.java:420) ~[netty-transport-4.1.128.Final.jar!/:4.1.128.Final]
		at io.netty.channel.DefaultChannelPipeline.fireChannelRead(DefaultChannelPipeline.java:868) ~[netty-transport-4.1.128.Final.jar!/:4.1.128.Final]
		at io.netty.channel.nio.AbstractNioByteChannel$NioByteUnsafe.read(AbstractNioByteChannel.java:166) ~[netty-transport-4.1.128.Final.jar!/:4.1.128.Final]
		at io.netty.channel.nio.NioEventLoop.processSelectedKey(NioEventLoop.java:796) ~[netty-transport-4.1.128.Final.jar!/:4.1.128.Final]
		at io.netty.channel.nio.NioEventLoop.processSelectedKeysOptimized(NioEventLoop.java:732) ~[netty-transport-4.1.128.Final.jar!/:4.1.128.Final]
		at io.netty.channel.nio.NioEventLoop.processSelectedKeys(NioEventLoop.java:658) ~[netty-transport-4.1.128.Final.jar!/:4.1.128.Final]
		at io.netty.channel.nio.NioEventLoop.run(NioEventLoop.java:562) ~[netty-transport-4.1.128.Final.jar!/:4.1.128.Final]
		at io.netty.util.concurrent.SingleThreadEventExecutor$4.run(SingleThreadEventExecutor.java:998) ~[netty-common-4.1.128.Final.jar!/:4.1.128.Final]
		at io.netty.util.internal.ThreadExecutorMap$2.run(ThreadExecutorMap.java:74) ~[netty-common-4.1.128.Final.jar!/:4.1.128.Final]
		at io.netty.util.concurrent.FastThreadLocalRunnable.run(FastThreadLocalRunnable.java:30) ~[netty-common-4.1.128.Final.jar!/:4.1.128.Final]
		at java.base/java.lang.Thread.run(Thread.java:842) ~[na:na]

2026-02-13T12:58:07.089+08:00 ERROR 17749 --- [ctor-http-nio-3] c.a.c.a.examples.chatbot.AuthController  : Login failed

org.springframework.web.reactive.function.client.WebClientResponseException$Unauthorized: 401 Unauthorized from POST http://localhost:8080/console/v1/chatbot/login
	at org.springframework.web.reactive.function.client.WebClientResponseException.create(WebClientResponseException.java:322) ~[spring-webflux-6.2.12.jar!/:6.2.12]
	Suppressed: reactor.core.publisher.FluxOnAssembly$OnAssemblyException: 
Error has been observed at the following site(s):
	*__checkpoint ⇢ 401 UNAUTHORIZED from POST http://localhost:8080/console/v1/chatbot/login [DefaultWebClient]
Original Stack Trace:
		at org.springframework.web.reactive.function.client.WebClientResponseException.create(WebClientResponseException.java:322) ~[spring-webflux-6.2.12.jar!/:6.2.12]
		at org.springframework.web.reactive.function.client.DefaultClientResponse.lambda$createException$1(DefaultClientResponse.java:214) ~[spring-webflux-6.2.12.jar!/:6.2.12]
		at reactor.core.publisher.FluxMap$MapSubscriber.onNext(FluxMap.java:106) ~[reactor-core-3.7.12.jar!/:3.7.12]
		at reactor.core.publisher.FluxOnErrorReturn$ReturnSubscriber.onNext(FluxOnErrorReturn.java:162) ~[reactor-core-3.7.12.jar!/:3.7.12]
		at reactor.core.publisher.FluxDefaultIfEmpty$DefaultIfEmptySubscriber.onNext(FluxDefaultIfEmpty.java:122) ~[reactor-core-3.7.12.jar!/:3.7.12]
		at reactor.core.publisher.FluxMapFuseable$MapFuseableSubscriber.onNext(FluxMapFuseable.java:129) ~[reactor-core-3.7.12.jar!/:3.7.12]
		at reactor.core.publisher.FluxContextWrite$ContextWriteSubscriber.onNext(FluxContextWrite.java:107) ~[reactor-core-3.7.12.jar!/:3.7.12]
		at reactor.core.publisher.FluxMapFuseable$MapFuseableConditionalSubscriber.onNext(FluxMapFuseable.java:299) ~[reactor-core-3.7.12.jar!/:3.7.12]
		at reactor.core.publisher.FluxFilterFuseable$FilterFuseableConditionalSubscriber.onNext(FluxFilterFuseable.java:337) ~[reactor-core-3.7.12.jar!/:3.7.12]
		at reactor.core.publisher.Operators$BaseFluxToMonoOperator.completePossiblyEmpty(Operators.java:2096) ~[reactor-core-3.7.12.jar!/:3.7.12]
		at reactor.core.publisher.MonoCollect$CollectSubscriber.onComplete(MonoCollect.java:145) ~[reactor-core-3.7.12.jar!/:3.7.12]
		at reactor.core.publisher.FluxMap$MapSubscriber.onComplete(FluxMap.java:144) ~[reactor-core-3.7.12.jar!/:3.7.12]
		at reactor.core.publisher.FluxPeek$PeekSubscriber.onComplete(FluxPeek.java:260) ~[reactor-core-3.7.12.jar!/:3.7.12]
		at reactor.core.publisher.FluxMap$MapSubscriber.onComplete(FluxMap.java:144) ~[reactor-core-3.7.12.jar!/:3.7.12]
		at reactor.netty.channel.FluxReceive.onInboundComplete(FluxReceive.java:413) ~[reactor-netty-core-1.2.11.jar!/:1.2.11]
		at reactor.netty.channel.ChannelOperations.onInboundComplete(ChannelOperations.java:464) ~[reactor-netty-core-1.2.11.jar!/:1.2.11]
		at reactor.netty.channel.ChannelOperations.terminate(ChannelOperations.java:518) ~[reactor-netty-core-1.2.11.jar!/:1.2.11]
		at reactor.netty.http.client.HttpClientOperations.onInboundNext(HttpClientOperations.java:925) ~[reactor-netty-http-1.2.11.jar!/:1.2.11]
		at reactor.netty.channel.ChannelOperationsHandler.channelRead(ChannelOperationsHandler.java:115) ~[reactor-netty-core-1.2.11.jar!/:1.2.11]
		at io.netty.channel.AbstractChannelHandlerContext.invokeChannelRead(AbstractChannelHandlerContext.java:444) ~[netty-transport-4.1.128.Final.jar!/:4.1.128.Final]
		at io.netty.channel.AbstractChannelHandlerContext.invokeChannelRead(AbstractChannelHandlerContext.java:420) ~[netty-transport-4.1.128.Final.jar!/:4.1.128.Final]
		at io.netty.channel.AbstractChannelHandlerContext.fireChannelRead(AbstractChannelHandlerContext.java:412) ~[netty-transport-4.1.128.Final.jar!/:4.1.128.Final]
		at io.netty.handler.codec.http.HttpContentDecoder.decode(HttpContentDecoder.java:166) ~[netty-codec-http-4.1.128.Final.jar!/:4.1.128.Final]
		at io.netty.handler.codec.http.HttpContentDecoder.decode(HttpContentDecoder.java:48) ~[netty-codec-http-4.1.128.Final.jar!/:4.1.128.Final]
		at io.netty.handler.codec.MessageToMessageDecoder.channelRead(MessageToMessageDecoder.java:91) ~[netty-codec-4.1.128.Final.jar!/:4.1.128.Final]
		at io.netty.channel.AbstractChannelHandlerContext.invokeChannelRead(AbstractChannelHandlerContext.java:444) ~[netty-transport-4.1.128.Final.jar!/:4.1.128.Final]
		at io.netty.channel.AbstractChannelHandlerContext.invokeChannelRead(AbstractChannelHandlerContext.java:420) ~[netty-transport-4.1.128.Final.jar!/:4.1.128.Final]
		at io.netty.channel.AbstractChannelHandlerContext.fireChannelRead(AbstractChannelHandlerContext.java:412) ~[netty-transport-4.1.128.Final.jar!/:4.1.128.Final]
		at io.netty.channel.CombinedChannelDuplexHandler$DelegatingChannelHandlerContext.fireChannelRead(CombinedChannelDuplexHandler.java:436) ~[netty-transport-4.1.128.Final.jar!/:4.1.128.Final]
		at io.netty.handler.codec.ByteToMessageDecoder.fireChannelRead(ByteToMessageDecoder.java:346) ~[netty-codec-4.1.128.Final.jar!/:4.1.128.Final]
		at io.netty.handler.codec.ByteToMessageDecoder.channelRead(ByteToMessageDecoder.java:318) ~[netty-codec-4.1.128.Final.jar!/:4.1.128.Final]
		at io.netty.channel.CombinedChannelDuplexHandler.channelRead(CombinedChannelDuplexHandler.java:251) ~[netty-transport-4.1.128.Final.jar!/:4.1.128.Final]
		at io.netty.channel.AbstractChannelHandlerContext.invokeChannelRead(AbstractChannelHandlerContext.java:442) ~[netty-transport-4.1.128.Final.jar!/:4.1.128.Final]
		at io.netty.channel.AbstractChannelHandlerContext.invokeChannelRead(AbstractChannelHandlerContext.java:420) ~[netty-transport-4.1.128.Final.jar!/:4.1.128.Final]
		at io.netty.channel.AbstractChannelHandlerContext.fireChannelRead(AbstractChannelHandlerContext.java:412) ~[netty-transport-4.1.128.Final.jar!/:4.1.128.Final]
		at io.netty.channel.DefaultChannelPipeline$HeadContext.channelRead(DefaultChannelPipeline.java:1357) ~[netty-transport-4.1.128.Final.jar!/:4.1.128.Final]
		at io.netty.channel.AbstractChannelHandlerContext.invokeChannelRead(AbstractChannelHandlerContext.java:440) ~[netty-transport-4.1.128.Final.jar!/:4.1.128.Final]
		at io.netty.channel.AbstractChannelHandlerContext.invokeChannelRead(AbstractChannelHandlerContext.java:420) ~[netty-transport-4.1.128.Final.jar!/:4.1.128.Final]
		at io.netty.channel.DefaultChannelPipeline.fireChannelRead(DefaultChannelPipeline.java:868) ~[netty-transport-4.1.128.Final.jar!/:4.1.128.Final]
		at io.netty.channel.nio.AbstractNioByteChannel$NioByteUnsafe.read(AbstractNioByteChannel.java:166) ~[netty-transport-4.1.128.Final.jar!/:4.1.128.Final]
		at io.netty.channel.nio.NioEventLoop.processSelectedKey(NioEventLoop.java:796) ~[netty-transport-4.1.128.Final.jar!/:4.1.128.Final]
		at io.netty.channel.nio.NioEventLoop.processSelectedKeysOptimized(NioEventLoop.java:732) ~[netty-transport-4.1.128.Final.jar!/:4.1.128.Final]
		at io.netty.channel.nio.NioEventLoop.processSelectedKeys(NioEventLoop.java:658) ~[netty-transport-4.1.128.Final.jar!/:4.1.128.Final]
		at io.netty.channel.nio.NioEventLoop.run(NioEventLoop.java:562) ~[netty-transport-4.1.128.Final.jar!/:4.1.128.Final]
		at io.netty.util.concurrent.SingleThreadEventExecutor$4.run(SingleThreadEventExecutor.java:998) ~[netty-common-4.1.128.Final.jar!/:4.1.128.Final]
		at io.netty.util.internal.ThreadExecutorMap$2.run(ThreadExecutorMap.java:74) ~[netty-common-4.1.128.Final.jar!/:4.1.128.Final]
		at io.netty.util.concurrent.FastThreadLocalRunnable.run(FastThreadLocalRunnable.java:30) ~[netty-common-4.1.128.Final.jar!/:4.1.128.Final]
		at java.base/java.lang.Thread.run(Thread.java:842) ~[na:na]

2026-02-13T12:58:20.115+08:00  INFO 17749 --- [nio-8081-exec-9] c.a.c.a.examples.chatbot.AuthController  : Login request for email: john@example.com
2026-02-13T12:58:20.116+08:00  INFO 17749 --- [nio-8081-exec-9] c.a.c.a.e.chatbot.AdminApiService        : Attempting login for user: john@example.com
2026-02-13T12:58:20.126+08:00 ERROR 17749 --- [ctor-http-nio-3] c.a.c.a.e.chatbot.AdminApiService        : Login failed for: john@example.com

org.springframework.web.reactive.function.client.WebClientResponseException$Unauthorized: 401 Unauthorized from POST http://localhost:8080/console/v1/chatbot/login
	at org.springframework.web.reactive.function.client.WebClientResponseException.create(WebClientResponseException.java:322) ~[spring-webflux-6.2.12.jar!/:6.2.12]
	Suppressed: reactor.core.publisher.FluxOnAssembly$OnAssemblyException: 
Error has been observed at the following site(s):
	*__checkpoint ⇢ 401 UNAUTHORIZED from POST http://localhost:8080/console/v1/chatbot/login [DefaultWebClient]
Original Stack Trace:
		at org.springframework.web.reactive.function.client.WebClientResponseException.create(WebClientResponseException.java:322) ~[spring-webflux-6.2.12.jar!/:6.2.12]
		at org.springframework.web.reactive.function.client.DefaultClientResponse.lambda$createException$1(DefaultClientResponse.java:214) ~[spring-webflux-6.2.12.jar!/:6.2.12]
		at reactor.core.publisher.FluxMap$MapSubscriber.onNext(FluxMap.java:106) ~[reactor-core-3.7.12.jar!/:3.7.12]
		at reactor.core.publisher.FluxOnErrorReturn$ReturnSubscriber.onNext(FluxOnErrorReturn.java:162) ~[reactor-core-3.7.12.jar!/:3.7.12]
		at reactor.core.publisher.FluxDefaultIfEmpty$DefaultIfEmptySubscriber.onNext(FluxDefaultIfEmpty.java:122) ~[reactor-core-3.7.12.jar!/:3.7.12]
		at reactor.core.publisher.FluxMapFuseable$MapFuseableSubscriber.onNext(FluxMapFuseable.java:129) ~[reactor-core-3.7.12.jar!/:3.7.12]
		at reactor.core.publisher.FluxContextWrite$ContextWriteSubscriber.onNext(FluxContextWrite.java:107) ~[reactor-core-3.7.12.jar!/:3.7.12]
		at reactor.core.publisher.FluxMapFuseable$MapFuseableConditionalSubscriber.onNext(FluxMapFuseable.java:299) ~[reactor-core-3.7.12.jar!/:3.7.12]
		at reactor.core.publisher.FluxFilterFuseable$FilterFuseableConditionalSubscriber.onNext(FluxFilterFuseable.java:337) ~[reactor-core-3.7.12.jar!/:3.7.12]
		at reactor.core.publisher.Operators$BaseFluxToMonoOperator.completePossiblyEmpty(Operators.java:2096) ~[reactor-core-3.7.12.jar!/:3.7.12]
		at reactor.core.publisher.MonoCollect$CollectSubscriber.onComplete(MonoCollect.java:145) ~[reactor-core-3.7.12.jar!/:3.7.12]
		at reactor.core.publisher.FluxMap$MapSubscriber.onComplete(FluxMap.java:144) ~[reactor-core-3.7.12.jar!/:3.7.12]
		at reactor.core.publisher.FluxPeek$PeekSubscriber.onComplete(FluxPeek.java:260) ~[reactor-core-3.7.12.jar!/:3.7.12]
		at reactor.core.publisher.FluxMap$MapSubscriber.onComplete(FluxMap.java:144) ~[reactor-core-3.7.12.jar!/:3.7.12]
		at reactor.netty.channel.FluxReceive.onInboundComplete(FluxReceive.java:413) ~[reactor-netty-core-1.2.11.jar!/:1.2.11]
		at reactor.netty.channel.ChannelOperations.onInboundComplete(ChannelOperations.java:464) ~[reactor-netty-core-1.2.11.jar!/:1.2.11]
		at reactor.netty.channel.ChannelOperations.terminate(ChannelOperations.java:518) ~[reactor-netty-core-1.2.11.jar!/:1.2.11]
		at reactor.netty.http.client.HttpClientOperations.onInboundNext(HttpClientOperations.java:925) ~[reactor-netty-http-1.2.11.jar!/:1.2.11]
		at reactor.netty.channel.ChannelOperationsHandler.channelRead(ChannelOperationsHandler.java:115) ~[reactor-netty-core-1.2.11.jar!/:1.2.11]
		at io.netty.channel.AbstractChannelHandlerContext.invokeChannelRead(AbstractChannelHandlerContext.java:444) ~[netty-transport-4.1.128.Final.jar!/:4.1.128.Final]
		at io.netty.channel.AbstractChannelHandlerContext.invokeChannelRead(AbstractChannelHandlerContext.java:420) ~[netty-transport-4.1.128.Final.jar!/:4.1.128.Final]
		at io.netty.channel.AbstractChannelHandlerContext.fireChannelRead(AbstractChannelHandlerContext.java:412) ~[netty-transport-4.1.128.Final.jar!/:4.1.128.Final]
		at io.netty.handler.codec.http.HttpContentDecoder.decode(HttpContentDecoder.java:166) ~[netty-codec-http-4.1.128.Final.jar!/:4.1.128.Final]
		at io.netty.handler.codec.http.HttpContentDecoder.decode(HttpContentDecoder.java:48) ~[netty-codec-http-4.1.128.Final.jar!/:4.1.128.Final]
		at io.netty.handler.codec.MessageToMessageDecoder.channelRead(MessageToMessageDecoder.java:91) ~[netty-codec-4.1.128.Final.jar!/:4.1.128.Final]
		at io.netty.channel.AbstractChannelHandlerContext.invokeChannelRead(AbstractChannelHandlerContext.java:444) ~[netty-transport-4.1.128.Final.jar!/:4.1.128.Final]
		at io.netty.channel.AbstractChannelHandlerContext.invokeChannelRead(AbstractChannelHandlerContext.java:420) ~[netty-transport-4.1.128.Final.jar!/:4.1.128.Final]
		at io.netty.channel.AbstractChannelHandlerContext.fireChannelRead(AbstractChannelHandlerContext.java:412) ~[netty-transport-4.1.128.Final.jar!/:4.1.128.Final]
		at io.netty.channel.CombinedChannelDuplexHandler$DelegatingChannelHandlerContext.fireChannelRead(CombinedChannelDuplexHandler.java:436) ~[netty-transport-4.1.128.Final.jar!/:4.1.128.Final]
		at io.netty.handler.codec.ByteToMessageDecoder.fireChannelRead(ByteToMessageDecoder.java:346) ~[netty-codec-4.1.128.Final.jar!/:4.1.128.Final]
		at io.netty.handler.codec.ByteToMessageDecoder.channelRead(ByteToMessageDecoder.java:318) ~[netty-codec-4.1.128.Final.jar!/:4.1.128.Final]
		at io.netty.channel.CombinedChannelDuplexHandler.channelRead(CombinedChannelDuplexHandler.java:251) ~[netty-transport-4.1.128.Final.jar!/:4.1.128.Final]
		at io.netty.channel.AbstractChannelHandlerContext.invokeChannelRead(AbstractChannelHandlerContext.java:442) ~[netty-transport-4.1.128.Final.jar!/:4.1.128.Final]
		at io.netty.channel.AbstractChannelHandlerContext.invokeChannelRead(AbstractChannelHandlerContext.java:420) ~[netty-transport-4.1.128.Final.jar!/:4.1.128.Final]
		at io.netty.channel.AbstractChannelHandlerContext.fireChannelRead(AbstractChannelHandlerContext.java:412) ~[netty-transport-4.1.128.Final.jar!/:4.1.128.Final]
		at io.netty.channel.DefaultChannelPipeline$HeadContext.channelRead(DefaultChannelPipeline.java:1357) ~[netty-transport-4.1.128.Final.jar!/:4.1.128.Final]
		at io.netty.channel.AbstractChannelHandlerContext.invokeChannelRead(AbstractChannelHandlerContext.java:440) ~[netty-transport-4.1.128.Final.jar!/:4.1.128.Final]
		at io.netty.channel.AbstractChannelHandlerContext.invokeChannelRead(AbstractChannelHandlerContext.java:420) ~[netty-transport-4.1.128.Final.jar!/:4.1.128.Final]
		at io.netty.channel.DefaultChannelPipeline.fireChannelRead(DefaultChannelPipeline.java:868) ~[netty-transport-4.1.128.Final.jar!/:4.1.128.Final]
		at io.netty.channel.nio.AbstractNioByteChannel$NioByteUnsafe.read(AbstractNioByteChannel.java:166) ~[netty-transport-4.1.128.Final.jar!/:4.1.128.Final]
		at io.netty.channel.nio.NioEventLoop.processSelectedKey(NioEventLoop.java:796) ~[netty-transport-4.1.128.Final.jar!/:4.1.128.Final]
		at io.netty.channel.nio.NioEventLoop.processSelectedKeysOptimized(NioEventLoop.java:732) ~[netty-transport-4.1.128.Final.jar!/:4.1.128.Final]
		at io.netty.channel.nio.NioEventLoop.processSelectedKeys(NioEventLoop.java:658) ~[netty-transport-4.1.128.Final.jar!/:4.1.128.Final]
		at io.netty.channel.nio.NioEventLoop.run(NioEventLoop.java:562) ~[netty-transport-4.1.128.Final.jar!/:4.1.128.Final]
		at io.netty.util.concurrent.SingleThreadEventExecutor$4.run(SingleThreadEventExecutor.java:998) ~[netty-common-4.1.128.Final.jar!/:4.1.128.Final]
		at io.netty.util.internal.ThreadExecutorMap$2.run(ThreadExecutorMap.java:74) ~[netty-common-4.1.128.Final.jar!/:4.1.128.Final]
		at io.netty.util.concurrent.FastThreadLocalRunnable.run(FastThreadLocalRunnable.java:30) ~[netty-common-4.1.128.Final.jar!/:4.1.128.Final]
		at java.base/java.lang.Thread.run(Thread.java:842) ~[na:na]

2026-02-13T12:58:20.128+08:00 ERROR 17749 --- [ctor-http-nio-3] c.a.c.a.examples.chatbot.AuthController  : Login failed

org.springframework.web.reactive.function.client.WebClientResponseException$Unauthorized: 401 Unauthorized from POST http://localhost:8080/console/v1/chatbot/login
	at org.springframework.web.reactive.function.client.WebClientResponseException.create(WebClientResponseException.java:322) ~[spring-webflux-6.2.12.jar!/:6.2.12]
	Suppressed: reactor.core.publisher.FluxOnAssembly$OnAssemblyException: 
Error has been observed at the following site(s):
	*__checkpoint ⇢ 401 UNAUTHORIZED from POST http://localhost:8080/console/v1/chatbot/login [DefaultWebClient]
Original Stack Trace:
		at org.springframework.web.reactive.function.client.WebClientResponseException.create(WebClientResponseException.java:322) ~[spring-webflux-6.2.12.jar!/:6.2.12]
		at org.springframework.web.reactive.function.client.DefaultClientResponse.lambda$createException$1(DefaultClientResponse.java:214) ~[spring-webflux-6.2.12.jar!/:6.2.12]
		at reactor.core.publisher.FluxMap$MapSubscriber.onNext(FluxMap.java:106) ~[reactor-core-3.7.12.jar!/:3.7.12]
		at reactor.core.publisher.FluxOnErrorReturn$ReturnSubscriber.onNext(FluxOnErrorReturn.java:162) ~[reactor-core-3.7.12.jar!/:3.7.12]
		at reactor.core.publisher.FluxDefaultIfEmpty$DefaultIfEmptySubscriber.onNext(FluxDefaultIfEmpty.java:122) ~[reactor-core-3.7.12.jar!/:3.7.12]
		at reactor.core.publisher.FluxMapFuseable$MapFuseableSubscriber.onNext(FluxMapFuseable.java:129) ~[reactor-core-3.7.12.jar!/:3.7.12]
		at reactor.core.publisher.FluxContextWrite$ContextWriteSubscriber.onNext(FluxContextWrite.java:107) ~[reactor-core-3.7.12.jar!/:3.7.12]
		at reactor.core.publisher.FluxMapFuseable$MapFuseableConditionalSubscriber.onNext(FluxMapFuseable.java:299) ~[reactor-core-3.7.12.jar!/:3.7.12]
		at reactor.core.publisher.FluxFilterFuseable$FilterFuseableConditionalSubscriber.onNext(FluxFilterFuseable.java:337) ~[reactor-core-3.7.12.jar!/:3.7.12]
		at reactor.core.publisher.Operators$BaseFluxToMonoOperator.completePossiblyEmpty(Operators.java:2096) ~[reactor-core-3.7.12.jar!/:3.7.12]
		at reactor.core.publisher.MonoCollect$CollectSubscriber.onComplete(MonoCollect.java:145) ~[reactor-core-3.7.12.jar!/:3.7.12]
		at reactor.core.publisher.FluxMap$MapSubscriber.onComplete(FluxMap.java:144) ~[reactor-core-3.7.12.jar!/:3.7.12]
		at reactor.core.publisher.FluxPeek$PeekSubscriber.onComplete(FluxPeek.java:260) ~[reactor-core-3.7.12.jar!/:3.7.12]
		at reactor.core.publisher.FluxMap$MapSubscriber.onComplete(FluxMap.java:144) ~[reactor-core-3.7.12.jar!/:3.7.12]
		at reactor.netty.channel.FluxReceive.onInboundComplete(FluxReceive.java:413) ~[reactor-netty-core-1.2.11.jar!/:1.2.11]
		at reactor.netty.channel.ChannelOperations.onInboundComplete(ChannelOperations.java:464) ~[reactor-netty-core-1.2.11.jar!/:1.2.11]
		at reactor.netty.channel.ChannelOperations.terminate(ChannelOperations.java:518) ~[reactor-netty-core-1.2.11.jar!/:1.2.11]
		at reactor.netty.http.client.HttpClientOperations.onInboundNext(HttpClientOperations.java:925) ~[reactor-netty-http-1.2.11.jar!/:1.2.11]
		at reactor.netty.channel.ChannelOperationsHandler.channelRead(ChannelOperationsHandler.java:115) ~[reactor-netty-core-1.2.11.jar!/:1.2.11]
		at io.netty.channel.AbstractChannelHandlerContext.invokeChannelRead(AbstractChannelHandlerContext.java:444) ~[netty-transport-4.1.128.Final.jar!/:4.1.128.Final]
		at io.netty.channel.AbstractChannelHandlerContext.invokeChannelRead(AbstractChannelHandlerContext.java:420) ~[netty-transport-4.1.128.Final.jar!/:4.1.128.Final]
		at io.netty.channel.AbstractChannelHandlerContext.fireChannelRead(AbstractChannelHandlerContext.java:412) ~[netty-transport-4.1.128.Final.jar!/:4.1.128.Final]
		at io.netty.handler.codec.http.HttpContentDecoder.decode(HttpContentDecoder.java:166) ~[netty-codec-http-4.1.128.Final.jar!/:4.1.128.Final]
		at io.netty.handler.codec.http.HttpContentDecoder.decode(HttpContentDecoder.java:48) ~[netty-codec-http-4.1.128.Final.jar!/:4.1.128.Final]
		at io.netty.handler.codec.MessageToMessageDecoder.channelRead(MessageToMessageDecoder.java:91) ~[netty-codec-4.1.128.Final.jar!/:4.1.128.Final]
		at io.netty.channel.AbstractChannelHandlerContext.invokeChannelRead(AbstractChannelHandlerContext.java:444) ~[netty-transport-4.1.128.Final.jar!/:4.1.128.Final]
		at io.netty.channel.AbstractChannelHandlerContext.invokeChannelRead(AbstractChannelHandlerContext.java:420) ~[netty-transport-4.1.128.Final.jar!/:4.1.128.Final]
		at io.netty.channel.AbstractChannelHandlerContext.fireChannelRead(AbstractChannelHandlerContext.java:412) ~[netty-transport-4.1.128.Final.jar!/:4.1.128.Final]
		at io.netty.channel.CombinedChannelDuplexHandler$DelegatingChannelHandlerContext.fireChannelRead(CombinedChannelDuplexHandler.java:436) ~[netty-transport-4.1.128.Final.jar!/:4.1.128.Final]
		at io.netty.handler.codec.ByteToMessageDecoder.fireChannelRead(ByteToMessageDecoder.java:346) ~[netty-codec-4.1.128.Final.jar!/:4.1.128.Final]
		at io.netty.handler.codec.ByteToMessageDecoder.channelRead(ByteToMessageDecoder.java:318) ~[netty-codec-4.1.128.Final.jar!/:4.1.128.Final]
		at io.netty.channel.CombinedChannelDuplexHandler.channelRead(CombinedChannelDuplexHandler.java:251) ~[netty-transport-4.1.128.Final.jar!/:4.1.128.Final]
		at io.netty.channel.AbstractChannelHandlerContext.invokeChannelRead(AbstractChannelHandlerContext.java:442) ~[netty-transport-4.1.128.Final.jar!/:4.1.128.Final]
		at io.netty.channel.AbstractChannelHandlerContext.invokeChannelRead(AbstractChannelHandlerContext.java:420) ~[netty-transport-4.1.128.Final.jar!/:4.1.128.Final]
		at io.netty.channel.AbstractChannelHandlerContext.fireChannelRead(AbstractChannelHandlerContext.java:412) ~[netty-transport-4.1.128.Final.jar!/:4.1.128.Final]
		at io.netty.channel.DefaultChannelPipeline$HeadContext.channelRead(DefaultChannelPipeline.java:1357) ~[netty-transport-4.1.128.Final.jar!/:4.1.128.Final]
		at io.netty.channel.AbstractChannelHandlerContext.invokeChannelRead(AbstractChannelHandlerContext.java:440) ~[netty-transport-4.1.128.Final.jar!/:4.1.128.Final]
		at io.netty.channel.AbstractChannelHandlerContext.invokeChannelRead(AbstractChannelHandlerContext.java:420) ~[netty-transport-4.1.128.Final.jar!/:4.1.128.Final]
		at io.netty.channel.DefaultChannelPipeline.fireChannelRead(DefaultChannelPipeline.java:868) ~[netty-transport-4.1.128.Final.jar!/:4.1.128.Final]
		at io.netty.channel.nio.AbstractNioByteChannel$NioByteUnsafe.read(AbstractNioByteChannel.java:166) ~[netty-transport-4.1.128.Final.jar!/:4.1.128.Final]
		at io.netty.channel.nio.NioEventLoop.processSelectedKey(NioEventLoop.java:796) ~[netty-transport-4.1.128.Final.jar!/:4.1.128.Final]
		at io.netty.channel.nio.NioEventLoop.processSelectedKeysOptimized(NioEventLoop.java:732) ~[netty-transport-4.1.128.Final.jar!/:4.1.128.Final]
		at io.netty.channel.nio.NioEventLoop.processSelectedKeys(NioEventLoop.java:658) ~[netty-transport-4.1.128.Final.jar!/:4.1.128.Final]
		at io.netty.channel.nio.NioEventLoop.run(NioEventLoop.java:562) ~[netty-transport-4.1.128.Final.jar!/:4.1.128.Final]
		at io.netty.util.concurrent.SingleThreadEventExecutor$4.run(SingleThreadEventExecutor.java:998) ~[netty-common-4.1.128.Final.jar!/:4.1.128.Final]
		at io.netty.util.internal.ThreadExecutorMap$2.run(ThreadExecutorMap.java:74) ~[netty-common-4.1.128.Final.jar!/:4.1.128.Final]
		at io.netty.util.concurrent.FastThreadLocalRunnable.run(FastThreadLocalRunnable.java:30) ~[netty-common-4.1.128.Final.jar!/:4.1.128.Final]
		at java.base/java.lang.Thread.run(Thread.java:842) ~[na:na]

2026-02-13T12:58:40.813+08:00  INFO 17749 --- [nio-8081-exec-2] c.a.c.a.examples.chatbot.AuthController  : Login request for email: john@example.com
2026-02-13T12:58:40.814+08:00  INFO 17749 --- [nio-8081-exec-2] c.a.c.a.e.chatbot.AdminApiService        : Attempting login for user: john@example.com
2026-02-13T12:58:40.828+08:00 ERROR 17749 --- [ctor-http-nio-3] c.a.c.a.e.chatbot.AdminApiService        : Login failed for: john@example.com

org.springframework.web.reactive.function.client.WebClientResponseException$Unauthorized: 401 Unauthorized from POST http://localhost:8080/console/v1/chatbot/login
	at org.springframework.web.reactive.function.client.WebClientResponseException.create(WebClientResponseException.java:322) ~[spring-webflux-6.2.12.jar!/:6.2.12]
	Suppressed: reactor.core.publisher.FluxOnAssembly$OnAssemblyException: 
Error has been observed at the following site(s):
	*__checkpoint ⇢ 401 UNAUTHORIZED from POST http://localhost:8080/console/v1/chatbot/login [DefaultWebClient]
Original Stack Trace:
		at org.springframework.web.reactive.function.client.WebClientResponseException.create(WebClientResponseException.java:322) ~[spring-webflux-6.2.12.jar!/:6.2.12]
		at org.springframework.web.reactive.function.client.DefaultClientResponse.lambda$createException$1(DefaultClientResponse.java:214) ~[spring-webflux-6.2.12.jar!/:6.2.12]
		at reactor.core.publisher.FluxMap$MapSubscriber.onNext(FluxMap.java:106) ~[reactor-core-3.7.12.jar!/:3.7.12]
		at reactor.core.publisher.FluxOnErrorReturn$ReturnSubscriber.onNext(FluxOnErrorReturn.java:162) ~[reactor-core-3.7.12.jar!/:3.7.12]
		at reactor.core.publisher.FluxDefaultIfEmpty$DefaultIfEmptySubscriber.onNext(FluxDefaultIfEmpty.java:122) ~[reactor-core-3.7.12.jar!/:3.7.12]
		at reactor.core.publisher.FluxMapFuseable$MapFuseableSubscriber.onNext(FluxMapFuseable.java:129) ~[reactor-core-3.7.12.jar!/:3.7.12]
		at reactor.core.publisher.FluxContextWrite$ContextWriteSubscriber.onNext(FluxContextWrite.java:107) ~[reactor-core-3.7.12.jar!/:3.7.12]
		at reactor.core.publisher.FluxMapFuseable$MapFuseableConditionalSubscriber.onNext(FluxMapFuseable.java:299) ~[reactor-core-3.7.12.jar!/:3.7.12]
		at reactor.core.publisher.FluxFilterFuseable$FilterFuseableConditionalSubscriber.onNext(FluxFilterFuseable.java:337) ~[reactor-core-3.7.12.jar!/:3.7.12]
		at reactor.core.publisher.Operators$BaseFluxToMonoOperator.completePossiblyEmpty(Operators.java:2096) ~[reactor-core-3.7.12.jar!/:3.7.12]
		at reactor.core.publisher.MonoCollect$CollectSubscriber.onComplete(MonoCollect.java:145) ~[reactor-core-3.7.12.jar!/:3.7.12]
		at reactor.core.publisher.FluxMap$MapSubscriber.onComplete(FluxMap.java:144) ~[reactor-core-3.7.12.jar!/:3.7.12]
		at reactor.core.publisher.FluxPeek$PeekSubscriber.onComplete(FluxPeek.java:260) ~[reactor-core-3.7.12.jar!/:3.7.12]
		at reactor.core.publisher.FluxMap$MapSubscriber.onComplete(FluxMap.java:144) ~[reactor-core-3.7.12.jar!/:3.7.12]
		at reactor.netty.channel.FluxReceive.onInboundComplete(FluxReceive.java:413) ~[reactor-netty-core-1.2.11.jar!/:1.2.11]
		at reactor.netty.channel.ChannelOperations.onInboundComplete(ChannelOperations.java:464) ~[reactor-netty-core-1.2.11.jar!/:1.2.11]
		at reactor.netty.channel.ChannelOperations.terminate(ChannelOperations.java:518) ~[reactor-netty-core-1.2.11.jar!/:1.2.11]
		at reactor.netty.http.client.HttpClientOperations.onInboundNext(HttpClientOperations.java:925) ~[reactor-netty-http-1.2.11.jar!/:1.2.11]
		at reactor.netty.channel.ChannelOperationsHandler.channelRead(ChannelOperationsHandler.java:115) ~[reactor-netty-core-1.2.11.jar!/:1.2.11]
		at io.netty.channel.AbstractChannelHandlerContext.invokeChannelRead(AbstractChannelHandlerContext.java:444) ~[netty-transport-4.1.128.Final.jar!/:4.1.128.Final]
		at io.netty.channel.AbstractChannelHandlerContext.invokeChannelRead(AbstractChannelHandlerContext.java:420) ~[netty-transport-4.1.128.Final.jar!/:4.1.128.Final]
		at io.netty.channel.AbstractChannelHandlerContext.fireChannelRead(AbstractChannelHandlerContext.java:412) ~[netty-transport-4.1.128.Final.jar!/:4.1.128.Final]
		at io.netty.handler.codec.http.HttpContentDecoder.decode(HttpContentDecoder.java:166) ~[netty-codec-http-4.1.128.Final.jar!/:4.1.128.Final]
		at io.netty.handler.codec.http.HttpContentDecoder.decode(HttpContentDecoder.java:48) ~[netty-codec-http-4.1.128.Final.jar!/:4.1.128.Final]
		at io.netty.handler.codec.MessageToMessageDecoder.channelRead(MessageToMessageDecoder.java:91) ~[netty-codec-4.1.128.Final.jar!/:4.1.128.Final]
		at io.netty.channel.AbstractChannelHandlerContext.invokeChannelRead(AbstractChannelHandlerContext.java:444) ~[netty-transport-4.1.128.Final.jar!/:4.1.128.Final]
		at io.netty.channel.AbstractChannelHandlerContext.invokeChannelRead(AbstractChannelHandlerContext.java:420) ~[netty-transport-4.1.128.Final.jar!/:4.1.128.Final]
		at io.netty.channel.AbstractChannelHandlerContext.fireChannelRead(AbstractChannelHandlerContext.java:412) ~[netty-transport-4.1.128.Final.jar!/:4.1.128.Final]
		at io.netty.channel.CombinedChannelDuplexHandler$DelegatingChannelHandlerContext.fireChannelRead(CombinedChannelDuplexHandler.java:436) ~[netty-transport-4.1.128.Final.jar!/:4.1.128.Final]
		at io.netty.handler.codec.ByteToMessageDecoder.fireChannelRead(ByteToMessageDecoder.java:346) ~[netty-codec-4.1.128.Final.jar!/:4.1.128.Final]
		at io.netty.handler.codec.ByteToMessageDecoder.channelRead(ByteToMessageDecoder.java:318) ~[netty-codec-4.1.128.Final.jar!/:4.1.128.Final]
		at io.netty.channel.CombinedChannelDuplexHandler.channelRead(CombinedChannelDuplexHandler.java:251) ~[netty-transport-4.1.128.Final.jar!/:4.1.128.Final]
		at io.netty.channel.AbstractChannelHandlerContext.invokeChannelRead(AbstractChannelHandlerContext.java:442) ~[netty-transport-4.1.128.Final.jar!/:4.1.128.Final]
		at io.netty.channel.AbstractChannelHandlerContext.invokeChannelRead(AbstractChannelHandlerContext.java:420) ~[netty-transport-4.1.128.Final.jar!/:4.1.128.Final]
		at io.netty.channel.AbstractChannelHandlerContext.fireChannelRead(AbstractChannelHandlerContext.java:412) ~[netty-transport-4.1.128.Final.jar!/:4.1.128.Final]
		at io.netty.channel.DefaultChannelPipeline$HeadContext.channelRead(DefaultChannelPipeline.java:1357) ~[netty-transport-4.1.128.Final.jar!/:4.1.128.Final]
		at io.netty.channel.AbstractChannelHandlerContext.invokeChannelRead(AbstractChannelHandlerContext.java:440) ~[netty-transport-4.1.128.Final.jar!/:4.1.128.Final]
		at io.netty.channel.AbstractChannelHandlerContext.invokeChannelRead(AbstractChannelHandlerContext.java:420) ~[netty-transport-4.1.128.Final.jar!/:4.1.128.Final]
		at io.netty.channel.DefaultChannelPipeline.fireChannelRead(DefaultChannelPipeline.java:868) ~[netty-transport-4.1.128.Final.jar!/:4.1.128.Final]
		at io.netty.channel.nio.AbstractNioByteChannel$NioByteUnsafe.read(AbstractNioByteChannel.java:166) ~[netty-transport-4.1.128.Final.jar!/:4.1.128.Final]
		at io.netty.channel.nio.NioEventLoop.processSelectedKey(NioEventLoop.java:796) ~[netty-transport-4.1.128.Final.jar!/:4.1.128.Final]
		at io.netty.channel.nio.NioEventLoop.processSelectedKeysOptimized(NioEventLoop.java:732) ~[netty-transport-4.1.128.Final.jar!/:4.1.128.Final]
		at io.netty.channel.nio.NioEventLoop.processSelectedKeys(NioEventLoop.java:658) ~[netty-transport-4.1.128.Final.jar!/:4.1.128.Final]
		at io.netty.channel.nio.NioEventLoop.run(NioEventLoop.java:562) ~[netty-transport-4.1.128.Final.jar!/:4.1.128.Final]
		at io.netty.util.concurrent.SingleThreadEventExecutor$4.run(SingleThreadEventExecutor.java:998) ~[netty-common-4.1.128.Final.jar!/:4.1.128.Final]
		at io.netty.util.internal.ThreadExecutorMap$2.run(ThreadExecutorMap.java:74) ~[netty-common-4.1.128.Final.jar!/:4.1.128.Final]
		at io.netty.util.concurrent.FastThreadLocalRunnable.run(FastThreadLocalRunnable.java:30) ~[netty-common-4.1.128.Final.jar!/:4.1.128.Final]
		at java.base/java.lang.Thread.run(Thread.java:842) ~[na:na]

2026-02-13T12:58:40.830+08:00 ERROR 17749 --- [ctor-http-nio-3] c.a.c.a.examples.chatbot.AuthController  : Login failed

org.springframework.web.reactive.function.client.WebClientResponseException$Unauthorized: 401 Unauthorized from POST http://localhost:8080/console/v1/chatbot/login
	at org.springframework.web.reactive.function.client.WebClientResponseException.create(WebClientResponseException.java:322) ~[spring-webflux-6.2.12.jar!/:6.2.12]
	Suppressed: reactor.core.publisher.FluxOnAssembly$OnAssemblyException: 
Error has been observed at the following site(s):
	*__checkpoint ⇢ 401 UNAUTHORIZED from POST http://localhost:8080/console/v1/chatbot/login [DefaultWebClient]
Original Stack Trace:
		at org.springframework.web.reactive.function.client.WebClientResponseException.create(WebClientResponseException.java:322) ~[spring-webflux-6.2.12.jar!/:6.2.12]
		at org.springframework.web.reactive.function.client.DefaultClientResponse.lambda$createException$1(DefaultClientResponse.java:214) ~[spring-webflux-6.2.12.jar!/:6.2.12]
		at reactor.core.publisher.FluxMap$MapSubscriber.onNext(FluxMap.java:106) ~[reactor-core-3.7.12.jar!/:3.7.12]
		at reactor.core.publisher.FluxOnErrorReturn$ReturnSubscriber.onNext(FluxOnErrorReturn.java:162) ~[reactor-core-3.7.12.jar!/:3.7.12]
		at reactor.core.publisher.FluxDefaultIfEmpty$DefaultIfEmptySubscriber.onNext(FluxDefaultIfEmpty.java:122) ~[reactor-core-3.7.12.jar!/:3.7.12]
		at reactor.core.publisher.FluxMapFuseable$MapFuseableSubscriber.onNext(FluxMapFuseable.java:129) ~[reactor-core-3.7.12.jar!/:3.7.12]
		at reactor.core.publisher.FluxContextWrite$ContextWriteSubscriber.onNext(FluxContextWrite.java:107) ~[reactor-core-3.7.12.jar!/:3.7.12]
		at reactor.core.publisher.FluxMapFuseable$MapFuseableConditionalSubscriber.onNext(FluxMapFuseable.java:299) ~[reactor-core-3.7.12.jar!/:3.7.12]
		at reactor.core.publisher.FluxFilterFuseable$FilterFuseableConditionalSubscriber.onNext(FluxFilterFuseable.java:337) ~[reactor-core-3.7.12.jar!/:3.7.12]
		at reactor.core.publisher.Operators$BaseFluxToMonoOperator.completePossiblyEmpty(Operators.java:2096) ~[reactor-core-3.7.12.jar!/:3.7.12]
		at reactor.core.publisher.MonoCollect$CollectSubscriber.onComplete(MonoCollect.java:145) ~[reactor-core-3.7.12.jar!/:3.7.12]
		at reactor.core.publisher.FluxMap$MapSubscriber.onComplete(FluxMap.java:144) ~[reactor-core-3.7.12.jar!/:3.7.12]
		at reactor.core.publisher.FluxPeek$PeekSubscriber.onComplete(FluxPeek.java:260) ~[reactor-core-3.7.12.jar!/:3.7.12]
		at reactor.core.publisher.FluxMap$MapSubscriber.onComplete(FluxMap.java:144) ~[reactor-core-3.7.12.jar!/:3.7.12]
		at reactor.netty.channel.FluxReceive.onInboundComplete(FluxReceive.java:413) ~[reactor-netty-core-1.2.11.jar!/:1.2.11]
		at reactor.netty.channel.ChannelOperations.onInboundComplete(ChannelOperations.java:464) ~[reactor-netty-core-1.2.11.jar!/:1.2.11]
		at reactor.netty.channel.ChannelOperations.terminate(ChannelOperations.java:518) ~[reactor-netty-core-1.2.11.jar!/:1.2.11]
		at reactor.netty.http.client.HttpClientOperations.onInboundNext(HttpClientOperations.java:925) ~[reactor-netty-http-1.2.11.jar!/:1.2.11]
		at reactor.netty.channel.ChannelOperationsHandler.channelRead(ChannelOperationsHandler.java:115) ~[reactor-netty-core-1.2.11.jar!/:1.2.11]
		at io.netty.channel.AbstractChannelHandlerContext.invokeChannelRead(AbstractChannelHandlerContext.java:444) ~[netty-transport-4.1.128.Final.jar!/:4.1.128.Final]
		at io.netty.channel.AbstractChannelHandlerContext.invokeChannelRead(AbstractChannelHandlerContext.java:420) ~[netty-transport-4.1.128.Final.jar!/:4.1.128.Final]
		at io.netty.channel.AbstractChannelHandlerContext.fireChannelRead(AbstractChannelHandlerContext.java:412) ~[netty-transport-4.1.128.Final.jar!/:4.1.128.Final]
		at io.netty.handler.codec.http.HttpContentDecoder.decode(HttpContentDecoder.java:166) ~[netty-codec-http-4.1.128.Final.jar!/:4.1.128.Final]
		at io.netty.handler.codec.http.HttpContentDecoder.decode(HttpContentDecoder.java:48) ~[netty-codec-http-4.1.128.Final.jar!/:4.1.128.Final]
		at io.netty.handler.codec.MessageToMessageDecoder.channelRead(MessageToMessageDecoder.java:91) ~[netty-codec-4.1.128.Final.jar!/:4.1.128.Final]
		at io.netty.channel.AbstractChannelHandlerContext.invokeChannelRead(AbstractChannelHandlerContext.java:444) ~[netty-transport-4.1.128.Final.jar!/:4.1.128.Final]
		at io.netty.channel.AbstractChannelHandlerContext.invokeChannelRead(AbstractChannelHandlerContext.java:420) ~[netty-transport-4.1.128.Final.jar!/:4.1.128.Final]
		at io.netty.channel.AbstractChannelHandlerContext.fireChannelRead(AbstractChannelHandlerContext.java:412) ~[netty-transport-4.1.128.Final.jar!/:4.1.128.Final]
		at io.netty.channel.CombinedChannelDuplexHandler$DelegatingChannelHandlerContext.fireChannelRead(CombinedChannelDuplexHandler.java:436) ~[netty-transport-4.1.128.Final.jar!/:4.1.128.Final]
		at io.netty.handler.codec.ByteToMessageDecoder.fireChannelRead(ByteToMessageDecoder.java:346) ~[netty-codec-4.1.128.Final.jar!/:4.1.128.Final]
		at io.netty.handler.codec.ByteToMessageDecoder.channelRead(ByteToMessageDecoder.java:318) ~[netty-codec-4.1.128.Final.jar!/:4.1.128.Final]
		at io.netty.channel.CombinedChannelDuplexHandler.channelRead(CombinedChannelDuplexHandler.java:251) ~[netty-transport-4.1.128.Final.jar!/:4.1.128.Final]
		at io.netty.channel.AbstractChannelHandlerContext.invokeChannelRead(AbstractChannelHandlerContext.java:442) ~[netty-transport-4.1.128.Final.jar!/:4.1.128.Final]
		at io.netty.channel.AbstractChannelHandlerContext.invokeChannelRead(AbstractChannelHandlerContext.java:420) ~[netty-transport-4.1.128.Final.jar!/:4.1.128.Final]
		at io.netty.channel.AbstractChannelHandlerContext.fireChannelRead(AbstractChannelHandlerContext.java:412) ~[netty-transport-4.1.128.Final.jar!/:4.1.128.Final]
		at io.netty.channel.DefaultChannelPipeline$HeadContext.channelRead(DefaultChannelPipeline.java:1357) ~[netty-transport-4.1.128.Final.jar!/:4.1.128.Final]
		at io.netty.channel.AbstractChannelHandlerContext.invokeChannelRead(AbstractChannelHandlerContext.java:440) ~[netty-transport-4.1.128.Final.jar!/:4.1.128.Final]
		at io.netty.channel.AbstractChannelHandlerContext.invokeChannelRead(AbstractChannelHandlerContext.java:420) ~[netty-transport-4.1.128.Final.jar!/:4.1.128.Final]
		at io.netty.channel.DefaultChannelPipeline.fireChannelRead(DefaultChannelPipeline.java:868) ~[netty-transport-4.1.128.Final.jar!/:4.1.128.Final]
		at io.netty.channel.nio.AbstractNioByteChannel$NioByteUnsafe.read(AbstractNioByteChannel.java:166) ~[netty-transport-4.1.128.Final.jar!/:4.1.128.Final]
		at io.netty.channel.nio.NioEventLoop.processSelectedKey(NioEventLoop.java:796) ~[netty-transport-4.1.128.Final.jar!/:4.1.128.Final]
		at io.netty.channel.nio.NioEventLoop.processSelectedKeysOptimized(NioEventLoop.java:732) ~[netty-transport-4.1.128.Final.jar!/:4.1.128.Final]
		at io.netty.channel.nio.NioEventLoop.processSelectedKeys(NioEventLoop.java:658) ~[netty-transport-4.1.128.Final.jar!/:4.1.128.Final]
		at io.netty.channel.nio.NioEventLoop.run(NioEventLoop.java:562) ~[netty-transport-4.1.128.Final.jar!/:4.1.128.Final]
		at io.netty.util.concurrent.SingleThreadEventExecutor$4.run(SingleThreadEventExecutor.java:998) ~[netty-common-4.1.128.Final.jar!/:4.1.128.Final]
		at io.netty.util.internal.ThreadExecutorMap$2.run(ThreadExecutorMap.java:74) ~[netty-common-4.1.128.Final.jar!/:4.1.128.Final]
		at io.netty.util.concurrent.FastThreadLocalRunnable.run(FastThreadLocalRunnable.java:30) ~[netty-common-4.1.128.Final.jar!/:4.1.128.Final]
		at java.base/java.lang.Thread.run(Thread.java:842) ~[na:na]

2026-02-13T12:59:30.615+08:00  INFO 17749 --- [nio-8081-exec-7] c.a.c.a.examples.chatbot.AuthController  : Login request for email: john@example.com
2026-02-13T12:59:30.616+08:00  INFO 17749 --- [nio-8081-exec-7] c.a.c.a.e.chatbot.AdminApiService        : Attempting login for user: john@example.com
2026-02-13T12:59:30.632+08:00 ERROR 17749 --- [ctor-http-nio-3] c.a.c.a.e.chatbot.AdminApiService        : Login failed for: john@example.com

org.springframework.web.reactive.function.client.WebClientResponseException$Unauthorized: 401 Unauthorized from POST http://localhost:8080/console/v1/chatbot/login
	at org.springframework.web.reactive.function.client.WebClientResponseException.create(WebClientResponseException.java:322) ~[spring-webflux-6.2.12.jar!/:6.2.12]
	Suppressed: reactor.core.publisher.FluxOnAssembly$OnAssemblyException: 
Error has been observed at the following site(s):
	*__checkpoint ⇢ 401 UNAUTHORIZED from POST http://localhost:8080/console/v1/chatbot/login [DefaultWebClient]
Original Stack Trace:
		at org.springframework.web.reactive.function.client.WebClientResponseException.create(WebClientResponseException.java:322) ~[spring-webflux-6.2.12.jar!/:6.2.12]
		at org.springframework.web.reactive.function.client.DefaultClientResponse.lambda$createException$1(DefaultClientResponse.java:214) ~[spring-webflux-6.2.12.jar!/:6.2.12]
		at reactor.core.publisher.FluxMap$MapSubscriber.onNext(FluxMap.java:106) ~[reactor-core-3.7.12.jar!/:3.7.12]
		at reactor.core.publisher.FluxOnErrorReturn$ReturnSubscriber.onNext(FluxOnErrorReturn.java:162) ~[reactor-core-3.7.12.jar!/:3.7.12]
		at reactor.core.publisher.FluxDefaultIfEmpty$DefaultIfEmptySubscriber.onNext(FluxDefaultIfEmpty.java:122) ~[reactor-core-3.7.12.jar!/:3.7.12]
		at reactor.core.publisher.FluxMapFuseable$MapFuseableSubscriber.onNext(FluxMapFuseable.java:129) ~[reactor-core-3.7.12.jar!/:3.7.12]
		at reactor.core.publisher.FluxContextWrite$ContextWriteSubscriber.onNext(FluxContextWrite.java:107) ~[reactor-core-3.7.12.jar!/:3.7.12]
		at reactor.core.publisher.FluxMapFuseable$MapFuseableConditionalSubscriber.onNext(FluxMapFuseable.java:299) ~[reactor-core-3.7.12.jar!/:3.7.12]
		at reactor.core.publisher.FluxFilterFuseable$FilterFuseableConditionalSubscriber.onNext(FluxFilterFuseable.java:337) ~[reactor-core-3.7.12.jar!/:3.7.12]
		at reactor.core.publisher.Operators$BaseFluxToMonoOperator.completePossiblyEmpty(Operators.java:2096) ~[reactor-core-3.7.12.jar!/:3.7.12]
		at reactor.core.publisher.MonoCollect$CollectSubscriber.onComplete(MonoCollect.java:145) ~[reactor-core-3.7.12.jar!/:3.7.12]
		at reactor.core.publisher.FluxMap$MapSubscriber.onComplete(FluxMap.java:144) ~[reactor-core-3.7.12.jar!/:3.7.12]
		at reactor.core.publisher.FluxPeek$PeekSubscriber.onComplete(FluxPeek.java:260) ~[reactor-core-3.7.12.jar!/:3.7.12]
		at reactor.core.publisher.FluxMap$MapSubscriber.onComplete(FluxMap.java:144) ~[reactor-core-3.7.12.jar!/:3.7.12]
		at reactor.netty.channel.FluxReceive.onInboundComplete(FluxReceive.java:413) ~[reactor-netty-core-1.2.11.jar!/:1.2.11]
		at reactor.netty.channel.ChannelOperations.onInboundComplete(ChannelOperations.java:464) ~[reactor-netty-core-1.2.11.jar!/:1.2.11]
		at reactor.netty.channel.ChannelOperations.terminate(ChannelOperations.java:518) ~[reactor-netty-core-1.2.11.jar!/:1.2.11]
		at reactor.netty.http.client.HttpClientOperations.onInboundNext(HttpClientOperations.java:925) ~[reactor-netty-http-1.2.11.jar!/:1.2.11]
		at reactor.netty.channel.ChannelOperationsHandler.channelRead(ChannelOperationsHandler.java:115) ~[reactor-netty-core-1.2.11.jar!/:1.2.11]
		at io.netty.channel.AbstractChannelHandlerContext.invokeChannelRead(AbstractChannelHandlerContext.java:444) ~[netty-transport-4.1.128.Final.jar!/:4.1.128.Final]
		at io.netty.channel.AbstractChannelHandlerContext.invokeChannelRead(AbstractChannelHandlerContext.java:420) ~[netty-transport-4.1.128.Final.jar!/:4.1.128.Final]
		at io.netty.channel.AbstractChannelHandlerContext.fireChannelRead(AbstractChannelHandlerContext.java:412) ~[netty-transport-4.1.128.Final.jar!/:4.1.128.Final]
		at io.netty.handler.codec.http.HttpContentDecoder.decode(HttpContentDecoder.java:166) ~[netty-codec-http-4.1.128.Final.jar!/:4.1.128.Final]
		at io.netty.handler.codec.http.HttpContentDecoder.decode(HttpContentDecoder.java:48) ~[netty-codec-http-4.1.128.Final.jar!/:4.1.128.Final]
		at io.netty.handler.codec.MessageToMessageDecoder.channelRead(MessageToMessageDecoder.java:91) ~[netty-codec-4.1.128.Final.jar!/:4.1.128.Final]
		at io.netty.channel.AbstractChannelHandlerContext.invokeChannelRead(AbstractChannelHandlerContext.java:444) ~[netty-transport-4.1.128.Final.jar!/:4.1.128.Final]
		at io.netty.channel.AbstractChannelHandlerContext.invokeChannelRead(AbstractChannelHandlerContext.java:420) ~[netty-transport-4.1.128.Final.jar!/:4.1.128.Final]
		at io.netty.channel.AbstractChannelHandlerContext.fireChannelRead(AbstractChannelHandlerContext.java:412) ~[netty-transport-4.1.128.Final.jar!/:4.1.128.Final]
		at io.netty.channel.CombinedChannelDuplexHandler$DelegatingChannelHandlerContext.fireChannelRead(CombinedChannelDuplexHandler.java:436) ~[netty-transport-4.1.128.Final.jar!/:4.1.128.Final]
		at io.netty.handler.codec.ByteToMessageDecoder.fireChannelRead(ByteToMessageDecoder.java:346) ~[netty-codec-4.1.128.Final.jar!/:4.1.128.Final]
		at io.netty.handler.codec.ByteToMessageDecoder.channelRead(ByteToMessageDecoder.java:318) ~[netty-codec-4.1.128.Final.jar!/:4.1.128.Final]
		at io.netty.channel.CombinedChannelDuplexHandler.channelRead(CombinedChannelDuplexHandler.java:251) ~[netty-transport-4.1.128.Final.jar!/:4.1.128.Final]
		at io.netty.channel.AbstractChannelHandlerContext.invokeChannelRead(AbstractChannelHandlerContext.java:442) ~[netty-transport-4.1.128.Final.jar!/:4.1.128.Final]
		at io.netty.channel.AbstractChannelHandlerContext.invokeChannelRead(AbstractChannelHandlerContext.java:420) ~[netty-transport-4.1.128.Final.jar!/:4.1.128.Final]
		at io.netty.channel.AbstractChannelHandlerContext.fireChannelRead(AbstractChannelHandlerContext.java:412) ~[netty-transport-4.1.128.Final.jar!/:4.1.128.Final]
		at io.netty.channel.DefaultChannelPipeline$HeadContext.channelRead(DefaultChannelPipeline.java:1357) ~[netty-transport-4.1.128.Final.jar!/:4.1.128.Final]
		at io.netty.channel.AbstractChannelHandlerContext.invokeChannelRead(AbstractChannelHandlerContext.java:440) ~[netty-transport-4.1.128.Final.jar!/:4.1.128.Final]
		at io.netty.channel.AbstractChannelHandlerContext.invokeChannelRead(AbstractChannelHandlerContext.java:420) ~[netty-transport-4.1.128.Final.jar!/:4.1.128.Final]
		at io.netty.channel.DefaultChannelPipeline.fireChannelRead(DefaultChannelPipeline.java:868) ~[netty-transport-4.1.128.Final.jar!/:4.1.128.Final]
		at io.netty.channel.nio.AbstractNioByteChannel$NioByteUnsafe.read(AbstractNioByteChannel.java:166) ~[netty-transport-4.1.128.Final.jar!/:4.1.128.Final]
		at io.netty.channel.nio.NioEventLoop.processSelectedKey(NioEventLoop.java:796) ~[netty-transport-4.1.128.Final.jar!/:4.1.128.Final]
		at io.netty.channel.nio.NioEventLoop.processSelectedKeysOptimized(NioEventLoop.java:732) ~[netty-transport-4.1.128.Final.jar!/:4.1.128.Final]
		at io.netty.channel.nio.NioEventLoop.processSelectedKeys(NioEventLoop.java:658) ~[netty-transport-4.1.128.Final.jar!/:4.1.128.Final]
		at io.netty.channel.nio.NioEventLoop.run(NioEventLoop.java:562) ~[netty-transport-4.1.128.Final.jar!/:4.1.128.Final]
		at io.netty.util.concurrent.SingleThreadEventExecutor$4.run(SingleThreadEventExecutor.java:998) ~[netty-common-4.1.128.Final.jar!/:4.1.128.Final]
		at io.netty.util.internal.ThreadExecutorMap$2.run(ThreadExecutorMap.java:74) ~[netty-common-4.1.128.Final.jar!/:4.1.128.Final]
		at io.netty.util.concurrent.FastThreadLocalRunnable.run(FastThreadLocalRunnable.java:30) ~[netty-common-4.1.128.Final.jar!/:4.1.128.Final]
		at java.base/java.lang.Thread.run(Thread.java:842) ~[na:na]

2026-02-13T12:59:30.634+08:00 ERROR 17749 --- [ctor-http-nio-3] c.a.c.a.examples.chatbot.AuthController  : Login failed

org.springframework.web.reactive.function.client.WebClientResponseException$Unauthorized: 401 Unauthorized from POST http://localhost:8080/console/v1/chatbot/login
	at org.springframework.web.reactive.function.client.WebClientResponseException.create(WebClientResponseException.java:322) ~[spring-webflux-6.2.12.jar!/:6.2.12]
	Suppressed: reactor.core.publisher.FluxOnAssembly$OnAssemblyException: 
Error has been observed at the following site(s):
	*__checkpoint ⇢ 401 UNAUTHORIZED from POST http://localhost:8080/console/v1/chatbot/login [DefaultWebClient]
Original Stack Trace:
		at org.springframework.web.reactive.function.client.WebClientResponseException.create(WebClientResponseException.java:322) ~[spring-webflux-6.2.12.jar!/:6.2.12]
		at org.springframework.web.reactive.function.client.DefaultClientResponse.lambda$createException$1(DefaultClientResponse.java:214) ~[spring-webflux-6.2.12.jar!/:6.2.12]
		at reactor.core.publisher.FluxMap$MapSubscriber.onNext(FluxMap.java:106) ~[reactor-core-3.7.12.jar!/:3.7.12]
		at reactor.core.publisher.FluxOnErrorReturn$ReturnSubscriber.onNext(FluxOnErrorReturn.java:162) ~[reactor-core-3.7.12.jar!/:3.7.12]
		at reactor.core.publisher.FluxDefaultIfEmpty$DefaultIfEmptySubscriber.onNext(FluxDefaultIfEmpty.java:122) ~[reactor-core-3.7.12.jar!/:3.7.12]
		at reactor.core.publisher.FluxMapFuseable$MapFuseableSubscriber.onNext(FluxMapFuseable.java:129) ~[reactor-core-3.7.12.jar!/:3.7.12]
		at reactor.core.publisher.FluxContextWrite$ContextWriteSubscriber.onNext(FluxContextWrite.java:107) ~[reactor-core-3.7.12.jar!/:3.7.12]
		at reactor.core.publisher.FluxMapFuseable$MapFuseableConditionalSubscriber.onNext(FluxMapFuseable.java:299) ~[reactor-core-3.7.12.jar!/:3.7.12]
		at reactor.core.publisher.FluxFilterFuseable$FilterFuseableConditionalSubscriber.onNext(FluxFilterFuseable.java:337) ~[reactor-core-3.7.12.jar!/:3.7.12]
		at reactor.core.publisher.Operators$BaseFluxToMonoOperator.completePossiblyEmpty(Operators.java:2096) ~[reactor-core-3.7.12.jar!/:3.7.12]
		at reactor.core.publisher.MonoCollect$CollectSubscriber.onComplete(MonoCollect.java:145) ~[reactor-core-3.7.12.jar!/:3.7.12]
		at reactor.core.publisher.FluxMap$MapSubscriber.onComplete(FluxMap.java:144) ~[reactor-core-3.7.12.jar!/:3.7.12]
		at reactor.core.publisher.FluxPeek$PeekSubscriber.onComplete(FluxPeek.java:260) ~[reactor-core-3.7.12.jar!/:3.7.12]
		at reactor.core.publisher.FluxMap$MapSubscriber.onComplete(FluxMap.java:144) ~[reactor-core-3.7.12.jar!/:3.7.12]
		at reactor.netty.channel.FluxReceive.onInboundComplete(FluxReceive.java:413) ~[reactor-netty-core-1.2.11.jar!/:1.2.11]
		at reactor.netty.channel.ChannelOperations.onInboundComplete(ChannelOperations.java:464) ~[reactor-netty-core-1.2.11.jar!/:1.2.11]
		at reactor.netty.channel.ChannelOperations.terminate(ChannelOperations.java:518) ~[reactor-netty-core-1.2.11.jar!/:1.2.11]
		at reactor.netty.http.client.HttpClientOperations.onInboundNext(HttpClientOperations.java:925) ~[reactor-netty-http-1.2.11.jar!/:1.2.11]
		at reactor.netty.channel.ChannelOperationsHandler.channelRead(ChannelOperationsHandler.java:115) ~[reactor-netty-core-1.2.11.jar!/:1.2.11]
		at io.netty.channel.AbstractChannelHandlerContext.invokeChannelRead(AbstractChannelHandlerContext.java:444) ~[netty-transport-4.1.128.Final.jar!/:4.1.128.Final]
		at io.netty.channel.AbstractChannelHandlerContext.invokeChannelRead(AbstractChannelHandlerContext.java:420) ~[netty-transport-4.1.128.Final.jar!/:4.1.128.Final]
		at io.netty.channel.AbstractChannelHandlerContext.fireChannelRead(AbstractChannelHandlerContext.java:412) ~[netty-transport-4.1.128.Final.jar!/:4.1.128.Final]
		at io.netty.handler.codec.http.HttpContentDecoder.decode(HttpContentDecoder.java:166) ~[netty-codec-http-4.1.128.Final.jar!/:4.1.128.Final]
		at io.netty.handler.codec.http.HttpContentDecoder.decode(HttpContentDecoder.java:48) ~[netty-codec-http-4.1.128.Final.jar!/:4.1.128.Final]
		at io.netty.handler.codec.MessageToMessageDecoder.channelRead(MessageToMessageDecoder.java:91) ~[netty-codec-4.1.128.Final.jar!/:4.1.128.Final]
		at io.netty.channel.AbstractChannelHandlerContext.invokeChannelRead(AbstractChannelHandlerContext.java:444) ~[netty-transport-4.1.128.Final.jar!/:4.1.128.Final]
		at io.netty.channel.AbstractChannelHandlerContext.invokeChannelRead(AbstractChannelHandlerContext.java:420) ~[netty-transport-4.1.128.Final.jar!/:4.1.128.Final]
		at io.netty.channel.AbstractChannelHandlerContext.fireChannelRead(AbstractChannelHandlerContext.java:412) ~[netty-transport-4.1.128.Final.jar!/:4.1.128.Final]
		at io.netty.channel.CombinedChannelDuplexHandler$DelegatingChannelHandlerContext.fireChannelRead(CombinedChannelDuplexHandler.java:436) ~[netty-transport-4.1.128.Final.jar!/:4.1.128.Final]
		at io.netty.handler.codec.ByteToMessageDecoder.fireChannelRead(ByteToMessageDecoder.java:346) ~[netty-codec-4.1.128.Final.jar!/:4.1.128.Final]
		at io.netty.handler.codec.ByteToMessageDecoder.channelRead(ByteToMessageDecoder.java:318) ~[netty-codec-4.1.128.Final.jar!/:4.1.128.Final]
		at io.netty.channel.CombinedChannelDuplexHandler.channelRead(CombinedChannelDuplexHandler.java:251) ~[netty-transport-4.1.128.Final.jar!/:4.1.128.Final]
		at io.netty.channel.AbstractChannelHandlerContext.invokeChannelRead(AbstractChannelHandlerContext.java:442) ~[netty-transport-4.1.128.Final.jar!/:4.1.128.Final]
		at io.netty.channel.AbstractChannelHandlerContext.invokeChannelRead(AbstractChannelHandlerContext.java:420) ~[netty-transport-4.1.128.Final.jar!/:4.1.128.Final]
		at io.netty.channel.AbstractChannelHandlerContext.fireChannelRead(AbstractChannelHandlerContext.java:412) ~[netty-transport-4.1.128.Final.jar!/:4.1.128.Final]
		at io.netty.channel.DefaultChannelPipeline$HeadContext.channelRead(DefaultChannelPipeline.java:1357) ~[netty-transport-4.1.128.Final.jar!/:4.1.128.Final]
		at io.netty.channel.AbstractChannelHandlerContext.invokeChannelRead(AbstractChannelHandlerContext.java:440) ~[netty-transport-4.1.128.Final.jar!/:4.1.128.Final]
		at io.netty.channel.AbstractChannelHandlerContext.invokeChannelRead(AbstractChannelHandlerContext.java:420) ~[netty-transport-4.1.128.Final.jar!/:4.1.128.Final]
		at io.netty.channel.DefaultChannelPipeline.fireChannelRead(DefaultChannelPipeline.java:868) ~[netty-transport-4.1.128.Final.jar!/:4.1.128.Final]
		at io.netty.channel.nio.AbstractNioByteChannel$NioByteUnsafe.read(AbstractNioByteChannel.java:166) ~[netty-transport-4.1.128.Final.jar!/:4.1.128.Final]
		at io.netty.channel.nio.NioEventLoop.processSelectedKey(NioEventLoop.java:796) ~[netty-transport-4.1.128.Final.jar!/:4.1.128.Final]
		at io.netty.channel.nio.NioEventLoop.processSelectedKeysOptimized(NioEventLoop.java:732) ~[netty-transport-4.1.128.Final.jar!/:4.1.128.Final]
		at io.netty.channel.nio.NioEventLoop.processSelectedKeys(NioEventLoop.java:658) ~[netty-transport-4.1.128.Final.jar!/:4.1.128.Final]
		at io.netty.channel.nio.NioEventLoop.run(NioEventLoop.java:562) ~[netty-transport-4.1.128.Final.jar!/:4.1.128.Final]
		at io.netty.util.concurrent.SingleThreadEventExecutor$4.run(SingleThreadEventExecutor.java:998) ~[netty-common-4.1.128.Final.jar!/:4.1.128.Final]
		at io.netty.util.internal.ThreadExecutorMap$2.run(ThreadExecutorMap.java:74) ~[netty-common-4.1.128.Final.jar!/:4.1.128.Final]
		at io.netty.util.concurrent.FastThreadLocalRunnable.run(FastThreadLocalRunnable.java:30) ~[netty-common-4.1.128.Final.jar!/:4.1.128.Final]
		at java.base/java.lang.Thread.run(Thread.java:842) ~[na:na]

2026-02-13T14:03:36.704+08:00  INFO 17749 --- [nio-8081-exec-3] c.a.c.a.examples.chatbot.AuthController  : Login request for email: john@example.com
2026-02-13T14:03:36.706+08:00  INFO 17749 --- [nio-8081-exec-3] c.a.c.a.e.chatbot.AdminApiService        : Attempting login for user: john@example.com
2026-02-13T14:03:36.819+08:00  WARN 17749 --- [ctor-http-nio-4] reactor.core.Exceptions                  : throwIfFatal detected a jvm fatal exception, which is thrown and logged below:

java.lang.NoClassDefFoundError: com/fasterxml/jackson/databind/deser/std/StdKeyDeserializer$StringKD
	at com.fasterxml.jackson.databind.deser.std.StdKeyDeserializers.findKeyDeserializer(StdKeyDeserializers.java:200) ~[jackson-databind-2.19.2.jar!/:2.19.2]
	at com.fasterxml.jackson.databind.deser.BasicDeserializerFactory.createKeyDeserializer(BasicDeserializerFactory.java:1256) ~[jackson-databind-2.19.2.jar!/:2.19.2]
	at com.fasterxml.jackson.databind.deser.DeserializerCache.findKeyDeserializer(DeserializerCache.java:199) ~[jackson-databind-2.19.2.jar!/:2.19.2]
	at com.fasterxml.jackson.databind.DeserializationContext.findKeyDeserializer(DeserializationContext.java:696) ~[jackson-databind-2.19.2.jar!/:2.19.2]
	at com.fasterxml.jackson.databind.deser.std.MapDeserializer.createContextual(MapDeserializer.java:313) ~[jackson-databind-2.19.2.jar!/:2.19.2]
	at com.fasterxml.jackson.databind.DeserializationContext.handleSecondaryContextualization(DeserializationContext.java:895) ~[jackson-databind-2.19.2.jar!/:2.19.2]
	at com.fasterxml.jackson.databind.DeserializationContext.findRootValueDeserializer(DeserializationContext.java:674) ~[jackson-databind-2.19.2.jar!/:2.19.2]
	at com.fasterxml.jackson.databind.ObjectReader._prefetchRootDeserializer(ObjectReader.java:2455) ~[jackson-databind-2.19.2.jar!/:2.19.2]
	at com.fasterxml.jackson.databind.ObjectReader.<init>(ObjectReader.java:193) ~[jackson-databind-2.19.2.jar!/:2.19.2]
	at com.fasterxml.jackson.databind.ObjectMapper._newReader(ObjectMapper.java:810) ~[jackson-databind-2.19.2.jar!/:2.19.2]
	at com.fasterxml.jackson.databind.ObjectMapper.readerFor(ObjectMapper.java:4382) ~[jackson-databind-2.19.2.jar!/:2.19.2]
	at org.springframework.http.codec.json.AbstractJackson2Decoder.createObjectReader(AbstractJackson2Decoder.java:238) ~[spring-web-6.2.12.jar!/:6.2.12]
	at org.springframework.http.codec.json.AbstractJackson2Decoder.decode(AbstractJackson2Decoder.java:212) ~[spring-web-6.2.12.jar!/:6.2.12]
	at org.springframework.http.codec.json.AbstractJackson2Decoder.lambda$decodeToMono$2(AbstractJackson2Decoder.java:198) ~[spring-web-6.2.12.jar!/:6.2.12]
	at reactor.core.publisher.MonoFlatMap$FlatMapMain.onNext(MonoFlatMap.java:132) ~[reactor-core-3.7.12.jar!/:3.7.12]
	at reactor.core.publisher.FluxContextWrite$ContextWriteSubscriber.onNext(FluxContextWrite.java:107) ~[reactor-core-3.7.12.jar!/:3.7.12]
	at reactor.core.publisher.FluxMapFuseable$MapFuseableConditionalSubscriber.onNext(FluxMapFuseable.java:299) ~[reactor-core-3.7.12.jar!/:3.7.12]
	at reactor.core.publisher.FluxFilterFuseable$FilterFuseableConditionalSubscriber.onNext(FluxFilterFuseable.java:337) ~[reactor-core-3.7.12.jar!/:3.7.12]
	at reactor.core.publisher.Operators$BaseFluxToMonoOperator.completePossiblyEmpty(Operators.java:2096) ~[reactor-core-3.7.12.jar!/:3.7.12]
	at reactor.core.publisher.MonoCollect$CollectSubscriber.onComplete(MonoCollect.java:145) ~[reactor-core-3.7.12.jar!/:3.7.12]
	at reactor.core.publisher.FluxMap$MapSubscriber.onComplete(FluxMap.java:144) ~[reactor-core-3.7.12.jar!/:3.7.12]
	at reactor.core.publisher.FluxPeek$PeekSubscriber.onComplete(FluxPeek.java:260) ~[reactor-core-3.7.12.jar!/:3.7.12]
	at reactor.core.publisher.FluxMap$MapSubscriber.onComplete(FluxMap.java:144) ~[reactor-core-3.7.12.jar!/:3.7.12]
	at reactor.netty.channel.FluxReceive.onInboundComplete(FluxReceive.java:413) ~[reactor-netty-core-1.2.11.jar!/:1.2.11]
	at reactor.netty.channel.ChannelOperations.onInboundComplete(ChannelOperations.java:464) ~[reactor-netty-core-1.2.11.jar!/:1.2.11]
	at reactor.netty.channel.ChannelOperations.terminate(ChannelOperations.java:518) ~[reactor-netty-core-1.2.11.jar!/:1.2.11]
	at reactor.netty.http.client.HttpClientOperations.onInboundNext(HttpClientOperations.java:925) ~[reactor-netty-http-1.2.11.jar!/:1.2.11]
	at reactor.netty.channel.ChannelOperationsHandler.channelRead(ChannelOperationsHandler.java:115) ~[reactor-netty-core-1.2.11.jar!/:1.2.11]
	at io.netty.channel.AbstractChannelHandlerContext.invokeChannelRead(AbstractChannelHandlerContext.java:444) ~[netty-transport-4.1.128.Final.jar!/:4.1.128.Final]
	at io.netty.channel.AbstractChannelHandlerContext.invokeChannelRead(AbstractChannelHandlerContext.java:420) ~[netty-transport-4.1.128.Final.jar!/:4.1.128.Final]
	at io.netty.channel.AbstractChannelHandlerContext.fireChannelRead(AbstractChannelHandlerContext.java:412) ~[netty-transport-4.1.128.Final.jar!/:4.1.128.Final]
	at io.netty.handler.codec.http.HttpContentDecoder.decode(HttpContentDecoder.java:166) ~[netty-codec-http-4.1.128.Final.jar!/:4.1.128.Final]
	at io.netty.handler.codec.http.HttpContentDecoder.decode(HttpContentDecoder.java:48) ~[netty-codec-http-4.1.128.Final.jar!/:4.1.128.Final]
	at io.netty.handler.codec.MessageToMessageDecoder.channelRead(MessageToMessageDecoder.java:91) ~[netty-codec-4.1.128.Final.jar!/:4.1.128.Final]
	at io.netty.channel.AbstractChannelHandlerContext.invokeChannelRead(AbstractChannelHandlerContext.java:444) ~[netty-transport-4.1.128.Final.jar!/:4.1.128.Final]
	at io.netty.channel.AbstractChannelHandlerContext.invokeChannelRead(AbstractChannelHandlerContext.java:420) ~[netty-transport-4.1.128.Final.jar!/:4.1.128.Final]
	at io.netty.channel.AbstractChannelHandlerContext.fireChannelRead(AbstractChannelHandlerContext.java:412) ~[netty-transport-4.1.128.Final.jar!/:4.1.128.Final]
	at io.netty.channel.CombinedChannelDuplexHandler$DelegatingChannelHandlerContext.fireChannelRead(CombinedChannelDuplexHandler.java:436) ~[netty-transport-4.1.128.Final.jar!/:4.1.128.Final]
	at io.netty.handler.codec.ByteToMessageDecoder.fireChannelRead(ByteToMessageDecoder.java:346) ~[netty-codec-4.1.128.Final.jar!/:4.1.128.Final]
	at io.netty.handler.codec.ByteToMessageDecoder.channelRead(ByteToMessageDecoder.java:318) ~[netty-codec-4.1.128.Final.jar!/:4.1.128.Final]
	at io.netty.channel.CombinedChannelDuplexHandler.channelRead(CombinedChannelDuplexHandler.java:251) ~[netty-transport-4.1.128.Final.jar!/:4.1.128.Final]
	at io.netty.channel.AbstractChannelHandlerContext.invokeChannelRead(AbstractChannelHandlerContext.java:442) ~[netty-transport-4.1.128.Final.jar!/:4.1.128.Final]
	at io.netty.channel.AbstractChannelHandlerContext.invokeChannelRead(AbstractChannelHandlerContext.java:420) ~[netty-transport-4.1.128.Final.jar!/:4.1.128.Final]
	at io.netty.channel.AbstractChannelHandlerContext.fireChannelRead(AbstractChannelHandlerContext.java:412) ~[netty-transport-4.1.128.Final.jar!/:4.1.128.Final]
	at io.netty.channel.DefaultChannelPipeline$HeadContext.channelRead(DefaultChannelPipeline.java:1357) ~[netty-transport-4.1.128.Final.jar!/:4.1.128.Final]
	at io.netty.channel.AbstractChannelHandlerContext.invokeChannelRead(AbstractChannelHandlerContext.java:440) ~[netty-transport-4.1.128.Final.jar!/:4.1.128.Final]
	at io.netty.channel.AbstractChannelHandlerContext.invokeChannelRead(AbstractChannelHandlerContext.java:420) ~[netty-transport-4.1.128.Final.jar!/:4.1.128.Final]
	at io.netty.channel.DefaultChannelPipeline.fireChannelRead(DefaultChannelPipeline.java:868) ~[netty-transport-4.1.128.Final.jar!/:4.1.128.Final]
	at io.netty.channel.nio.AbstractNioByteChannel$NioByteUnsafe.read(AbstractNioByteChannel.java:166) ~[netty-transport-4.1.128.Final.jar!/:4.1.128.Final]
	at io.netty.channel.nio.NioEventLoop.processSelectedKey(NioEventLoop.java:796) ~[netty-transport-4.1.128.Final.jar!/:4.1.128.Final]
	at io.netty.channel.nio.NioEventLoop.processSelectedKeysOptimized(NioEventLoop.java:732) ~[netty-transport-4.1.128.Final.jar!/:4.1.128.Final]
	at io.netty.channel.nio.NioEventLoop.processSelectedKeys(NioEventLoop.java:658) ~[netty-transport-4.1.128.Final.jar!/:4.1.128.Final]
	at io.netty.channel.nio.NioEventLoop.run(NioEventLoop.java:562) ~[netty-transport-4.1.128.Final.jar!/:4.1.128.Final]
	at io.netty.util.concurrent.SingleThreadEventExecutor$4.run(SingleThreadEventExecutor.java:998) ~[netty-common-4.1.128.Final.jar!/:4.1.128.Final]
	at io.netty.util.internal.ThreadExecutorMap$2.run(ThreadExecutorMap.java:74) ~[netty-common-4.1.128.Final.jar!/:4.1.128.Final]
	at io.netty.util.concurrent.FastThreadLocalRunnable.run(FastThreadLocalRunnable.java:30) ~[netty-common-4.1.128.Final.jar!/:4.1.128.Final]
	at java.base/java.lang.Thread.run(Thread.java:842) ~[na:na]
Caused by: java.lang.ClassNotFoundException: com.fasterxml.jackson.databind.deser.std.StdKeyDeserializer$StringKD
	at java.base/java.net.URLClassLoader.findClass(URLClassLoader.java:445) ~[na:na]
	at java.base/java.lang.ClassLoader.loadClass(ClassLoader.java:587) ~[na:na]
	at org.springframework.boot.loader.net.protocol.jar.JarUrlClassLoader.loadClass(JarUrlClassLoader.java:107) ~[chatbot-0.0.1-SNAPSHOT.jar:0.0.1-SNAPSHOT]
	at org.springframework.boot.loader.launch.LaunchedClassLoader.loadClass(LaunchedClassLoader.java:91) ~[chatbot-0.0.1-SNAPSHOT.jar:0.0.1-SNAPSHOT]
	at java.base/java.lang.ClassLoader.loadClass(ClassLoader.java:520) ~[na:na]
	... 57 common frames omitted

2026-02-13T14:03:36.826+08:00 ERROR 17749 --- [ctor-http-nio-4] r.n.channel.ChannelOperationsHandler     : [1aecd4a6, L:/127.0.0.1:49875 - R:localhost/127.0.0.1:8080] Error was received while reading the incoming data. The connection will be closed.

java.lang.NoClassDefFoundError: com/fasterxml/jackson/databind/deser/std/StdKeyDeserializer$StringKD
	at com.fasterxml.jackson.databind.deser.std.StdKeyDeserializers.findKeyDeserializer(StdKeyDeserializers.java:200) ~[jackson-databind-2.19.2.jar!/:2.19.2]
	at com.fasterxml.jackson.databind.deser.BasicDeserializerFactory.createKeyDeserializer(BasicDeserializerFactory.java:1256) ~[jackson-databind-2.19.2.jar!/:2.19.2]
	at com.fasterxml.jackson.databind.deser.DeserializerCache.findKeyDeserializer(DeserializerCache.java:199) ~[jackson-databind-2.19.2.jar!/:2.19.2]
	at com.fasterxml.jackson.databind.DeserializationContext.findKeyDeserializer(DeserializationContext.java:696) ~[jackson-databind-2.19.2.jar!/:2.19.2]
	at com.fasterxml.jackson.databind.deser.std.MapDeserializer.createContextual(MapDeserializer.java:313) ~[jackson-databind-2.19.2.jar!/:2.19.2]
	at com.fasterxml.jackson.databind.DeserializationContext.handleSecondaryContextualization(DeserializationContext.java:895) ~[jackson-databind-2.19.2.jar!/:2.19.2]
	at com.fasterxml.jackson.databind.DeserializationContext.findRootValueDeserializer(DeserializationContext.java:674) ~[jackson-databind-2.19.2.jar!/:2.19.2]
	at com.fasterxml.jackson.databind.ObjectReader._prefetchRootDeserializer(ObjectReader.java:2455) ~[jackson-databind-2.19.2.jar!/:2.19.2]
	at com.fasterxml.jackson.databind.ObjectReader.<init>(ObjectReader.java:193) ~[jackson-databind-2.19.2.jar!/:2.19.2]
	at com.fasterxml.jackson.databind.ObjectMapper._newReader(ObjectMapper.java:810) ~[jackson-databind-2.19.2.jar!/:2.19.2]
	at com.fasterxml.jackson.databind.ObjectMapper.readerFor(ObjectMapper.java:4382) ~[jackson-databind-2.19.2.jar!/:2.19.2]
	at org.springframework.http.codec.json.AbstractJackson2Decoder.createObjectReader(AbstractJackson2Decoder.java:238) ~[spring-web-6.2.12.jar!/:6.2.12]
	at org.springframework.http.codec.json.AbstractJackson2Decoder.decode(AbstractJackson2Decoder.java:212) ~[spring-web-6.2.12.jar!/:6.2.12]
	at org.springframework.http.codec.json.AbstractJackson2Decoder.lambda$decodeToMono$2(AbstractJackson2Decoder.java:198) ~[spring-web-6.2.12.jar!/:6.2.12]
	at reactor.core.publisher.MonoFlatMap$FlatMapMain.onNext(MonoFlatMap.java:132) ~[reactor-core-3.7.12.jar!/:3.7.12]
	at reactor.core.publisher.FluxContextWrite$ContextWriteSubscriber.onNext(FluxContextWrite.java:107) ~[reactor-core-3.7.12.jar!/:3.7.12]
	at reactor.core.publisher.FluxMapFuseable$MapFuseableConditionalSubscriber.onNext(FluxMapFuseable.java:299) ~[reactor-core-3.7.12.jar!/:3.7.12]
	at reactor.core.publisher.FluxFilterFuseable$FilterFuseableConditionalSubscriber.onNext(FluxFilterFuseable.java:337) ~[reactor-core-3.7.12.jar!/:3.7.12]
	at reactor.core.publisher.Operators$BaseFluxToMonoOperator.completePossiblyEmpty(Operators.java:2096) ~[reactor-core-3.7.12.jar!/:3.7.12]
	at reactor.core.publisher.MonoCollect$CollectSubscriber.onComplete(MonoCollect.java:145) ~[reactor-core-3.7.12.jar!/:3.7.12]
	at reactor.core.publisher.FluxMap$MapSubscriber.onComplete(FluxMap.java:144) ~[reactor-core-3.7.12.jar!/:3.7.12]
	at reactor.core.publisher.FluxPeek$PeekSubscriber.onComplete(FluxPeek.java:260) ~[reactor-core-3.7.12.jar!/:3.7.12]
	at reactor.core.publisher.FluxMap$MapSubscriber.onComplete(FluxMap.java:144) ~[reactor-core-3.7.12.jar!/:3.7.12]
	at reactor.netty.channel.FluxReceive.onInboundComplete(FluxReceive.java:413) ~[reactor-netty-core-1.2.11.jar!/:1.2.11]
	at reactor.netty.channel.ChannelOperations.onInboundComplete(ChannelOperations.java:464) ~[reactor-netty-core-1.2.11.jar!/:1.2.11]
	at reactor.netty.channel.ChannelOperations.terminate(ChannelOperations.java:518) ~[reactor-netty-core-1.2.11.jar!/:1.2.11]
	at reactor.netty.http.client.HttpClientOperations.onInboundNext(HttpClientOperations.java:925) ~[reactor-netty-http-1.2.11.jar!/:1.2.11]
	at reactor.netty.channel.ChannelOperationsHandler.channelRead(ChannelOperationsHandler.java:115) ~[reactor-netty-core-1.2.11.jar!/:1.2.11]
	at io.netty.channel.AbstractChannelHandlerContext.invokeChannelRead(AbstractChannelHandlerContext.java:444) ~[netty-transport-4.1.128.Final.jar!/:4.1.128.Final]
	at io.netty.channel.AbstractChannelHandlerContext.invokeChannelRead(AbstractChannelHandlerContext.java:420) ~[netty-transport-4.1.128.Final.jar!/:4.1.128.Final]
	at io.netty.channel.AbstractChannelHandlerContext.fireChannelRead(AbstractChannelHandlerContext.java:412) ~[netty-transport-4.1.128.Final.jar!/:4.1.128.Final]
	at io.netty.handler.codec.http.HttpContentDecoder.decode(HttpContentDecoder.java:166) ~[netty-codec-http-4.1.128.Final.jar!/:4.1.128.Final]
	at io.netty.handler.codec.http.HttpContentDecoder.decode(HttpContentDecoder.java:48) ~[netty-codec-http-4.1.128.Final.jar!/:4.1.128.Final]
	at io.netty.handler.codec.MessageToMessageDecoder.channelRead(MessageToMessageDecoder.java:91) ~[netty-codec-4.1.128.Final.jar!/:4.1.128.Final]
	at io.netty.channel.AbstractChannelHandlerContext.invokeChannelRead(AbstractChannelHandlerContext.java:444) ~[netty-transport-4.1.128.Final.jar!/:4.1.128.Final]
	at io.netty.channel.AbstractChannelHandlerContext.invokeChannelRead(AbstractChannelHandlerContext.java:420) ~[netty-transport-4.1.128.Final.jar!/:4.1.128.Final]
	at io.netty.channel.AbstractChannelHandlerContext.fireChannelRead(AbstractChannelHandlerContext.java:412) ~[netty-transport-4.1.128.Final.jar!/:4.1.128.Final]
	at io.netty.channel.CombinedChannelDuplexHandler$DelegatingChannelHandlerContext.fireChannelRead(CombinedChannelDuplexHandler.java:436) ~[netty-transport-4.1.128.Final.jar!/:4.1.128.Final]
	at io.netty.handler.codec.ByteToMessageDecoder.fireChannelRead(ByteToMessageDecoder.java:346) ~[netty-codec-4.1.128.Final.jar!/:4.1.128.Final]
	at io.netty.handler.codec.ByteToMessageDecoder.channelRead(ByteToMessageDecoder.java:318) ~[netty-codec-4.1.128.Final.jar!/:4.1.128.Final]
	at io.netty.channel.CombinedChannelDuplexHandler.channelRead(CombinedChannelDuplexHandler.java:251) ~[netty-transport-4.1.128.Final.jar!/:4.1.128.Final]
	at io.netty.channel.AbstractChannelHandlerContext.invokeChannelRead(AbstractChannelHandlerContext.java:442) ~[netty-transport-4.1.128.Final.jar!/:4.1.128.Final]
	at io.netty.channel.AbstractChannelHandlerContext.invokeChannelRead(AbstractChannelHandlerContext.java:420) ~[netty-transport-4.1.128.Final.jar!/:4.1.128.Final]
	at io.netty.channel.AbstractChannelHandlerContext.fireChannelRead(AbstractChannelHandlerContext.java:412) ~[netty-transport-4.1.128.Final.jar!/:4.1.128.Final]
	at io.netty.channel.DefaultChannelPipeline$HeadContext.channelRead(DefaultChannelPipeline.java:1357) ~[netty-transport-4.1.128.Final.jar!/:4.1.128.Final]
	at io.netty.channel.AbstractChannelHandlerContext.invokeChannelRead(AbstractChannelHandlerContext.java:440) ~[netty-transport-4.1.128.Final.jar!/:4.1.128.Final]
	at io.netty.channel.AbstractChannelHandlerContext.invokeChannelRead(AbstractChannelHandlerContext.java:420) ~[netty-transport-4.1.128.Final.jar!/:4.1.128.Final]
	at io.netty.channel.DefaultChannelPipeline.fireChannelRead(DefaultChannelPipeline.java:868) ~[netty-transport-4.1.128.Final.jar!/:4.1.128.Final]
	at io.netty.channel.nio.AbstractNioByteChannel$NioByteUnsafe.read(AbstractNioByteChannel.java:166) ~[netty-transport-4.1.128.Final.jar!/:4.1.128.Final]
	at io.netty.channel.nio.NioEventLoop.processSelectedKey(NioEventLoop.java:796) ~[netty-transport-4.1.128.Final.jar!/:4.1.128.Final]
	at io.netty.channel.nio.NioEventLoop.processSelectedKeysOptimized(NioEventLoop.java:732) ~[netty-transport-4.1.128.Final.jar!/:4.1.128.Final]
	at io.netty.channel.nio.NioEventLoop.processSelectedKeys(NioEventLoop.java:658) ~[netty-transport-4.1.128.Final.jar!/:4.1.128.Final]
	at io.netty.channel.nio.NioEventLoop.run(NioEventLoop.java:562) ~[netty-transport-4.1.128.Final.jar!/:4.1.128.Final]
	at io.netty.util.concurrent.SingleThreadEventExecutor$4.run(SingleThreadEventExecutor.java:998) ~[netty-common-4.1.128.Final.jar!/:4.1.128.Final]
	at io.netty.util.internal.ThreadExecutorMap$2.run(ThreadExecutorMap.java:74) ~[netty-common-4.1.128.Final.jar!/:4.1.128.Final]
	at io.netty.util.concurrent.FastThreadLocalRunnable.run(FastThreadLocalRunnable.java:30) ~[netty-common-4.1.128.Final.jar!/:4.1.128.Final]
	at java.base/java.lang.Thread.run(Thread.java:842) ~[na:na]
Caused by: java.lang.ClassNotFoundException: com.fasterxml.jackson.databind.deser.std.StdKeyDeserializer$StringKD
	at java.base/java.net.URLClassLoader.findClass(URLClassLoader.java:445) ~[na:na]
	at java.base/java.lang.ClassLoader.loadClass(ClassLoader.java:587) ~[na:na]
	at org.springframework.boot.loader.net.protocol.jar.JarUrlClassLoader.loadClass(JarUrlClassLoader.java:107) ~[chatbot-0.0.1-SNAPSHOT.jar:0.0.1-SNAPSHOT]
	at org.springframework.boot.loader.launch.LaunchedClassLoader.loadClass(LaunchedClassLoader.java:91) ~[chatbot-0.0.1-SNAPSHOT.jar:0.0.1-SNAPSHOT]
	at java.base/java.lang.ClassLoader.loadClass(ClassLoader.java:520) ~[na:na]
	... 57 common frames omitted

2026-02-13T14:03:36.829+08:00  WARN 17749 --- [ctor-http-nio-4] reactor.core.Exceptions                  : throwIfFatal detected a jvm fatal exception, which is thrown and logged below:

java.lang.NoClassDefFoundError: com/fasterxml/jackson/databind/deser/std/StdKeyDeserializer$StringKD
	at com.fasterxml.jackson.databind.deser.std.StdKeyDeserializers.findKeyDeserializer(StdKeyDeserializers.java:200) ~[jackson-databind-2.19.2.jar!/:2.19.2]
	at com.fasterxml.jackson.databind.deser.BasicDeserializerFactory.createKeyDeserializer(BasicDeserializerFactory.java:1256) ~[jackson-databind-2.19.2.jar!/:2.19.2]
	at com.fasterxml.jackson.databind.deser.DeserializerCache.findKeyDeserializer(DeserializerCache.java:199) ~[jackson-databind-2.19.2.jar!/:2.19.2]
	at com.fasterxml.jackson.databind.DeserializationContext.findKeyDeserializer(DeserializationContext.java:696) ~[jackson-databind-2.19.2.jar!/:2.19.2]
	at com.fasterxml.jackson.databind.deser.std.MapDeserializer.createContextual(MapDeserializer.java:313) ~[jackson-databind-2.19.2.jar!/:2.19.2]
	at com.fasterxml.jackson.databind.DeserializationContext.handleSecondaryContextualization(DeserializationContext.java:895) ~[jackson-databind-2.19.2.jar!/:2.19.2]
	at com.fasterxml.jackson.databind.DeserializationContext.findRootValueDeserializer(DeserializationContext.java:674) ~[jackson-databind-2.19.2.jar!/:2.19.2]
	at com.fasterxml.jackson.databind.ObjectReader._prefetchRootDeserializer(ObjectReader.java:2455) ~[jackson-databind-2.19.2.jar!/:2.19.2]
	at com.fasterxml.jackson.databind.ObjectReader.<init>(ObjectReader.java:193) ~[jackson-databind-2.19.2.jar!/:2.19.2]
	at com.fasterxml.jackson.databind.ObjectMapper._newReader(ObjectMapper.java:810) ~[jackson-databind-2.19.2.jar!/:2.19.2]
	at com.fasterxml.jackson.databind.ObjectMapper.readerFor(ObjectMapper.java:4382) ~[jackson-databind-2.19.2.jar!/:2.19.2]
	at org.springframework.http.codec.json.AbstractJackson2Decoder.createObjectReader(AbstractJackson2Decoder.java:238) ~[spring-web-6.2.12.jar!/:6.2.12]
	at org.springframework.http.codec.json.AbstractJackson2Decoder.decode(AbstractJackson2Decoder.java:212) ~[spring-web-6.2.12.jar!/:6.2.12]
	at org.springframework.http.codec.json.AbstractJackson2Decoder.lambda$decodeToMono$2(AbstractJackson2Decoder.java:198) ~[spring-web-6.2.12.jar!/:6.2.12]
	at reactor.core.publisher.MonoFlatMap$FlatMapMain.onNext(MonoFlatMap.java:132) ~[reactor-core-3.7.12.jar!/:3.7.12]
	at reactor.core.publisher.FluxContextWrite$ContextWriteSubscriber.onNext(FluxContextWrite.java:107) ~[reactor-core-3.7.12.jar!/:3.7.12]
	at reactor.core.publisher.FluxMapFuseable$MapFuseableConditionalSubscriber.onNext(FluxMapFuseable.java:299) ~[reactor-core-3.7.12.jar!/:3.7.12]
	at reactor.core.publisher.FluxFilterFuseable$FilterFuseableConditionalSubscriber.onNext(FluxFilterFuseable.java:337) ~[reactor-core-3.7.12.jar!/:3.7.12]
	at reactor.core.publisher.Operators$BaseFluxToMonoOperator.completePossiblyEmpty(Operators.java:2096) ~[reactor-core-3.7.12.jar!/:3.7.12]
	at reactor.core.publisher.MonoCollect$CollectSubscriber.onComplete(MonoCollect.java:145) ~[reactor-core-3.7.12.jar!/:3.7.12]
	at reactor.core.publisher.FluxMap$MapSubscriber.onComplete(FluxMap.java:144) ~[reactor-core-3.7.12.jar!/:3.7.12]
	at reactor.core.publisher.FluxPeek$PeekSubscriber.onComplete(FluxPeek.java:260) ~[reactor-core-3.7.12.jar!/:3.7.12]
	at reactor.core.publisher.FluxMap$MapSubscriber.onComplete(FluxMap.java:144) ~[reactor-core-3.7.12.jar!/:3.7.12]
	at reactor.netty.channel.FluxReceive.onInboundComplete(FluxReceive.java:413) ~[reactor-netty-core-1.2.11.jar!/:1.2.11]
	at reactor.netty.channel.ChannelOperations.onInboundComplete(ChannelOperations.java:464) ~[reactor-netty-core-1.2.11.jar!/:1.2.11]
	at reactor.netty.channel.ChannelOperations.terminate(ChannelOperations.java:518) ~[reactor-netty-core-1.2.11.jar!/:1.2.11]
	at reactor.netty.http.client.HttpClientOperations.onInboundNext(HttpClientOperations.java:925) ~[reactor-netty-http-1.2.11.jar!/:1.2.11]
	at reactor.netty.channel.ChannelOperationsHandler.channelRead(ChannelOperationsHandler.java:115) ~[reactor-netty-core-1.2.11.jar!/:1.2.11]
	at io.netty.channel.AbstractChannelHandlerContext.invokeChannelRead(AbstractChannelHandlerContext.java:444) ~[netty-transport-4.1.128.Final.jar!/:4.1.128.Final]
	at io.netty.channel.AbstractChannelHandlerContext.invokeChannelRead(AbstractChannelHandlerContext.java:420) ~[netty-transport-4.1.128.Final.jar!/:4.1.128.Final]
	at io.netty.channel.AbstractChannelHandlerContext.fireChannelRead(AbstractChannelHandlerContext.java:412) ~[netty-transport-4.1.128.Final.jar!/:4.1.128.Final]
	at io.netty.handler.codec.http.HttpContentDecoder.decode(HttpContentDecoder.java:166) ~[netty-codec-http-4.1.128.Final.jar!/:4.1.128.Final]
	at io.netty.handler.codec.http.HttpContentDecoder.decode(HttpContentDecoder.java:48) ~[netty-codec-http-4.1.128.Final.jar!/:4.1.128.Final]
	at io.netty.handler.codec.MessageToMessageDecoder.channelRead(MessageToMessageDecoder.java:91) ~[netty-codec-4.1.128.Final.jar!/:4.1.128.Final]
	at io.netty.channel.AbstractChannelHandlerContext.invokeChannelRead(AbstractChannelHandlerContext.java:444) ~[netty-transport-4.1.128.Final.jar!/:4.1.128.Final]
	at io.netty.channel.AbstractChannelHandlerContext.invokeChannelRead(AbstractChannelHandlerContext.java:420) ~[netty-transport-4.1.128.Final.jar!/:4.1.128.Final]
	at io.netty.channel.AbstractChannelHandlerContext.fireChannelRead(AbstractChannelHandlerContext.java:412) ~[netty-transport-4.1.128.Final.jar!/:4.1.128.Final]
	at io.netty.channel.CombinedChannelDuplexHandler$DelegatingChannelHandlerContext.fireChannelRead(CombinedChannelDuplexHandler.java:436) ~[netty-transport-4.1.128.Final.jar!/:4.1.128.Final]
	at io.netty.handler.codec.ByteToMessageDecoder.fireChannelRead(ByteToMessageDecoder.java:346) ~[netty-codec-4.1.128.Final.jar!/:4.1.128.Final]
	at io.netty.handler.codec.ByteToMessageDecoder.channelRead(ByteToMessageDecoder.java:318) ~[netty-codec-4.1.128.Final.jar!/:4.1.128.Final]
	at io.netty.channel.CombinedChannelDuplexHandler.channelRead(CombinedChannelDuplexHandler.java:251) ~[netty-transport-4.1.128.Final.jar!/:4.1.128.Final]
	at io.netty.channel.AbstractChannelHandlerContext.invokeChannelRead(AbstractChannelHandlerContext.java:442) ~[netty-transport-4.1.128.Final.jar!/:4.1.128.Final]
	at io.netty.channel.AbstractChannelHandlerContext.invokeChannelRead(AbstractChannelHandlerContext.java:420) ~[netty-transport-4.1.128.Final.jar!/:4.1.128.Final]
	at io.netty.channel.AbstractChannelHandlerContext.fireChannelRead(AbstractChannelHandlerContext.java:412) ~[netty-transport-4.1.128.Final.jar!/:4.1.128.Final]
	at io.netty.channel.DefaultChannelPipeline$HeadContext.channelRead(DefaultChannelPipeline.java:1357) ~[netty-transport-4.1.128.Final.jar!/:4.1.128.Final]
	at io.netty.channel.AbstractChannelHandlerContext.invokeChannelRead(AbstractChannelHandlerContext.java:440) ~[netty-transport-4.1.128.Final.jar!/:4.1.128.Final]
	at io.netty.channel.AbstractChannelHandlerContext.invokeChannelRead(AbstractChannelHandlerContext.java:420) ~[netty-transport-4.1.128.Final.jar!/:4.1.128.Final]
	at io.netty.channel.DefaultChannelPipeline.fireChannelRead(DefaultChannelPipeline.java:868) ~[netty-transport-4.1.128.Final.jar!/:4.1.128.Final]
	at io.netty.channel.nio.AbstractNioByteChannel$NioByteUnsafe.read(AbstractNioByteChannel.java:166) ~[netty-transport-4.1.128.Final.jar!/:4.1.128.Final]
	at io.netty.channel.nio.NioEventLoop.processSelectedKey(NioEventLoop.java:796) ~[netty-transport-4.1.128.Final.jar!/:4.1.128.Final]
	at io.netty.channel.nio.NioEventLoop.processSelectedKeysOptimized(NioEventLoop.java:732) ~[netty-transport-4.1.128.Final.jar!/:4.1.128.Final]
	at io.netty.channel.nio.NioEventLoop.processSelectedKeys(NioEventLoop.java:658) ~[netty-transport-4.1.128.Final.jar!/:4.1.128.Final]
	at io.netty.channel.nio.NioEventLoop.run(NioEventLoop.java:562) ~[netty-transport-4.1.128.Final.jar!/:4.1.128.Final]
	at io.netty.util.concurrent.SingleThreadEventExecutor$4.run(SingleThreadEventExecutor.java:998) ~[netty-common-4.1.128.Final.jar!/:4.1.128.Final]
	at io.netty.util.internal.ThreadExecutorMap$2.run(ThreadExecutorMap.java:74) ~[netty-common-4.1.128.Final.jar!/:4.1.128.Final]
	at io.netty.util.concurrent.FastThreadLocalRunnable.run(FastThreadLocalRunnable.java:30) ~[netty-common-4.1.128.Final.jar!/:4.1.128.Final]
	at java.base/java.lang.Thread.run(Thread.java:842) ~[na:na]
Caused by: java.lang.ClassNotFoundException: com.fasterxml.jackson.databind.deser.std.StdKeyDeserializer$StringKD
	at java.base/java.net.URLClassLoader.findClass(URLClassLoader.java:445) ~[na:na]
	at java.base/java.lang.ClassLoader.loadClass(ClassLoader.java:587) ~[na:na]
	at org.springframework.boot.loader.net.protocol.jar.JarUrlClassLoader.loadClass(JarUrlClassLoader.java:107) ~[chatbot-0.0.1-SNAPSHOT.jar:0.0.1-SNAPSHOT]
	at org.springframework.boot.loader.launch.LaunchedClassLoader.loadClass(LaunchedClassLoader.java:91) ~[chatbot-0.0.1-SNAPSHOT.jar:0.0.1-SNAPSHOT]
	at java.base/java.lang.ClassLoader.loadClass(ClassLoader.java:520) ~[na:na]
	... 57 common frames omitted

2026-02-13T14:03:36.830+08:00  WARN 17749 --- [ctor-http-nio-4] reactor.core.Exceptions                  : throwIfFatal detected a jvm fatal exception, which is thrown and logged below:

java.lang.NoClassDefFoundError: com/fasterxml/jackson/databind/deser/std/StdKeyDeserializer$StringKD
	at com.fasterxml.jackson.databind.deser.std.StdKeyDeserializers.findKeyDeserializer(StdKeyDeserializers.java:200) ~[jackson-databind-2.19.2.jar!/:2.19.2]
	at com.fasterxml.jackson.databind.deser.BasicDeserializerFactory.createKeyDeserializer(BasicDeserializerFactory.java:1256) ~[jackson-databind-2.19.2.jar!/:2.19.2]
	at com.fasterxml.jackson.databind.deser.DeserializerCache.findKeyDeserializer(DeserializerCache.java:199) ~[jackson-databind-2.19.2.jar!/:2.19.2]
	at com.fasterxml.jackson.databind.DeserializationContext.findKeyDeserializer(DeserializationContext.java:696) ~[jackson-databind-2.19.2.jar!/:2.19.2]
	at com.fasterxml.jackson.databind.deser.std.MapDeserializer.createContextual(MapDeserializer.java:313) ~[jackson-databind-2.19.2.jar!/:2.19.2]
	at com.fasterxml.jackson.databind.DeserializationContext.handleSecondaryContextualization(DeserializationContext.java:895) ~[jackson-databind-2.19.2.jar!/:2.19.2]
	at com.fasterxml.jackson.databind.DeserializationContext.findRootValueDeserializer(DeserializationContext.java:674) ~[jackson-databind-2.19.2.jar!/:2.19.2]
	at com.fasterxml.jackson.databind.ObjectReader._prefetchRootDeserializer(ObjectReader.java:2455) ~[jackson-databind-2.19.2.jar!/:2.19.2]
	at com.fasterxml.jackson.databind.ObjectReader.<init>(ObjectReader.java:193) ~[jackson-databind-2.19.2.jar!/:2.19.2]
	at com.fasterxml.jackson.databind.ObjectMapper._newReader(ObjectMapper.java:810) ~[jackson-databind-2.19.2.jar!/:2.19.2]
	at com.fasterxml.jackson.databind.ObjectMapper.readerFor(ObjectMapper.java:4382) ~[jackson-databind-2.19.2.jar!/:2.19.2]
	at org.springframework.http.codec.json.AbstractJackson2Decoder.createObjectReader(AbstractJackson2Decoder.java:238) ~[spring-web-6.2.12.jar!/:6.2.12]
	at org.springframework.http.codec.json.AbstractJackson2Decoder.decode(AbstractJackson2Decoder.java:212) ~[spring-web-6.2.12.jar!/:6.2.12]
	at org.springframework.http.codec.json.AbstractJackson2Decoder.lambda$decodeToMono$2(AbstractJackson2Decoder.java:198) ~[spring-web-6.2.12.jar!/:6.2.12]
	at reactor.core.publisher.MonoFlatMap$FlatMapMain.onNext(MonoFlatMap.java:132) ~[reactor-core-3.7.12.jar!/:3.7.12]
	at reactor.core.publisher.FluxContextWrite$ContextWriteSubscriber.onNext(FluxContextWrite.java:107) ~[reactor-core-3.7.12.jar!/:3.7.12]
	at reactor.core.publisher.FluxMapFuseable$MapFuseableConditionalSubscriber.onNext(FluxMapFuseable.java:299) ~[reactor-core-3.7.12.jar!/:3.7.12]
	at reactor.core.publisher.FluxFilterFuseable$FilterFuseableConditionalSubscriber.onNext(FluxFilterFuseable.java:337) ~[reactor-core-3.7.12.jar!/:3.7.12]
	at reactor.core.publisher.Operators$BaseFluxToMonoOperator.completePossiblyEmpty(Operators.java:2096) ~[reactor-core-3.7.12.jar!/:3.7.12]
	at reactor.core.publisher.MonoCollect$CollectSubscriber.onComplete(MonoCollect.java:145) ~[reactor-core-3.7.12.jar!/:3.7.12]
	at reactor.core.publisher.FluxMap$MapSubscriber.onComplete(FluxMap.java:144) ~[reactor-core-3.7.12.jar!/:3.7.12]
	at reactor.core.publisher.FluxPeek$PeekSubscriber.onComplete(FluxPeek.java:260) ~[reactor-core-3.7.12.jar!/:3.7.12]
	at reactor.core.publisher.FluxMap$MapSubscriber.onComplete(FluxMap.java:144) ~[reactor-core-3.7.12.jar!/:3.7.12]
	at reactor.netty.channel.FluxReceive.onInboundComplete(FluxReceive.java:413) ~[reactor-netty-core-1.2.11.jar!/:1.2.11]
	at reactor.netty.channel.ChannelOperations.onInboundComplete(ChannelOperations.java:464) ~[reactor-netty-core-1.2.11.jar!/:1.2.11]
	at reactor.netty.channel.ChannelOperations.terminate(ChannelOperations.java:518) ~[reactor-netty-core-1.2.11.jar!/:1.2.11]
	at reactor.netty.http.client.HttpClientOperations.onInboundNext(HttpClientOperations.java:925) ~[reactor-netty-http-1.2.11.jar!/:1.2.11]
	at reactor.netty.channel.ChannelOperationsHandler.channelRead(ChannelOperationsHandler.java:115) ~[reactor-netty-core-1.2.11.jar!/:1.2.11]
	at io.netty.channel.AbstractChannelHandlerContext.invokeChannelRead(AbstractChannelHandlerContext.java:444) ~[netty-transport-4.1.128.Final.jar!/:4.1.128.Final]
	at io.netty.channel.AbstractChannelHandlerContext.invokeChannelRead(AbstractChannelHandlerContext.java:420) ~[netty-transport-4.1.128.Final.jar!/:4.1.128.Final]
	at io.netty.channel.AbstractChannelHandlerContext.fireChannelRead(AbstractChannelHandlerContext.java:412) ~[netty-transport-4.1.128.Final.jar!/:4.1.128.Final]
	at io.netty.handler.codec.http.HttpContentDecoder.decode(HttpContentDecoder.java:166) ~[netty-codec-http-4.1.128.Final.jar!/:4.1.128.Final]
	at io.netty.handler.codec.http.HttpContentDecoder.decode(HttpContentDecoder.java:48) ~[netty-codec-http-4.1.128.Final.jar!/:4.1.128.Final]
	at io.netty.handler.codec.MessageToMessageDecoder.channelRead(MessageToMessageDecoder.java:91) ~[netty-codec-4.1.128.Final.jar!/:4.1.128.Final]
	at io.netty.channel.AbstractChannelHandlerContext.invokeChannelRead(AbstractChannelHandlerContext.java:444) ~[netty-transport-4.1.128.Final.jar!/:4.1.128.Final]
	at io.netty.channel.AbstractChannelHandlerContext.invokeChannelRead(AbstractChannelHandlerContext.java:420) ~[netty-transport-4.1.128.Final.jar!/:4.1.128.Final]
	at io.netty.channel.AbstractChannelHandlerContext.fireChannelRead(AbstractChannelHandlerContext.java:412) ~[netty-transport-4.1.128.Final.jar!/:4.1.128.Final]
	at io.netty.channel.CombinedChannelDuplexHandler$DelegatingChannelHandlerContext.fireChannelRead(CombinedChannelDuplexHandler.java:436) ~[netty-transport-4.1.128.Final.jar!/:4.1.128.Final]
	at io.netty.handler.codec.ByteToMessageDecoder.fireChannelRead(ByteToMessageDecoder.java:346) ~[netty-codec-4.1.128.Final.jar!/:4.1.128.Final]
	at io.netty.handler.codec.ByteToMessageDecoder.channelRead(ByteToMessageDecoder.java:318) ~[netty-codec-4.1.128.Final.jar!/:4.1.128.Final]
	at io.netty.channel.CombinedChannelDuplexHandler.channelRead(CombinedChannelDuplexHandler.java:251) ~[netty-transport-4.1.128.Final.jar!/:4.1.128.Final]
	at io.netty.channel.AbstractChannelHandlerContext.invokeChannelRead(AbstractChannelHandlerContext.java:442) ~[netty-transport-4.1.128.Final.jar!/:4.1.128.Final]
	at io.netty.channel.AbstractChannelHandlerContext.invokeChannelRead(AbstractChannelHandlerContext.java:420) ~[netty-transport-4.1.128.Final.jar!/:4.1.128.Final]
	at io.netty.channel.AbstractChannelHandlerContext.fireChannelRead(AbstractChannelHandlerContext.java:412) ~[netty-transport-4.1.128.Final.jar!/:4.1.128.Final]
	at io.netty.channel.DefaultChannelPipeline$HeadContext.channelRead(DefaultChannelPipeline.java:1357) ~[netty-transport-4.1.128.Final.jar!/:4.1.128.Final]
	at io.netty.channel.AbstractChannelHandlerContext.invokeChannelRead(AbstractChannelHandlerContext.java:440) ~[netty-transport-4.1.128.Final.jar!/:4.1.128.Final]
	at io.netty.channel.AbstractChannelHandlerContext.invokeChannelRead(AbstractChannelHandlerContext.java:420) ~[netty-transport-4.1.128.Final.jar!/:4.1.128.Final]
	at io.netty.channel.DefaultChannelPipeline.fireChannelRead(DefaultChannelPipeline.java:868) ~[netty-transport-4.1.128.Final.jar!/:4.1.128.Final]
	at io.netty.channel.nio.AbstractNioByteChannel$NioByteUnsafe.read(AbstractNioByteChannel.java:166) ~[netty-transport-4.1.128.Final.jar!/:4.1.128.Final]
	at io.netty.channel.nio.NioEventLoop.processSelectedKey(NioEventLoop.java:796) ~[netty-transport-4.1.128.Final.jar!/:4.1.128.Final]
	at io.netty.channel.nio.NioEventLoop.processSelectedKeysOptimized(NioEventLoop.java:732) ~[netty-transport-4.1.128.Final.jar!/:4.1.128.Final]
	at io.netty.channel.nio.NioEventLoop.processSelectedKeys(NioEventLoop.java:658) ~[netty-transport-4.1.128.Final.jar!/:4.1.128.Final]
	at io.netty.channel.nio.NioEventLoop.run(NioEventLoop.java:562) ~[netty-transport-4.1.128.Final.jar!/:4.1.128.Final]
	at io.netty.util.concurrent.SingleThreadEventExecutor$4.run(SingleThreadEventExecutor.java:998) ~[netty-common-4.1.128.Final.jar!/:4.1.128.Final]
	at io.netty.util.internal.ThreadExecutorMap$2.run(ThreadExecutorMap.java:74) ~[netty-common-4.1.128.Final.jar!/:4.1.128.Final]
	at io.netty.util.concurrent.FastThreadLocalRunnable.run(FastThreadLocalRunnable.java:30) ~[netty-common-4.1.128.Final.jar!/:4.1.128.Final]
	at java.base/java.lang.Thread.run(Thread.java:842) ~[na:na]
Caused by: java.lang.ClassNotFoundException: com.fasterxml.jackson.databind.deser.std.StdKeyDeserializer$StringKD
	at java.base/java.net.URLClassLoader.findClass(URLClassLoader.java:445) ~[na:na]
	at java.base/java.lang.ClassLoader.loadClass(ClassLoader.java:587) ~[na:na]
	at org.springframework.boot.loader.net.protocol.jar.JarUrlClassLoader.loadClass(JarUrlClassLoader.java:107) ~[chatbot-0.0.1-SNAPSHOT.jar:0.0.1-SNAPSHOT]
	at org.springframework.boot.loader.launch.LaunchedClassLoader.loadClass(LaunchedClassLoader.java:91) ~[chatbot-0.0.1-SNAPSHOT.jar:0.0.1-SNAPSHOT]
	at java.base/java.lang.ClassLoader.loadClass(ClassLoader.java:520) ~[na:na]
	... 57 common frames omitted

2026-02-13T14:03:36.831+08:00  WARN 17749 --- [ctor-http-nio-4] i.n.c.AbstractChannelHandlerContext      : An exception 'java.lang.NoClassDefFoundError: com/fasterxml/jackson/databind/deser/std/StdKeyDeserializer$StringKD' [enable DEBUG level for full stacktrace] was thrown by a user handler's exceptionCaught() method while handling the following exception:

java.lang.NoClassDefFoundError: com/fasterxml/jackson/databind/deser/std/StdKeyDeserializer$StringKD
	at com.fasterxml.jackson.databind.deser.std.StdKeyDeserializers.findKeyDeserializer(StdKeyDeserializers.java:200) ~[jackson-databind-2.19.2.jar!/:2.19.2]
	at com.fasterxml.jackson.databind.deser.BasicDeserializerFactory.createKeyDeserializer(BasicDeserializerFactory.java:1256) ~[jackson-databind-2.19.2.jar!/:2.19.2]
	at com.fasterxml.jackson.databind.deser.DeserializerCache.findKeyDeserializer(DeserializerCache.java:199) ~[jackson-databind-2.19.2.jar!/:2.19.2]
	at com.fasterxml.jackson.databind.DeserializationContext.findKeyDeserializer(DeserializationContext.java:696) ~[jackson-databind-2.19.2.jar!/:2.19.2]
	at com.fasterxml.jackson.databind.deser.std.MapDeserializer.createContextual(MapDeserializer.java:313) ~[jackson-databind-2.19.2.jar!/:2.19.2]
	at com.fasterxml.jackson.databind.DeserializationContext.handleSecondaryContextualization(DeserializationContext.java:895) ~[jackson-databind-2.19.2.jar!/:2.19.2]
	at com.fasterxml.jackson.databind.DeserializationContext.findRootValueDeserializer(DeserializationContext.java:674) ~[jackson-databind-2.19.2.jar!/:2.19.2]
	at com.fasterxml.jackson.databind.ObjectReader._prefetchRootDeserializer(ObjectReader.java:2455) ~[jackson-databind-2.19.2.jar!/:2.19.2]
	at com.fasterxml.jackson.databind.ObjectReader.<init>(ObjectReader.java:193) ~[jackson-databind-2.19.2.jar!/:2.19.2]
	at com.fasterxml.jackson.databind.ObjectMapper._newReader(ObjectMapper.java:810) ~[jackson-databind-2.19.2.jar!/:2.19.2]
	at com.fasterxml.jackson.databind.ObjectMapper.readerFor(ObjectMapper.java:4382) ~[jackson-databind-2.19.2.jar!/:2.19.2]
	at org.springframework.http.codec.json.AbstractJackson2Decoder.createObjectReader(AbstractJackson2Decoder.java:238) ~[spring-web-6.2.12.jar!/:6.2.12]
	at org.springframework.http.codec.json.AbstractJackson2Decoder.decode(AbstractJackson2Decoder.java:212) ~[spring-web-6.2.12.jar!/:6.2.12]
	at org.springframework.http.codec.json.AbstractJackson2Decoder.lambda$decodeToMono$2(AbstractJackson2Decoder.java:198) ~[spring-web-6.2.12.jar!/:6.2.12]
	at reactor.core.publisher.MonoFlatMap$FlatMapMain.onNext(MonoFlatMap.java:132) ~[reactor-core-3.7.12.jar!/:3.7.12]
	at reactor.core.publisher.FluxContextWrite$ContextWriteSubscriber.onNext(FluxContextWrite.java:107) ~[reactor-core-3.7.12.jar!/:3.7.12]
	at reactor.core.publisher.FluxMapFuseable$MapFuseableConditionalSubscriber.onNext(FluxMapFuseable.java:299) ~[reactor-core-3.7.12.jar!/:3.7.12]
	at reactor.core.publisher.FluxFilterFuseable$FilterFuseableConditionalSubscriber.onNext(FluxFilterFuseable.java:337) ~[reactor-core-3.7.12.jar!/:3.7.12]
	at reactor.core.publisher.Operators$BaseFluxToMonoOperator.completePossiblyEmpty(Operators.java:2096) ~[reactor-core-3.7.12.jar!/:3.7.12]
	at reactor.core.publisher.MonoCollect$CollectSubscriber.onComplete(MonoCollect.java:145) ~[reactor-core-3.7.12.jar!/:3.7.12]
	at reactor.core.publisher.FluxMap$MapSubscriber.onComplete(FluxMap.java:144) ~[reactor-core-3.7.12.jar!/:3.7.12]
	at reactor.core.publisher.FluxPeek$PeekSubscriber.onComplete(FluxPeek.java:260) ~[reactor-core-3.7.12.jar!/:3.7.12]
	at reactor.core.publisher.FluxMap$MapSubscriber.onComplete(FluxMap.java:144) ~[reactor-core-3.7.12.jar!/:3.7.12]
	at reactor.netty.channel.FluxReceive.onInboundComplete(FluxReceive.java:413) ~[reactor-netty-core-1.2.11.jar!/:1.2.11]
	at reactor.netty.channel.ChannelOperations.onInboundComplete(ChannelOperations.java:464) ~[reactor-netty-core-1.2.11.jar!/:1.2.11]
	at reactor.netty.channel.ChannelOperations.terminate(ChannelOperations.java:518) ~[reactor-netty-core-1.2.11.jar!/:1.2.11]
	at reactor.netty.http.client.HttpClientOperations.onInboundNext(HttpClientOperations.java:925) ~[reactor-netty-http-1.2.11.jar!/:1.2.11]
	at reactor.netty.channel.ChannelOperationsHandler.channelRead(ChannelOperationsHandler.java:115) ~[reactor-netty-core-1.2.11.jar!/:1.2.11]
	at io.netty.channel.AbstractChannelHandlerContext.invokeChannelRead(AbstractChannelHandlerContext.java:444) ~[netty-transport-4.1.128.Final.jar!/:4.1.128.Final]
	at io.netty.channel.AbstractChannelHandlerContext.invokeChannelRead(AbstractChannelHandlerContext.java:420) ~[netty-transport-4.1.128.Final.jar!/:4.1.128.Final]
	at io.netty.channel.AbstractChannelHandlerContext.fireChannelRead(AbstractChannelHandlerContext.java:412) ~[netty-transport-4.1.128.Final.jar!/:4.1.128.Final]
	at io.netty.handler.codec.http.HttpContentDecoder.decode(HttpContentDecoder.java:166) ~[netty-codec-http-4.1.128.Final.jar!/:4.1.128.Final]
	at io.netty.handler.codec.http.HttpContentDecoder.decode(HttpContentDecoder.java:48) ~[netty-codec-http-4.1.128.Final.jar!/:4.1.128.Final]
	at io.netty.handler.codec.MessageToMessageDecoder.channelRead(MessageToMessageDecoder.java:91) ~[netty-codec-4.1.128.Final.jar!/:4.1.128.Final]
	at io.netty.channel.AbstractChannelHandlerContext.invokeChannelRead(AbstractChannelHandlerContext.java:444) ~[netty-transport-4.1.128.Final.jar!/:4.1.128.Final]
	at io.netty.channel.AbstractChannelHandlerContext.invokeChannelRead(AbstractChannelHandlerContext.java:420) ~[netty-transport-4.1.128.Final.jar!/:4.1.128.Final]
	at io.netty.channel.AbstractChannelHandlerContext.fireChannelRead(AbstractChannelHandlerContext.java:412) ~[netty-transport-4.1.128.Final.jar!/:4.1.128.Final]
	at io.netty.channel.CombinedChannelDuplexHandler$DelegatingChannelHandlerContext.fireChannelRead(CombinedChannelDuplexHandler.java:436) ~[netty-transport-4.1.128.Final.jar!/:4.1.128.Final]
	at io.netty.handler.codec.ByteToMessageDecoder.fireChannelRead(ByteToMessageDecoder.java:346) ~[netty-codec-4.1.128.Final.jar!/:4.1.128.Final]
	at io.netty.handler.codec.ByteToMessageDecoder.channelRead(ByteToMessageDecoder.java:318) ~[netty-codec-4.1.128.Final.jar!/:4.1.128.Final]
	at io.netty.channel.CombinedChannelDuplexHandler.channelRead(CombinedChannelDuplexHandler.java:251) ~[netty-transport-4.1.128.Final.jar!/:4.1.128.Final]
	at io.netty.channel.AbstractChannelHandlerContext.invokeChannelRead(AbstractChannelHandlerContext.java:442) ~[netty-transport-4.1.128.Final.jar!/:4.1.128.Final]
	at io.netty.channel.AbstractChannelHandlerContext.invokeChannelRead(AbstractChannelHandlerContext.java:420) ~[netty-transport-4.1.128.Final.jar!/:4.1.128.Final]
	at io.netty.channel.AbstractChannelHandlerContext.fireChannelRead(AbstractChannelHandlerContext.java:412) ~[netty-transport-4.1.128.Final.jar!/:4.1.128.Final]
	at io.netty.channel.DefaultChannelPipeline$HeadContext.channelRead(DefaultChannelPipeline.java:1357) ~[netty-transport-4.1.128.Final.jar!/:4.1.128.Final]
	at io.netty.channel.AbstractChannelHandlerContext.invokeChannelRead(AbstractChannelHandlerContext.java:440) ~[netty-transport-4.1.128.Final.jar!/:4.1.128.Final]
	at io.netty.channel.AbstractChannelHandlerContext.invokeChannelRead(AbstractChannelHandlerContext.java:420) ~[netty-transport-4.1.128.Final.jar!/:4.1.128.Final]
	at io.netty.channel.DefaultChannelPipeline.fireChannelRead(DefaultChannelPipeline.java:868) ~[netty-transport-4.1.128.Final.jar!/:4.1.128.Final]
	at io.netty.channel.nio.AbstractNioByteChannel$NioByteUnsafe.read(AbstractNioByteChannel.java:166) ~[netty-transport-4.1.128.Final.jar!/:4.1.128.Final]
	at io.netty.channel.nio.NioEventLoop.processSelectedKey(NioEventLoop.java:796) ~[netty-transport-4.1.128.Final.jar!/:4.1.128.Final]
	at io.netty.channel.nio.NioEventLoop.processSelectedKeysOptimized(NioEventLoop.java:732) ~[netty-transport-4.1.128.Final.jar!/:4.1.128.Final]
	at io.netty.channel.nio.NioEventLoop.processSelectedKeys(NioEventLoop.java:658) ~[netty-transport-4.1.128.Final.jar!/:4.1.128.Final]
	at io.netty.channel.nio.NioEventLoop.run(NioEventLoop.java:562) ~[netty-transport-4.1.128.Final.jar!/:4.1.128.Final]
	at io.netty.util.concurrent.SingleThreadEventExecutor$4.run(SingleThreadEventExecutor.java:998) ~[netty-common-4.1.128.Final.jar!/:4.1.128.Final]
	at io.netty.util.internal.ThreadExecutorMap$2.run(ThreadExecutorMap.java:74) ~[netty-common-4.1.128.Final.jar!/:4.1.128.Final]
	at io.netty.util.concurrent.FastThreadLocalRunnable.run(FastThreadLocalRunnable.java:30) ~[netty-common-4.1.128.Final.jar!/:4.1.128.Final]
	at java.base/java.lang.Thread.run(Thread.java:842) ~[na:na]
Caused by: java.lang.ClassNotFoundException: com.fasterxml.jackson.databind.deser.std.StdKeyDeserializer$StringKD
	at java.base/java.net.URLClassLoader.findClass(URLClassLoader.java:445) ~[na:na]
	at java.base/java.lang.ClassLoader.loadClass(ClassLoader.java:587) ~[na:na]
	at org.springframework.boot.loader.net.protocol.jar.JarUrlClassLoader.loadClass(JarUrlClassLoader.java:107) ~[chatbot-0.0.1-SNAPSHOT.jar:0.0.1-SNAPSHOT]
	at org.springframework.boot.loader.launch.LaunchedClassLoader.loadClass(LaunchedClassLoader.java:91) ~[chatbot-0.0.1-SNAPSHOT.jar:0.0.1-SNAPSHOT]
	at java.base/java.lang.ClassLoader.loadClass(ClassLoader.java:520) ~[na:na]
	... 57 common frames omitted

2026-02-13T14:04:06.914+08:00 ERROR 17749 --- [nio-8081-exec-4] o.a.c.c.C.[.[.[/].[dispatcherServlet]    : Servlet.service() for servlet [dispatcherServlet] threw exception

java.lang.ClassNotFoundException: org.springframework.web.method.annotation.ExceptionHandlerMethodResolver
	at java.base/java.net.URLClassLoader.findClass(URLClassLoader.java:445) ~[na:na]
	at java.base/java.lang.ClassLoader.loadClass(ClassLoader.java:587) ~[na:na]
	at org.springframework.boot.loader.net.protocol.jar.JarUrlClassLoader.loadClass(JarUrlClassLoader.java:107) ~[chatbot-0.0.1-SNAPSHOT.jar:0.0.1-SNAPSHOT]
	at org.springframework.boot.loader.launch.LaunchedClassLoader.loadClass(LaunchedClassLoader.java:91) ~[chatbot-0.0.1-SNAPSHOT.jar:0.0.1-SNAPSHOT]
	at java.base/java.lang.ClassLoader.loadClass(ClassLoader.java:520) ~[na:na]
	at org.springframework.web.servlet.mvc.method.annotation.ExceptionHandlerExceptionResolver.getExceptionHandlerMethod(ExceptionHandlerExceptionResolver.java:536) ~[spring-webmvc-6.2.12.jar!/:6.2.12]
	at org.springframework.web.servlet.mvc.method.annotation.ExceptionHandlerExceptionResolver.doResolveHandlerMethodException(ExceptionHandlerExceptionResolver.java:441) ~[spring-webmvc-6.2.12.jar!/:6.2.12]
	at org.springframework.web.servlet.handler.AbstractHandlerMethodExceptionResolver.doResolveException(AbstractHandlerMethodExceptionResolver.java:73) ~[spring-webmvc-6.2.12.jar!/:6.2.12]
	at org.springframework.web.servlet.handler.AbstractHandlerExceptionResolver.resolveException(AbstractHandlerExceptionResolver.java:182) ~[spring-webmvc-6.2.12.jar!/:6.2.12]
	at org.springframework.web.servlet.handler.HandlerExceptionResolverComposite.resolveException(HandlerExceptionResolverComposite.java:80) ~[spring-webmvc-6.2.12.jar!/:6.2.12]
	at org.springframework.web.servlet.DispatcherServlet.processHandlerException(DispatcherServlet.java:1360) ~[spring-webmvc-6.2.12.jar!/:6.2.12]
	at org.springframework.web.servlet.DispatcherServlet.processDispatchResult(DispatcherServlet.java:1161) ~[spring-webmvc-6.2.12.jar!/:6.2.12]
	at org.springframework.web.servlet.DispatcherServlet.doDispatch(DispatcherServlet.java:1106) ~[spring-webmvc-6.2.12.jar!/:6.2.12]
	at org.springframework.web.servlet.DispatcherServlet.doService(DispatcherServlet.java:979) ~[spring-webmvc-6.2.12.jar!/:6.2.12]
	at org.springframework.web.servlet.FrameworkServlet.processRequest(FrameworkServlet.java:1014) ~[spring-webmvc-6.2.12.jar!/:6.2.12]
	at org.springframework.web.servlet.FrameworkServlet.doPost(FrameworkServlet.java:914) ~[spring-webmvc-6.2.12.jar!/:6.2.12]
	at jakarta.servlet.http.HttpServlet.service(HttpServlet.java:590) ~[tomcat-embed-core-10.1.48.jar!/:na]
	at org.springframework.web.servlet.FrameworkServlet.service(FrameworkServlet.java:885) ~[spring-webmvc-6.2.12.jar!/:6.2.12]
	at jakarta.servlet.http.HttpServlet.service(HttpServlet.java:658) ~[tomcat-embed-core-10.1.48.jar!/:na]
	at org.apache.catalina.core.ApplicationFilterChain.internalDoFilter(ApplicationFilterChain.java:193) ~[tomcat-embed-core-10.1.48.jar!/:na]
	at org.apache.catalina.core.ApplicationFilterChain.doFilter(ApplicationFilterChain.java:138) ~[tomcat-embed-core-10.1.48.jar!/:na]
	at org.springframework.web.filter.RequestContextFilter.doFilterInternal(RequestContextFilter.java:100) ~[spring-web-6.2.12.jar!/:6.2.12]
	at org.springframework.web.filter.OncePerRequestFilter.doFilter(OncePerRequestFilter.java:116) ~[spring-web-6.2.12.jar!/:6.2.12]
	at org.apache.catalina.core.ApplicationFilterChain.internalDoFilter(ApplicationFilterChain.java:162) ~[tomcat-embed-core-10.1.48.jar!/:na]
	at org.apache.catalina.core.ApplicationFilterChain.doFilter(ApplicationFilterChain.java:138) ~[tomcat-embed-core-10.1.48.jar!/:na]
	at org.springframework.web.filter.OncePerRequestFilter.doFilter(OncePerRequestFilter.java:101) ~[spring-web-6.2.12.jar!/:6.2.12]
	at org.apache.catalina.core.ApplicationFilterChain.internalDoFilter(ApplicationFilterChain.java:162) ~[tomcat-embed-core-10.1.48.jar!/:na]
	at org.apache.catalina.core.ApplicationFilterChain.doFilter(ApplicationFilterChain.java:138) ~[tomcat-embed-core-10.1.48.jar!/:na]
	at org.springframework.web.filter.OncePerRequestFilter.doFilter(OncePerRequestFilter.java:101) ~[spring-web-6.2.12.jar!/:6.2.12]
	at org.apache.catalina.core.ApplicationFilterChain.internalDoFilter(ApplicationFilterChain.java:162) ~[tomcat-embed-core-10.1.48.jar!/:na]
	at org.apache.catalina.core.ApplicationFilterChain.doFilter(ApplicationFilterChain.java:138) ~[tomcat-embed-core-10.1.48.jar!/:na]
	at org.apache.catalina.core.ApplicationDispatcher.invoke(ApplicationDispatcher.java:610) ~[tomcat-embed-core-10.1.48.jar!/:na]
	at org.apache.catalina.core.ApplicationDispatcher.doDispatch(ApplicationDispatcher.java:538) ~[tomcat-embed-core-10.1.48.jar!/:na]
	at org.apache.catalina.core.ApplicationDispatcher.dispatch(ApplicationDispatcher.java:509) ~[tomcat-embed-core-10.1.48.jar!/:na]
	at org.apache.catalina.core.AsyncContextImpl$AsyncRunnable.run(AsyncContextImpl.java:599) ~[tomcat-embed-core-10.1.48.jar!/:na]
	at org.apache.catalina.core.AsyncContextImpl.doInternalDispatch(AsyncContextImpl.java:342) ~[tomcat-embed-core-10.1.48.jar!/:na]
	at org.apache.catalina.core.StandardWrapperValve.invoke(StandardWrapperValve.java:163) ~[tomcat-embed-core-10.1.48.jar!/:na]
	at org.apache.catalina.core.StandardContextValve.invoke(StandardContextValve.java:88) ~[tomcat-embed-core-10.1.48.jar!/:na]
	at org.apache.catalina.authenticator.AuthenticatorBase.invoke(AuthenticatorBase.java:482) ~[tomcat-embed-core-10.1.48.jar!/:na]
	at org.apache.catalina.core.StandardHostValve.invoke(StandardHostValve.java:113) ~[tomcat-embed-core-10.1.48.jar!/:na]
	at org.apache.catalina.valves.ErrorReportValve.invoke(ErrorReportValve.java:83) ~[tomcat-embed-core-10.1.48.jar!/:na]
	at org.apache.catalina.core.StandardEngineValve.invoke(StandardEngineValve.java:72) ~[tomcat-embed-core-10.1.48.jar!/:na]
	at org.apache.catalina.connector.CoyoteAdapter.asyncDispatch(CoyoteAdapter.java:237) ~[tomcat-embed-core-10.1.48.jar!/:na]
	at org.apache.coyote.AbstractProcessor.dispatch(AbstractProcessor.java:243) ~[tomcat-embed-core-10.1.48.jar!/:na]
	at org.apache.coyote.AbstractProcessorLight.process(AbstractProcessorLight.java:57) ~[tomcat-embed-core-10.1.48.jar!/:na]
	at org.apache.coyote.AbstractProtocol$ConnectionHandler.process(AbstractProtocol.java:903) ~[tomcat-embed-core-10.1.48.jar!/:na]
	at org.apache.tomcat.util.net.NioEndpoint$SocketProcessor.doRun(NioEndpoint.java:1774) ~[tomcat-embed-core-10.1.48.jar!/:na]
	at org.apache.tomcat.util.net.SocketProcessorBase.run(SocketProcessorBase.java:52) ~[tomcat-embed-core-10.1.48.jar!/:na]
	at org.apache.tomcat.util.threads.ThreadPoolExecutor.runWorker(ThreadPoolExecutor.java:973) ~[tomcat-embed-core-10.1.48.jar!/:na]
	at org.apache.tomcat.util.threads.ThreadPoolExecutor$Worker.run(ThreadPoolExecutor.java:491) ~[tomcat-embed-core-10.1.48.jar!/:na]
	at org.apache.tomcat.util.threads.TaskThread$WrappingRunnable.run(TaskThread.java:63) ~[tomcat-embed-core-10.1.48.jar!/:na]
	at java.base/java.lang.Thread.run(Thread.java:842) ~[na:na]

2026-02-13T14:04:06.918+08:00 ERROR 17749 --- [nio-8081-exec-4] o.a.c.c.C.[.[.[/].[dispatcherServlet]    : Servlet.service() for servlet [dispatcherServlet] in context with path [] threw exception [Handler processing failed: java.lang.NoClassDefFoundError: org/springframework/web/method/annotation/ExceptionHandlerMethodResolver] with root cause

java.lang.ClassNotFoundException: org.springframework.web.method.annotation.ExceptionHandlerMethodResolver
	at java.base/java.net.URLClassLoader.findClass(URLClassLoader.java:445) ~[na:na]
	at java.base/java.lang.ClassLoader.loadClass(ClassLoader.java:587) ~[na:na]
	at org.springframework.boot.loader.net.protocol.jar.JarUrlClassLoader.loadClass(JarUrlClassLoader.java:107) ~[chatbot-0.0.1-SNAPSHOT.jar:0.0.1-SNAPSHOT]
	at org.springframework.boot.loader.launch.LaunchedClassLoader.loadClass(LaunchedClassLoader.java:91) ~[chatbot-0.0.1-SNAPSHOT.jar:0.0.1-SNAPSHOT]
	at java.base/java.lang.ClassLoader.loadClass(ClassLoader.java:520) ~[na:na]
	at org.springframework.web.servlet.mvc.method.annotation.ExceptionHandlerExceptionResolver.getExceptionHandlerMethod(ExceptionHandlerExceptionResolver.java:536) ~[spring-webmvc-6.2.12.jar!/:6.2.12]
	at org.springframework.web.servlet.mvc.method.annotation.ExceptionHandlerExceptionResolver.doResolveHandlerMethodException(ExceptionHandlerExceptionResolver.java:441) ~[spring-webmvc-6.2.12.jar!/:6.2.12]
	at org.springframework.web.servlet.handler.AbstractHandlerMethodExceptionResolver.doResolveException(AbstractHandlerMethodExceptionResolver.java:73) ~[spring-webmvc-6.2.12.jar!/:6.2.12]
	at org.springframework.web.servlet.handler.AbstractHandlerExceptionResolver.resolveException(AbstractHandlerExceptionResolver.java:182) ~[spring-webmvc-6.2.12.jar!/:6.2.12]
	at org.springframework.web.servlet.handler.HandlerExceptionResolverComposite.resolveException(HandlerExceptionResolverComposite.java:80) ~[spring-webmvc-6.2.12.jar!/:6.2.12]
	at org.springframework.web.servlet.DispatcherServlet.processHandlerException(DispatcherServlet.java:1360) ~[spring-webmvc-6.2.12.jar!/:6.2.12]
	at org.springframework.web.servlet.DispatcherServlet.processDispatchResult(DispatcherServlet.java:1161) ~[spring-webmvc-6.2.12.jar!/:6.2.12]
	at org.springframework.web.servlet.DispatcherServlet.doDispatch(DispatcherServlet.java:1106) ~[spring-webmvc-6.2.12.jar!/:6.2.12]
	at org.springframework.web.servlet.DispatcherServlet.doService(DispatcherServlet.java:979) ~[spring-webmvc-6.2.12.jar!/:6.2.12]
	at org.springframework.web.servlet.FrameworkServlet.processRequest(FrameworkServlet.java:1014) ~[spring-webmvc-6.2.12.jar!/:6.2.12]
	at org.springframework.web.servlet.FrameworkServlet.doPost(FrameworkServlet.java:914) ~[spring-webmvc-6.2.12.jar!/:6.2.12]
	at jakarta.servlet.http.HttpServlet.service(HttpServlet.java:590) ~[tomcat-embed-core-10.1.48.jar!/:na]
	at org.springframework.web.servlet.FrameworkServlet.service(FrameworkServlet.java:885) ~[spring-webmvc-6.2.12.jar!/:6.2.12]
	at jakarta.servlet.http.HttpServlet.service(HttpServlet.java:658) ~[tomcat-embed-core-10.1.48.jar!/:na]
	at org.apache.catalina.core.ApplicationFilterChain.internalDoFilter(ApplicationFilterChain.java:193) ~[tomcat-embed-core-10.1.48.jar!/:na]
	at org.apache.catalina.core.ApplicationFilterChain.doFilter(ApplicationFilterChain.java:138) ~[tomcat-embed-core-10.1.48.jar!/:na]
	at org.springframework.web.filter.RequestContextFilter.doFilterInternal(RequestContextFilter.java:100) ~[spring-web-6.2.12.jar!/:6.2.12]
	at org.springframework.web.filter.OncePerRequestFilter.doFilter(OncePerRequestFilter.java:116) ~[spring-web-6.2.12.jar!/:6.2.12]
	at org.apache.catalina.core.ApplicationFilterChain.internalDoFilter(ApplicationFilterChain.java:162) ~[tomcat-embed-core-10.1.48.jar!/:na]
	at org.apache.catalina.core.ApplicationFilterChain.doFilter(ApplicationFilterChain.java:138) ~[tomcat-embed-core-10.1.48.jar!/:na]
	at org.springframework.web.filter.OncePerRequestFilter.doFilter(OncePerRequestFilter.java:101) ~[spring-web-6.2.12.jar!/:6.2.12]
	at org.apache.catalina.core.ApplicationFilterChain.internalDoFilter(ApplicationFilterChain.java:162) ~[tomcat-embed-core-10.1.48.jar!/:na]
	at org.apache.catalina.core.ApplicationFilterChain.doFilter(ApplicationFilterChain.java:138) ~[tomcat-embed-core-10.1.48.jar!/:na]
	at org.springframework.web.filter.OncePerRequestFilter.doFilter(OncePerRequestFilter.java:101) ~[spring-web-6.2.12.jar!/:6.2.12]
	at org.apache.catalina.core.ApplicationFilterChain.internalDoFilter(ApplicationFilterChain.java:162) ~[tomcat-embed-core-10.1.48.jar!/:na]
	at org.apache.catalina.core.ApplicationFilterChain.doFilter(ApplicationFilterChain.java:138) ~[tomcat-embed-core-10.1.48.jar!/:na]
	at org.apache.catalina.core.ApplicationDispatcher.invoke(ApplicationDispatcher.java:610) ~[tomcat-embed-core-10.1.48.jar!/:na]
	at org.apache.catalina.core.ApplicationDispatcher.doDispatch(ApplicationDispatcher.java:538) ~[tomcat-embed-core-10.1.48.jar!/:na]
	at org.apache.catalina.core.ApplicationDispatcher.dispatch(ApplicationDispatcher.java:509) ~[tomcat-embed-core-10.1.48.jar!/:na]
	at org.apache.catalina.core.AsyncContextImpl$AsyncRunnable.run(AsyncContextImpl.java:599) ~[tomcat-embed-core-10.1.48.jar!/:na]
	at org.apache.catalina.core.AsyncContextImpl.doInternalDispatch(AsyncContextImpl.java:342) ~[tomcat-embed-core-10.1.48.jar!/:na]
	at org.apache.catalina.core.StandardWrapperValve.invoke(StandardWrapperValve.java:163) ~[tomcat-embed-core-10.1.48.jar!/:na]
	at org.apache.catalina.core.StandardContextValve.invoke(StandardContextValve.java:88) ~[tomcat-embed-core-10.1.48.jar!/:na]
	at org.apache.catalina.authenticator.AuthenticatorBase.invoke(AuthenticatorBase.java:482) ~[tomcat-embed-core-10.1.48.jar!/:na]
	at org.apache.catalina.core.StandardHostValve.invoke(StandardHostValve.java:113) ~[tomcat-embed-core-10.1.48.jar!/:na]
	at org.apache.catalina.valves.ErrorReportValve.invoke(ErrorReportValve.java:83) ~[tomcat-embed-core-10.1.48.jar!/:na]
	at org.apache.catalina.core.StandardEngineValve.invoke(StandardEngineValve.java:72) ~[tomcat-embed-core-10.1.48.jar!/:na]
	at org.apache.catalina.connector.CoyoteAdapter.asyncDispatch(CoyoteAdapter.java:237) ~[tomcat-embed-core-10.1.48.jar!/:na]
	at org.apache.coyote.AbstractProcessor.dispatch(AbstractProcessor.java:243) ~[tomcat-embed-core-10.1.48.jar!/:na]
	at org.apache.coyote.AbstractProcessorLight.process(AbstractProcessorLight.java:57) ~[tomcat-embed-core-10.1.48.jar!/:na]
	at org.apache.coyote.AbstractProtocol$ConnectionHandler.process(AbstractProtocol.java:903) ~[tomcat-embed-core-10.1.48.jar!/:na]
	at org.apache.tomcat.util.net.NioEndpoint$SocketProcessor.doRun(NioEndpoint.java:1774) ~[tomcat-embed-core-10.1.48.jar!/:na]
	at org.apache.tomcat.util.net.SocketProcessorBase.run(SocketProcessorBase.java:52) ~[tomcat-embed-core-10.1.48.jar!/:na]
	at org.apache.tomcat.util.threads.ThreadPoolExecutor.runWorker(ThreadPoolExecutor.java:973) ~[tomcat-embed-core-10.1.48.jar!/:na]
	at org.apache.tomcat.util.threads.ThreadPoolExecutor$Worker.run(ThreadPoolExecutor.java:491) ~[tomcat-embed-core-10.1.48.jar!/:na]
	at org.apache.tomcat.util.threads.TaskThread$WrappingRunnable.run(TaskThread.java:63) ~[tomcat-embed-core-10.1.48.jar!/:na]
	at java.base/java.lang.Thread.run(Thread.java:842) ~[na:na]

2026-02-13T14:21:46.778+08:00  INFO 17749 --- [nio-8081-exec-6] c.a.c.a.examples.chatbot.AuthController  : Login request for email: john@example.com
2026-02-13T14:21:46.779+08:00  INFO 17749 --- [nio-8081-exec-6] c.a.c.a.e.chatbot.AdminApiService        : Attempting login for user: john@example.com
2026-02-13T14:21:46.890+08:00  WARN 17749 --- [ctor-http-nio-5] reactor.core.Exceptions                  : throwIfFatal detected a jvm fatal exception, which is thrown and logged below:

java.lang.NoClassDefFoundError: com/fasterxml/jackson/databind/deser/std/StdKeyDeserializer$StringKD
	at com.fasterxml.jackson.databind.deser.std.StdKeyDeserializers.findKeyDeserializer(StdKeyDeserializers.java:200) ~[jackson-databind-2.19.2.jar!/:2.19.2]
	at com.fasterxml.jackson.databind.deser.BasicDeserializerFactory.createKeyDeserializer(BasicDeserializerFactory.java:1256) ~[jackson-databind-2.19.2.jar!/:2.19.2]
	at com.fasterxml.jackson.databind.deser.DeserializerCache.findKeyDeserializer(DeserializerCache.java:199) ~[jackson-databind-2.19.2.jar!/:2.19.2]
	at com.fasterxml.jackson.databind.DeserializationContext.findKeyDeserializer(DeserializationContext.java:696) ~[jackson-databind-2.19.2.jar!/:2.19.2]
	at com.fasterxml.jackson.databind.deser.std.MapDeserializer.createContextual(MapDeserializer.java:313) ~[jackson-databind-2.19.2.jar!/:2.19.2]
	at com.fasterxml.jackson.databind.DeserializationContext.handleSecondaryContextualization(DeserializationContext.java:895) ~[jackson-databind-2.19.2.jar!/:2.19.2]
	at com.fasterxml.jackson.databind.DeserializationContext.findRootValueDeserializer(DeserializationContext.java:674) ~[jackson-databind-2.19.2.jar!/:2.19.2]
	at com.fasterxml.jackson.databind.ObjectReader._prefetchRootDeserializer(ObjectReader.java:2455) ~[jackson-databind-2.19.2.jar!/:2.19.2]
	at com.fasterxml.jackson.databind.ObjectReader.<init>(ObjectReader.java:193) ~[jackson-databind-2.19.2.jar!/:2.19.2]
	at com.fasterxml.jackson.databind.ObjectMapper._newReader(ObjectMapper.java:810) ~[jackson-databind-2.19.2.jar!/:2.19.2]
	at com.fasterxml.jackson.databind.ObjectMapper.readerFor(ObjectMapper.java:4382) ~[jackson-databind-2.19.2.jar!/:2.19.2]
	at org.springframework.http.codec.json.AbstractJackson2Decoder.createObjectReader(AbstractJackson2Decoder.java:238) ~[spring-web-6.2.12.jar!/:6.2.12]
	at org.springframework.http.codec.json.AbstractJackson2Decoder.decode(AbstractJackson2Decoder.java:212) ~[spring-web-6.2.12.jar!/:6.2.12]
	at org.springframework.http.codec.json.AbstractJackson2Decoder.lambda$decodeToMono$2(AbstractJackson2Decoder.java:198) ~[spring-web-6.2.12.jar!/:6.2.12]
	at reactor.core.publisher.MonoFlatMap$FlatMapMain.onNext(MonoFlatMap.java:132) ~[reactor-core-3.7.12.jar!/:3.7.12]
	at reactor.core.publisher.FluxContextWrite$ContextWriteSubscriber.onNext(FluxContextWrite.java:107) ~[reactor-core-3.7.12.jar!/:3.7.12]
	at reactor.core.publisher.FluxMapFuseable$MapFuseableConditionalSubscriber.onNext(FluxMapFuseable.java:299) ~[reactor-core-3.7.12.jar!/:3.7.12]
	at reactor.core.publisher.FluxFilterFuseable$FilterFuseableConditionalSubscriber.onNext(FluxFilterFuseable.java:337) ~[reactor-core-3.7.12.jar!/:3.7.12]
	at reactor.core.publisher.Operators$BaseFluxToMonoOperator.completePossiblyEmpty(Operators.java:2096) ~[reactor-core-3.7.12.jar!/:3.7.12]
	at reactor.core.publisher.MonoCollect$CollectSubscriber.onComplete(MonoCollect.java:145) ~[reactor-core-3.7.12.jar!/:3.7.12]
	at reactor.core.publisher.FluxMap$MapSubscriber.onComplete(FluxMap.java:144) ~[reactor-core-3.7.12.jar!/:3.7.12]
	at reactor.core.publisher.FluxPeek$PeekSubscriber.onComplete(FluxPeek.java:260) ~[reactor-core-3.7.12.jar!/:3.7.12]
	at reactor.core.publisher.FluxMap$MapSubscriber.onComplete(FluxMap.java:144) ~[reactor-core-3.7.12.jar!/:3.7.12]
	at reactor.netty.channel.FluxReceive.onInboundComplete(FluxReceive.java:413) ~[reactor-netty-core-1.2.11.jar!/:1.2.11]
	at reactor.netty.channel.ChannelOperations.onInboundComplete(ChannelOperations.java:464) ~[reactor-netty-core-1.2.11.jar!/:1.2.11]
	at reactor.netty.channel.ChannelOperations.terminate(ChannelOperations.java:518) ~[reactor-netty-core-1.2.11.jar!/:1.2.11]
	at reactor.netty.http.client.HttpClientOperations.onInboundNext(HttpClientOperations.java:925) ~[reactor-netty-http-1.2.11.jar!/:1.2.11]
	at reactor.netty.channel.ChannelOperationsHandler.channelRead(ChannelOperationsHandler.java:115) ~[reactor-netty-core-1.2.11.jar!/:1.2.11]
	at io.netty.channel.AbstractChannelHandlerContext.invokeChannelRead(AbstractChannelHandlerContext.java:444) ~[netty-transport-4.1.128.Final.jar!/:4.1.128.Final]
	at io.netty.channel.AbstractChannelHandlerContext.invokeChannelRead(AbstractChannelHandlerContext.java:420) ~[netty-transport-4.1.128.Final.jar!/:4.1.128.Final]
	at io.netty.channel.AbstractChannelHandlerContext.fireChannelRead(AbstractChannelHandlerContext.java:412) ~[netty-transport-4.1.128.Final.jar!/:4.1.128.Final]
	at io.netty.handler.codec.http.HttpContentDecoder.decode(HttpContentDecoder.java:166) ~[netty-codec-http-4.1.128.Final.jar!/:4.1.128.Final]
	at io.netty.handler.codec.http.HttpContentDecoder.decode(HttpContentDecoder.java:48) ~[netty-codec-http-4.1.128.Final.jar!/:4.1.128.Final]
	at io.netty.handler.codec.MessageToMessageDecoder.channelRead(MessageToMessageDecoder.java:91) ~[netty-codec-4.1.128.Final.jar!/:4.1.128.Final]
	at io.netty.channel.AbstractChannelHandlerContext.invokeChannelRead(AbstractChannelHandlerContext.java:444) ~[netty-transport-4.1.128.Final.jar!/:4.1.128.Final]
	at io.netty.channel.AbstractChannelHandlerContext.invokeChannelRead(AbstractChannelHandlerContext.java:420) ~[netty-transport-4.1.128.Final.jar!/:4.1.128.Final]
	at io.netty.channel.AbstractChannelHandlerContext.fireChannelRead(AbstractChannelHandlerContext.java:412) ~[netty-transport-4.1.128.Final.jar!/:4.1.128.Final]
	at io.netty.channel.CombinedChannelDuplexHandler$DelegatingChannelHandlerContext.fireChannelRead(CombinedChannelDuplexHandler.java:436) ~[netty-transport-4.1.128.Final.jar!/:4.1.128.Final]
	at io.netty.handler.codec.ByteToMessageDecoder.fireChannelRead(ByteToMessageDecoder.java:346) ~[netty-codec-4.1.128.Final.jar!/:4.1.128.Final]
	at io.netty.handler.codec.ByteToMessageDecoder.channelRead(ByteToMessageDecoder.java:318) ~[netty-codec-4.1.128.Final.jar!/:4.1.128.Final]
	at io.netty.channel.CombinedChannelDuplexHandler.channelRead(CombinedChannelDuplexHandler.java:251) ~[netty-transport-4.1.128.Final.jar!/:4.1.128.Final]
	at io.netty.channel.AbstractChannelHandlerContext.invokeChannelRead(AbstractChannelHandlerContext.java:442) ~[netty-transport-4.1.128.Final.jar!/:4.1.128.Final]
	at io.netty.channel.AbstractChannelHandlerContext.invokeChannelRead(AbstractChannelHandlerContext.java:420) ~[netty-transport-4.1.128.Final.jar!/:4.1.128.Final]
	at io.netty.channel.AbstractChannelHandlerContext.fireChannelRead(AbstractChannelHandlerContext.java:412) ~[netty-transport-4.1.128.Final.jar!/:4.1.128.Final]
	at io.netty.channel.DefaultChannelPipeline$HeadContext.channelRead(DefaultChannelPipeline.java:1357) ~[netty-transport-4.1.128.Final.jar!/:4.1.128.Final]
	at io.netty.channel.AbstractChannelHandlerContext.invokeChannelRead(AbstractChannelHandlerContext.java:440) ~[netty-transport-4.1.128.Final.jar!/:4.1.128.Final]
	at io.netty.channel.AbstractChannelHandlerContext.invokeChannelRead(AbstractChannelHandlerContext.java:420) ~[netty-transport-4.1.128.Final.jar!/:4.1.128.Final]
	at io.netty.channel.DefaultChannelPipeline.fireChannelRead(DefaultChannelPipeline.java:868) ~[netty-transport-4.1.128.Final.jar!/:4.1.128.Final]
	at io.netty.channel.nio.AbstractNioByteChannel$NioByteUnsafe.read(AbstractNioByteChannel.java:166) ~[netty-transport-4.1.128.Final.jar!/:4.1.128.Final]
	at io.netty.channel.nio.NioEventLoop.processSelectedKey(NioEventLoop.java:796) ~[netty-transport-4.1.128.Final.jar!/:4.1.128.Final]
	at io.netty.channel.nio.NioEventLoop.processSelectedKeysOptimized(NioEventLoop.java:732) ~[netty-transport-4.1.128.Final.jar!/:4.1.128.Final]
	at io.netty.channel.nio.NioEventLoop.processSelectedKeys(NioEventLoop.java:658) ~[netty-transport-4.1.128.Final.jar!/:4.1.128.Final]
	at io.netty.channel.nio.NioEventLoop.run(NioEventLoop.java:562) ~[netty-transport-4.1.128.Final.jar!/:4.1.128.Final]
	at io.netty.util.concurrent.SingleThreadEventExecutor$4.run(SingleThreadEventExecutor.java:998) ~[netty-common-4.1.128.Final.jar!/:4.1.128.Final]
	at io.netty.util.internal.ThreadExecutorMap$2.run(ThreadExecutorMap.java:74) ~[netty-common-4.1.128.Final.jar!/:4.1.128.Final]
	at io.netty.util.concurrent.FastThreadLocalRunnable.run(FastThreadLocalRunnable.java:30) ~[netty-common-4.1.128.Final.jar!/:4.1.128.Final]
	at java.base/java.lang.Thread.run(Thread.java:842) ~[na:na]
Caused by: java.lang.ClassNotFoundException: com.fasterxml.jackson.databind.deser.std.StdKeyDeserializer$StringKD
	at java.base/java.net.URLClassLoader.findClass(URLClassLoader.java:445) ~[na:na]
	at java.base/java.lang.ClassLoader.loadClass(ClassLoader.java:587) ~[na:na]
	at org.springframework.boot.loader.net.protocol.jar.JarUrlClassLoader.loadClass(JarUrlClassLoader.java:107) ~[chatbot-0.0.1-SNAPSHOT.jar:0.0.1-SNAPSHOT]
	at org.springframework.boot.loader.launch.LaunchedClassLoader.loadClass(LaunchedClassLoader.java:91) ~[chatbot-0.0.1-SNAPSHOT.jar:0.0.1-SNAPSHOT]
	at java.base/java.lang.ClassLoader.loadClass(ClassLoader.java:520) ~[na:na]
	... 57 common frames omitted

2026-02-13T14:21:46.892+08:00 ERROR 17749 --- [ctor-http-nio-5] r.n.channel.ChannelOperationsHandler     : [f62ab4cd, L:/127.0.0.1:52659 - R:localhost/127.0.0.1:8080] Error was received while reading the incoming data. The connection will be closed.

java.lang.NoClassDefFoundError: com/fasterxml/jackson/databind/deser/std/StdKeyDeserializer$StringKD
	at com.fasterxml.jackson.databind.deser.std.StdKeyDeserializers.findKeyDeserializer(StdKeyDeserializers.java:200) ~[jackson-databind-2.19.2.jar!/:2.19.2]
	at com.fasterxml.jackson.databind.deser.BasicDeserializerFactory.createKeyDeserializer(BasicDeserializerFactory.java:1256) ~[jackson-databind-2.19.2.jar!/:2.19.2]
	at com.fasterxml.jackson.databind.deser.DeserializerCache.findKeyDeserializer(DeserializerCache.java:199) ~[jackson-databind-2.19.2.jar!/:2.19.2]
	at com.fasterxml.jackson.databind.DeserializationContext.findKeyDeserializer(DeserializationContext.java:696) ~[jackson-databind-2.19.2.jar!/:2.19.2]
	at com.fasterxml.jackson.databind.deser.std.MapDeserializer.createContextual(MapDeserializer.java:313) ~[jackson-databind-2.19.2.jar!/:2.19.2]
	at com.fasterxml.jackson.databind.DeserializationContext.handleSecondaryContextualization(DeserializationContext.java:895) ~[jackson-databind-2.19.2.jar!/:2.19.2]
	at com.fasterxml.jackson.databind.DeserializationContext.findRootValueDeserializer(DeserializationContext.java:674) ~[jackson-databind-2.19.2.jar!/:2.19.2]
	at com.fasterxml.jackson.databind.ObjectReader._prefetchRootDeserializer(ObjectReader.java:2455) ~[jackson-databind-2.19.2.jar!/:2.19.2]
	at com.fasterxml.jackson.databind.ObjectReader.<init>(ObjectReader.java:193) ~[jackson-databind-2.19.2.jar!/:2.19.2]
	at com.fasterxml.jackson.databind.ObjectMapper._newReader(ObjectMapper.java:810) ~[jackson-databind-2.19.2.jar!/:2.19.2]
	at com.fasterxml.jackson.databind.ObjectMapper.readerFor(ObjectMapper.java:4382) ~[jackson-databind-2.19.2.jar!/:2.19.2]
	at org.springframework.http.codec.json.AbstractJackson2Decoder.createObjectReader(AbstractJackson2Decoder.java:238) ~[spring-web-6.2.12.jar!/:6.2.12]
	at org.springframework.http.codec.json.AbstractJackson2Decoder.decode(AbstractJackson2Decoder.java:212) ~[spring-web-6.2.12.jar!/:6.2.12]
	at org.springframework.http.codec.json.AbstractJackson2Decoder.lambda$decodeToMono$2(AbstractJackson2Decoder.java:198) ~[spring-web-6.2.12.jar!/:6.2.12]
	at reactor.core.publisher.MonoFlatMap$FlatMapMain.onNext(MonoFlatMap.java:132) ~[reactor-core-3.7.12.jar!/:3.7.12]
	at reactor.core.publisher.FluxContextWrite$ContextWriteSubscriber.onNext(FluxContextWrite.java:107) ~[reactor-core-3.7.12.jar!/:3.7.12]
	at reactor.core.publisher.FluxMapFuseable$MapFuseableConditionalSubscriber.onNext(FluxMapFuseable.java:299) ~[reactor-core-3.7.12.jar!/:3.7.12]
	at reactor.core.publisher.FluxFilterFuseable$FilterFuseableConditionalSubscriber.onNext(FluxFilterFuseable.java:337) ~[reactor-core-3.7.12.jar!/:3.7.12]
	at reactor.core.publisher.Operators$BaseFluxToMonoOperator.completePossiblyEmpty(Operators.java:2096) ~[reactor-core-3.7.12.jar!/:3.7.12]
	at reactor.core.publisher.MonoCollect$CollectSubscriber.onComplete(MonoCollect.java:145) ~[reactor-core-3.7.12.jar!/:3.7.12]
	at reactor.core.publisher.FluxMap$MapSubscriber.onComplete(FluxMap.java:144) ~[reactor-core-3.7.12.jar!/:3.7.12]
	at reactor.core.publisher.FluxPeek$PeekSubscriber.onComplete(FluxPeek.java:260) ~[reactor-core-3.7.12.jar!/:3.7.12]
	at reactor.core.publisher.FluxMap$MapSubscriber.onComplete(FluxMap.java:144) ~[reactor-core-3.7.12.jar!/:3.7.12]
	at reactor.netty.channel.FluxReceive.onInboundComplete(FluxReceive.java:413) ~[reactor-netty-core-1.2.11.jar!/:1.2.11]
	at reactor.netty.channel.ChannelOperations.onInboundComplete(ChannelOperations.java:464) ~[reactor-netty-core-1.2.11.jar!/:1.2.11]
	at reactor.netty.channel.ChannelOperations.terminate(ChannelOperations.java:518) ~[reactor-netty-core-1.2.11.jar!/:1.2.11]
	at reactor.netty.http.client.HttpClientOperations.onInboundNext(HttpClientOperations.java:925) ~[reactor-netty-http-1.2.11.jar!/:1.2.11]
	at reactor.netty.channel.ChannelOperationsHandler.channelRead(ChannelOperationsHandler.java:115) ~[reactor-netty-core-1.2.11.jar!/:1.2.11]
	at io.netty.channel.AbstractChannelHandlerContext.invokeChannelRead(AbstractChannelHandlerContext.java:444) ~[netty-transport-4.1.128.Final.jar!/:4.1.128.Final]
	at io.netty.channel.AbstractChannelHandlerContext.invokeChannelRead(AbstractChannelHandlerContext.java:420) ~[netty-transport-4.1.128.Final.jar!/:4.1.128.Final]
	at io.netty.channel.AbstractChannelHandlerContext.fireChannelRead(AbstractChannelHandlerContext.java:412) ~[netty-transport-4.1.128.Final.jar!/:4.1.128.Final]
	at io.netty.handler.codec.http.HttpContentDecoder.decode(HttpContentDecoder.java:166) ~[netty-codec-http-4.1.128.Final.jar!/:4.1.128.Final]
	at io.netty.handler.codec.http.HttpContentDecoder.decode(HttpContentDecoder.java:48) ~[netty-codec-http-4.1.128.Final.jar!/:4.1.128.Final]
	at io.netty.handler.codec.MessageToMessageDecoder.channelRead(MessageToMessageDecoder.java:91) ~[netty-codec-4.1.128.Final.jar!/:4.1.128.Final]
	at io.netty.channel.AbstractChannelHandlerContext.invokeChannelRead(AbstractChannelHandlerContext.java:444) ~[netty-transport-4.1.128.Final.jar!/:4.1.128.Final]
	at io.netty.channel.AbstractChannelHandlerContext.invokeChannelRead(AbstractChannelHandlerContext.java:420) ~[netty-transport-4.1.128.Final.jar!/:4.1.128.Final]
	at io.netty.channel.AbstractChannelHandlerContext.fireChannelRead(AbstractChannelHandlerContext.java:412) ~[netty-transport-4.1.128.Final.jar!/:4.1.128.Final]
	at io.netty.channel.CombinedChannelDuplexHandler$DelegatingChannelHandlerContext.fireChannelRead(CombinedChannelDuplexHandler.java:436) ~[netty-transport-4.1.128.Final.jar!/:4.1.128.Final]
	at io.netty.handler.codec.ByteToMessageDecoder.fireChannelRead(ByteToMessageDecoder.java:346) ~[netty-codec-4.1.128.Final.jar!/:4.1.128.Final]
	at io.netty.handler.codec.ByteToMessageDecoder.channelRead(ByteToMessageDecoder.java:318) ~[netty-codec-4.1.128.Final.jar!/:4.1.128.Final]
	at io.netty.channel.CombinedChannelDuplexHandler.channelRead(CombinedChannelDuplexHandler.java:251) ~[netty-transport-4.1.128.Final.jar!/:4.1.128.Final]
	at io.netty.channel.AbstractChannelHandlerContext.invokeChannelRead(AbstractChannelHandlerContext.java:442) ~[netty-transport-4.1.128.Final.jar!/:4.1.128.Final]
	at io.netty.channel.AbstractChannelHandlerContext.invokeChannelRead(AbstractChannelHandlerContext.java:420) ~[netty-transport-4.1.128.Final.jar!/:4.1.128.Final]
	at io.netty.channel.AbstractChannelHandlerContext.fireChannelRead(AbstractChannelHandlerContext.java:412) ~[netty-transport-4.1.128.Final.jar!/:4.1.128.Final]
	at io.netty.channel.DefaultChannelPipeline$HeadContext.channelRead(DefaultChannelPipeline.java:1357) ~[netty-transport-4.1.128.Final.jar!/:4.1.128.Final]
	at io.netty.channel.AbstractChannelHandlerContext.invokeChannelRead(AbstractChannelHandlerContext.java:440) ~[netty-transport-4.1.128.Final.jar!/:4.1.128.Final]
	at io.netty.channel.AbstractChannelHandlerContext.invokeChannelRead(AbstractChannelHandlerContext.java:420) ~[netty-transport-4.1.128.Final.jar!/:4.1.128.Final]
	at io.netty.channel.DefaultChannelPipeline.fireChannelRead(DefaultChannelPipeline.java:868) ~[netty-transport-4.1.128.Final.jar!/:4.1.128.Final]
	at io.netty.channel.nio.AbstractNioByteChannel$NioByteUnsafe.read(AbstractNioByteChannel.java:166) ~[netty-transport-4.1.128.Final.jar!/:4.1.128.Final]
	at io.netty.channel.nio.NioEventLoop.processSelectedKey(NioEventLoop.java:796) ~[netty-transport-4.1.128.Final.jar!/:4.1.128.Final]
	at io.netty.channel.nio.NioEventLoop.processSelectedKeysOptimized(NioEventLoop.java:732) ~[netty-transport-4.1.128.Final.jar!/:4.1.128.Final]
	at io.netty.channel.nio.NioEventLoop.processSelectedKeys(NioEventLoop.java:658) ~[netty-transport-4.1.128.Final.jar!/:4.1.128.Final]
	at io.netty.channel.nio.NioEventLoop.run(NioEventLoop.java:562) ~[netty-transport-4.1.128.Final.jar!/:4.1.128.Final]
	at io.netty.util.concurrent.SingleThreadEventExecutor$4.run(SingleThreadEventExecutor.java:998) ~[netty-common-4.1.128.Final.jar!/:4.1.128.Final]
	at io.netty.util.internal.ThreadExecutorMap$2.run(ThreadExecutorMap.java:74) ~[netty-common-4.1.128.Final.jar!/:4.1.128.Final]
	at io.netty.util.concurrent.FastThreadLocalRunnable.run(FastThreadLocalRunnable.java:30) ~[netty-common-4.1.128.Final.jar!/:4.1.128.Final]
	at java.base/java.lang.Thread.run(Thread.java:842) ~[na:na]
Caused by: java.lang.ClassNotFoundException: com.fasterxml.jackson.databind.deser.std.StdKeyDeserializer$StringKD
	at java.base/java.net.URLClassLoader.findClass(URLClassLoader.java:445) ~[na:na]
	at java.base/java.lang.ClassLoader.loadClass(ClassLoader.java:587) ~[na:na]
	at org.springframework.boot.loader.net.protocol.jar.JarUrlClassLoader.loadClass(JarUrlClassLoader.java:107) ~[chatbot-0.0.1-SNAPSHOT.jar:0.0.1-SNAPSHOT]
	at org.springframework.boot.loader.launch.LaunchedClassLoader.loadClass(LaunchedClassLoader.java:91) ~[chatbot-0.0.1-SNAPSHOT.jar:0.0.1-SNAPSHOT]
	at java.base/java.lang.ClassLoader.loadClass(ClassLoader.java:520) ~[na:na]
	... 57 common frames omitted

2026-02-13T14:21:46.893+08:00  WARN 17749 --- [ctor-http-nio-5] reactor.core.Exceptions                  : throwIfFatal detected a jvm fatal exception, which is thrown and logged below:

java.lang.NoClassDefFoundError: com/fasterxml/jackson/databind/deser/std/StdKeyDeserializer$StringKD
	at com.fasterxml.jackson.databind.deser.std.StdKeyDeserializers.findKeyDeserializer(StdKeyDeserializers.java:200) ~[jackson-databind-2.19.2.jar!/:2.19.2]
	at com.fasterxml.jackson.databind.deser.BasicDeserializerFactory.createKeyDeserializer(BasicDeserializerFactory.java:1256) ~[jackson-databind-2.19.2.jar!/:2.19.2]
	at com.fasterxml.jackson.databind.deser.DeserializerCache.findKeyDeserializer(DeserializerCache.java:199) ~[jackson-databind-2.19.2.jar!/:2.19.2]
	at com.fasterxml.jackson.databind.DeserializationContext.findKeyDeserializer(DeserializationContext.java:696) ~[jackson-databind-2.19.2.jar!/:2.19.2]
	at com.fasterxml.jackson.databind.deser.std.MapDeserializer.createContextual(MapDeserializer.java:313) ~[jackson-databind-2.19.2.jar!/:2.19.2]
	at com.fasterxml.jackson.databind.DeserializationContext.handleSecondaryContextualization(DeserializationContext.java:895) ~[jackson-databind-2.19.2.jar!/:2.19.2]
	at com.fasterxml.jackson.databind.DeserializationContext.findRootValueDeserializer(DeserializationContext.java:674) ~[jackson-databind-2.19.2.jar!/:2.19.2]
	at com.fasterxml.jackson.databind.ObjectReader._prefetchRootDeserializer(ObjectReader.java:2455) ~[jackson-databind-2.19.2.jar!/:2.19.2]
	at com.fasterxml.jackson.databind.ObjectReader.<init>(ObjectReader.java:193) ~[jackson-databind-2.19.2.jar!/:2.19.2]
	at com.fasterxml.jackson.databind.ObjectMapper._newReader(ObjectMapper.java:810) ~[jackson-databind-2.19.2.jar!/:2.19.2]
	at com.fasterxml.jackson.databind.ObjectMapper.readerFor(ObjectMapper.java:4382) ~[jackson-databind-2.19.2.jar!/:2.19.2]
	at org.springframework.http.codec.json.AbstractJackson2Decoder.createObjectReader(AbstractJackson2Decoder.java:238) ~[spring-web-6.2.12.jar!/:6.2.12]
	at org.springframework.http.codec.json.AbstractJackson2Decoder.decode(AbstractJackson2Decoder.java:212) ~[spring-web-6.2.12.jar!/:6.2.12]
	at org.springframework.http.codec.json.AbstractJackson2Decoder.lambda$decodeToMono$2(AbstractJackson2Decoder.java:198) ~[spring-web-6.2.12.jar!/:6.2.12]
	at reactor.core.publisher.MonoFlatMap$FlatMapMain.onNext(MonoFlatMap.java:132) ~[reactor-core-3.7.12.jar!/:3.7.12]
	at reactor.core.publisher.FluxContextWrite$ContextWriteSubscriber.onNext(FluxContextWrite.java:107) ~[reactor-core-3.7.12.jar!/:3.7.12]
	at reactor.core.publisher.FluxMapFuseable$MapFuseableConditionalSubscriber.onNext(FluxMapFuseable.java:299) ~[reactor-core-3.7.12.jar!/:3.7.12]
	at reactor.core.publisher.FluxFilterFuseable$FilterFuseableConditionalSubscriber.onNext(FluxFilterFuseable.java:337) ~[reactor-core-3.7.12.jar!/:3.7.12]
	at reactor.core.publisher.Operators$BaseFluxToMonoOperator.completePossiblyEmpty(Operators.java:2096) ~[reactor-core-3.7.12.jar!/:3.7.12]
	at reactor.core.publisher.MonoCollect$CollectSubscriber.onComplete(MonoCollect.java:145) ~[reactor-core-3.7.12.jar!/:3.7.12]
	at reactor.core.publisher.FluxMap$MapSubscriber.onComplete(FluxMap.java:144) ~[reactor-core-3.7.12.jar!/:3.7.12]
	at reactor.core.publisher.FluxPeek$PeekSubscriber.onComplete(FluxPeek.java:260) ~[reactor-core-3.7.12.jar!/:3.7.12]
	at reactor.core.publisher.FluxMap$MapSubscriber.onComplete(FluxMap.java:144) ~[reactor-core-3.7.12.jar!/:3.7.12]
	at reactor.netty.channel.FluxReceive.onInboundComplete(FluxReceive.java:413) ~[reactor-netty-core-1.2.11.jar!/:1.2.11]
	at reactor.netty.channel.ChannelOperations.onInboundComplete(ChannelOperations.java:464) ~[reactor-netty-core-1.2.11.jar!/:1.2.11]
	at reactor.netty.channel.ChannelOperations.terminate(ChannelOperations.java:518) ~[reactor-netty-core-1.2.11.jar!/:1.2.11]
	at reactor.netty.http.client.HttpClientOperations.onInboundNext(HttpClientOperations.java:925) ~[reactor-netty-http-1.2.11.jar!/:1.2.11]
	at reactor.netty.channel.ChannelOperationsHandler.channelRead(ChannelOperationsHandler.java:115) ~[reactor-netty-core-1.2.11.jar!/:1.2.11]
	at io.netty.channel.AbstractChannelHandlerContext.invokeChannelRead(AbstractChannelHandlerContext.java:444) ~[netty-transport-4.1.128.Final.jar!/:4.1.128.Final]
	at io.netty.channel.AbstractChannelHandlerContext.invokeChannelRead(AbstractChannelHandlerContext.java:420) ~[netty-transport-4.1.128.Final.jar!/:4.1.128.Final]
	at io.netty.channel.AbstractChannelHandlerContext.fireChannelRead(AbstractChannelHandlerContext.java:412) ~[netty-transport-4.1.128.Final.jar!/:4.1.128.Final]
	at io.netty.handler.codec.http.HttpContentDecoder.decode(HttpContentDecoder.java:166) ~[netty-codec-http-4.1.128.Final.jar!/:4.1.128.Final]
	at io.netty.handler.codec.http.HttpContentDecoder.decode(HttpContentDecoder.java:48) ~[netty-codec-http-4.1.128.Final.jar!/:4.1.128.Final]
	at io.netty.handler.codec.MessageToMessageDecoder.channelRead(MessageToMessageDecoder.java:91) ~[netty-codec-4.1.128.Final.jar!/:4.1.128.Final]
	at io.netty.channel.AbstractChannelHandlerContext.invokeChannelRead(AbstractChannelHandlerContext.java:444) ~[netty-transport-4.1.128.Final.jar!/:4.1.128.Final]
	at io.netty.channel.AbstractChannelHandlerContext.invokeChannelRead(AbstractChannelHandlerContext.java:420) ~[netty-transport-4.1.128.Final.jar!/:4.1.128.Final]
	at io.netty.channel.AbstractChannelHandlerContext.fireChannelRead(AbstractChannelHandlerContext.java:412) ~[netty-transport-4.1.128.Final.jar!/:4.1.128.Final]
	at io.netty.channel.CombinedChannelDuplexHandler$DelegatingChannelHandlerContext.fireChannelRead(CombinedChannelDuplexHandler.java:436) ~[netty-transport-4.1.128.Final.jar!/:4.1.128.Final]
	at io.netty.handler.codec.ByteToMessageDecoder.fireChannelRead(ByteToMessageDecoder.java:346) ~[netty-codec-4.1.128.Final.jar!/:4.1.128.Final]
	at io.netty.handler.codec.ByteToMessageDecoder.channelRead(ByteToMessageDecoder.java:318) ~[netty-codec-4.1.128.Final.jar!/:4.1.128.Final]
	at io.netty.channel.CombinedChannelDuplexHandler.channelRead(CombinedChannelDuplexHandler.java:251) ~[netty-transport-4.1.128.Final.jar!/:4.1.128.Final]
	at io.netty.channel.AbstractChannelHandlerContext.invokeChannelRead(AbstractChannelHandlerContext.java:442) ~[netty-transport-4.1.128.Final.jar!/:4.1.128.Final]
	at io.netty.channel.AbstractChannelHandlerContext.invokeChannelRead(AbstractChannelHandlerContext.java:420) ~[netty-transport-4.1.128.Final.jar!/:4.1.128.Final]
	at io.netty.channel.AbstractChannelHandlerContext.fireChannelRead(AbstractChannelHandlerContext.java:412) ~[netty-transport-4.1.128.Final.jar!/:4.1.128.Final]
	at io.netty.channel.DefaultChannelPipeline$HeadContext.channelRead(DefaultChannelPipeline.java:1357) ~[netty-transport-4.1.128.Final.jar!/:4.1.128.Final]
	at io.netty.channel.AbstractChannelHandlerContext.invokeChannelRead(AbstractChannelHandlerContext.java:440) ~[netty-transport-4.1.128.Final.jar!/:4.1.128.Final]
	at io.netty.channel.AbstractChannelHandlerContext.invokeChannelRead(AbstractChannelHandlerContext.java:420) ~[netty-transport-4.1.128.Final.jar!/:4.1.128.Final]
	at io.netty.channel.DefaultChannelPipeline.fireChannelRead(DefaultChannelPipeline.java:868) ~[netty-transport-4.1.128.Final.jar!/:4.1.128.Final]
	at io.netty.channel.nio.AbstractNioByteChannel$NioByteUnsafe.read(AbstractNioByteChannel.java:166) ~[netty-transport-4.1.128.Final.jar!/:4.1.128.Final]
	at io.netty.channel.nio.NioEventLoop.processSelectedKey(NioEventLoop.java:796) ~[netty-transport-4.1.128.Final.jar!/:4.1.128.Final]
	at io.netty.channel.nio.NioEventLoop.processSelectedKeysOptimized(NioEventLoop.java:732) ~[netty-transport-4.1.128.Final.jar!/:4.1.128.Final]
	at io.netty.channel.nio.NioEventLoop.processSelectedKeys(NioEventLoop.java:658) ~[netty-transport-4.1.128.Final.jar!/:4.1.128.Final]
	at io.netty.channel.nio.NioEventLoop.run(NioEventLoop.java:562) ~[netty-transport-4.1.128.Final.jar!/:4.1.128.Final]
	at io.netty.util.concurrent.SingleThreadEventExecutor$4.run(SingleThreadEventExecutor.java:998) ~[netty-common-4.1.128.Final.jar!/:4.1.128.Final]
	at io.netty.util.internal.ThreadExecutorMap$2.run(ThreadExecutorMap.java:74) ~[netty-common-4.1.128.Final.jar!/:4.1.128.Final]
	at io.netty.util.concurrent.FastThreadLocalRunnable.run(FastThreadLocalRunnable.java:30) ~[netty-common-4.1.128.Final.jar!/:4.1.128.Final]
	at java.base/java.lang.Thread.run(Thread.java:842) ~[na:na]
Caused by: java.lang.ClassNotFoundException: com.fasterxml.jackson.databind.deser.std.StdKeyDeserializer$StringKD
	at java.base/java.net.URLClassLoader.findClass(URLClassLoader.java:445) ~[na:na]
	at java.base/java.lang.ClassLoader.loadClass(ClassLoader.java:587) ~[na:na]
	at org.springframework.boot.loader.net.protocol.jar.JarUrlClassLoader.loadClass(JarUrlClassLoader.java:107) ~[chatbot-0.0.1-SNAPSHOT.jar:0.0.1-SNAPSHOT]
	at org.springframework.boot.loader.launch.LaunchedClassLoader.loadClass(LaunchedClassLoader.java:91) ~[chatbot-0.0.1-SNAPSHOT.jar:0.0.1-SNAPSHOT]
	at java.base/java.lang.ClassLoader.loadClass(ClassLoader.java:520) ~[na:na]
	... 57 common frames omitted

2026-02-13T14:21:46.894+08:00  WARN 17749 --- [ctor-http-nio-5] reactor.core.Exceptions                  : throwIfFatal detected a jvm fatal exception, which is thrown and logged below:

java.lang.NoClassDefFoundError: com/fasterxml/jackson/databind/deser/std/StdKeyDeserializer$StringKD
	at com.fasterxml.jackson.databind.deser.std.StdKeyDeserializers.findKeyDeserializer(StdKeyDeserializers.java:200) ~[jackson-databind-2.19.2.jar!/:2.19.2]
	at com.fasterxml.jackson.databind.deser.BasicDeserializerFactory.createKeyDeserializer(BasicDeserializerFactory.java:1256) ~[jackson-databind-2.19.2.jar!/:2.19.2]
	at com.fasterxml.jackson.databind.deser.DeserializerCache.findKeyDeserializer(DeserializerCache.java:199) ~[jackson-databind-2.19.2.jar!/:2.19.2]
	at com.fasterxml.jackson.databind.DeserializationContext.findKeyDeserializer(DeserializationContext.java:696) ~[jackson-databind-2.19.2.jar!/:2.19.2]
	at com.fasterxml.jackson.databind.deser.std.MapDeserializer.createContextual(MapDeserializer.java:313) ~[jackson-databind-2.19.2.jar!/:2.19.2]
	at com.fasterxml.jackson.databind.DeserializationContext.handleSecondaryContextualization(DeserializationContext.java:895) ~[jackson-databind-2.19.2.jar!/:2.19.2]
	at com.fasterxml.jackson.databind.DeserializationContext.findRootValueDeserializer(DeserializationContext.java:674) ~[jackson-databind-2.19.2.jar!/:2.19.2]
	at com.fasterxml.jackson.databind.ObjectReader._prefetchRootDeserializer(ObjectReader.java:2455) ~[jackson-databind-2.19.2.jar!/:2.19.2]
	at com.fasterxml.jackson.databind.ObjectReader.<init>(ObjectReader.java:193) ~[jackson-databind-2.19.2.jar!/:2.19.2]
	at com.fasterxml.jackson.databind.ObjectMapper._newReader(ObjectMapper.java:810) ~[jackson-databind-2.19.2.jar!/:2.19.2]
	at com.fasterxml.jackson.databind.ObjectMapper.readerFor(ObjectMapper.java:4382) ~[jackson-databind-2.19.2.jar!/:2.19.2]
	at org.springframework.http.codec.json.AbstractJackson2Decoder.createObjectReader(AbstractJackson2Decoder.java:238) ~[spring-web-6.2.12.jar!/:6.2.12]
	at org.springframework.http.codec.json.AbstractJackson2Decoder.decode(AbstractJackson2Decoder.java:212) ~[spring-web-6.2.12.jar!/:6.2.12]
	at org.springframework.http.codec.json.AbstractJackson2Decoder.lambda$decodeToMono$2(AbstractJackson2Decoder.java:198) ~[spring-web-6.2.12.jar!/:6.2.12]
	at reactor.core.publisher.MonoFlatMap$FlatMapMain.onNext(MonoFlatMap.java:132) ~[reactor-core-3.7.12.jar!/:3.7.12]
	at reactor.core.publisher.FluxContextWrite$ContextWriteSubscriber.onNext(FluxContextWrite.java:107) ~[reactor-core-3.7.12.jar!/:3.7.12]
	at reactor.core.publisher.FluxMapFuseable$MapFuseableConditionalSubscriber.onNext(FluxMapFuseable.java:299) ~[reactor-core-3.7.12.jar!/:3.7.12]
	at reactor.core.publisher.FluxFilterFuseable$FilterFuseableConditionalSubscriber.onNext(FluxFilterFuseable.java:337) ~[reactor-core-3.7.12.jar!/:3.7.12]
	at reactor.core.publisher.Operators$BaseFluxToMonoOperator.completePossiblyEmpty(Operators.java:2096) ~[reactor-core-3.7.12.jar!/:3.7.12]
	at reactor.core.publisher.MonoCollect$CollectSubscriber.onComplete(MonoCollect.java:145) ~[reactor-core-3.7.12.jar!/:3.7.12]
	at reactor.core.publisher.FluxMap$MapSubscriber.onComplete(FluxMap.java:144) ~[reactor-core-3.7.12.jar!/:3.7.12]
	at reactor.core.publisher.FluxPeek$PeekSubscriber.onComplete(FluxPeek.java:260) ~[reactor-core-3.7.12.jar!/:3.7.12]
	at reactor.core.publisher.FluxMap$MapSubscriber.onComplete(FluxMap.java:144) ~[reactor-core-3.7.12.jar!/:3.7.12]
	at reactor.netty.channel.FluxReceive.onInboundComplete(FluxReceive.java:413) ~[reactor-netty-core-1.2.11.jar!/:1.2.11]
	at reactor.netty.channel.ChannelOperations.onInboundComplete(ChannelOperations.java:464) ~[reactor-netty-core-1.2.11.jar!/:1.2.11]
	at reactor.netty.channel.ChannelOperations.terminate(ChannelOperations.java:518) ~[reactor-netty-core-1.2.11.jar!/:1.2.11]
	at reactor.netty.http.client.HttpClientOperations.onInboundNext(HttpClientOperations.java:925) ~[reactor-netty-http-1.2.11.jar!/:1.2.11]
	at reactor.netty.channel.ChannelOperationsHandler.channelRead(ChannelOperationsHandler.java:115) ~[reactor-netty-core-1.2.11.jar!/:1.2.11]
	at io.netty.channel.AbstractChannelHandlerContext.invokeChannelRead(AbstractChannelHandlerContext.java:444) ~[netty-transport-4.1.128.Final.jar!/:4.1.128.Final]
	at io.netty.channel.AbstractChannelHandlerContext.invokeChannelRead(AbstractChannelHandlerContext.java:420) ~[netty-transport-4.1.128.Final.jar!/:4.1.128.Final]
	at io.netty.channel.AbstractChannelHandlerContext.fireChannelRead(AbstractChannelHandlerContext.java:412) ~[netty-transport-4.1.128.Final.jar!/:4.1.128.Final]
	at io.netty.handler.codec.http.HttpContentDecoder.decode(HttpContentDecoder.java:166) ~[netty-codec-http-4.1.128.Final.jar!/:4.1.128.Final]
	at io.netty.handler.codec.http.HttpContentDecoder.decode(HttpContentDecoder.java:48) ~[netty-codec-http-4.1.128.Final.jar!/:4.1.128.Final]
	at io.netty.handler.codec.MessageToMessageDecoder.channelRead(MessageToMessageDecoder.java:91) ~[netty-codec-4.1.128.Final.jar!/:4.1.128.Final]
	at io.netty.channel.AbstractChannelHandlerContext.invokeChannelRead(AbstractChannelHandlerContext.java:444) ~[netty-transport-4.1.128.Final.jar!/:4.1.128.Final]
	at io.netty.channel.AbstractChannelHandlerContext.invokeChannelRead(AbstractChannelHandlerContext.java:420) ~[netty-transport-4.1.128.Final.jar!/:4.1.128.Final]
	at io.netty.channel.AbstractChannelHandlerContext.fireChannelRead(AbstractChannelHandlerContext.java:412) ~[netty-transport-4.1.128.Final.jar!/:4.1.128.Final]
	at io.netty.channel.CombinedChannelDuplexHandler$DelegatingChannelHandlerContext.fireChannelRead(CombinedChannelDuplexHandler.java:436) ~[netty-transport-4.1.128.Final.jar!/:4.1.128.Final]
	at io.netty.handler.codec.ByteToMessageDecoder.fireChannelRead(ByteToMessageDecoder.java:346) ~[netty-codec-4.1.128.Final.jar!/:4.1.128.Final]
	at io.netty.handler.codec.ByteToMessageDecoder.channelRead(ByteToMessageDecoder.java:318) ~[netty-codec-4.1.128.Final.jar!/:4.1.128.Final]
	at io.netty.channel.CombinedChannelDuplexHandler.channelRead(CombinedChannelDuplexHandler.java:251) ~[netty-transport-4.1.128.Final.jar!/:4.1.128.Final]
	at io.netty.channel.AbstractChannelHandlerContext.invokeChannelRead(AbstractChannelHandlerContext.java:442) ~[netty-transport-4.1.128.Final.jar!/:4.1.128.Final]
	at io.netty.channel.AbstractChannelHandlerContext.invokeChannelRead(AbstractChannelHandlerContext.java:420) ~[netty-transport-4.1.128.Final.jar!/:4.1.128.Final]
	at io.netty.channel.AbstractChannelHandlerContext.fireChannelRead(AbstractChannelHandlerContext.java:412) ~[netty-transport-4.1.128.Final.jar!/:4.1.128.Final]
	at io.netty.channel.DefaultChannelPipeline$HeadContext.channelRead(DefaultChannelPipeline.java:1357) ~[netty-transport-4.1.128.Final.jar!/:4.1.128.Final]
	at io.netty.channel.AbstractChannelHandlerContext.invokeChannelRead(AbstractChannelHandlerContext.java:440) ~[netty-transport-4.1.128.Final.jar!/:4.1.128.Final]
	at io.netty.channel.AbstractChannelHandlerContext.invokeChannelRead(AbstractChannelHandlerContext.java:420) ~[netty-transport-4.1.128.Final.jar!/:4.1.128.Final]
	at io.netty.channel.DefaultChannelPipeline.fireChannelRead(DefaultChannelPipeline.java:868) ~[netty-transport-4.1.128.Final.jar!/:4.1.128.Final]
	at io.netty.channel.nio.AbstractNioByteChannel$NioByteUnsafe.read(AbstractNioByteChannel.java:166) ~[netty-transport-4.1.128.Final.jar!/:4.1.128.Final]
	at io.netty.channel.nio.NioEventLoop.processSelectedKey(NioEventLoop.java:796) ~[netty-transport-4.1.128.Final.jar!/:4.1.128.Final]
	at io.netty.channel.nio.NioEventLoop.processSelectedKeysOptimized(NioEventLoop.java:732) ~[netty-transport-4.1.128.Final.jar!/:4.1.128.Final]
	at io.netty.channel.nio.NioEventLoop.processSelectedKeys(NioEventLoop.java:658) ~[netty-transport-4.1.128.Final.jar!/:4.1.128.Final]
	at io.netty.channel.nio.NioEventLoop.run(NioEventLoop.java:562) ~[netty-transport-4.1.128.Final.jar!/:4.1.128.Final]
	at io.netty.util.concurrent.SingleThreadEventExecutor$4.run(SingleThreadEventExecutor.java:998) ~[netty-common-4.1.128.Final.jar!/:4.1.128.Final]
	at io.netty.util.internal.ThreadExecutorMap$2.run(ThreadExecutorMap.java:74) ~[netty-common-4.1.128.Final.jar!/:4.1.128.Final]
	at io.netty.util.concurrent.FastThreadLocalRunnable.run(FastThreadLocalRunnable.java:30) ~[netty-common-4.1.128.Final.jar!/:4.1.128.Final]
	at java.base/java.lang.Thread.run(Thread.java:842) ~[na:na]
Caused by: java.lang.ClassNotFoundException: com.fasterxml.jackson.databind.deser.std.StdKeyDeserializer$StringKD
	at java.base/java.net.URLClassLoader.findClass(URLClassLoader.java:445) ~[na:na]
	at java.base/java.lang.ClassLoader.loadClass(ClassLoader.java:587) ~[na:na]
	at org.springframework.boot.loader.net.protocol.jar.JarUrlClassLoader.loadClass(JarUrlClassLoader.java:107) ~[chatbot-0.0.1-SNAPSHOT.jar:0.0.1-SNAPSHOT]
	at org.springframework.boot.loader.launch.LaunchedClassLoader.loadClass(LaunchedClassLoader.java:91) ~[chatbot-0.0.1-SNAPSHOT.jar:0.0.1-SNAPSHOT]
	at java.base/java.lang.ClassLoader.loadClass(ClassLoader.java:520) ~[na:na]
	... 57 common frames omitted

2026-02-13T14:21:46.895+08:00  WARN 17749 --- [ctor-http-nio-5] i.n.c.AbstractChannelHandlerContext      : An exception 'java.lang.NoClassDefFoundError: com/fasterxml/jackson/databind/deser/std/StdKeyDeserializer$StringKD' [enable DEBUG level for full stacktrace] was thrown by a user handler's exceptionCaught() method while handling the following exception:

java.lang.NoClassDefFoundError: com/fasterxml/jackson/databind/deser/std/StdKeyDeserializer$StringKD
	at com.fasterxml.jackson.databind.deser.std.StdKeyDeserializers.findKeyDeserializer(StdKeyDeserializers.java:200) ~[jackson-databind-2.19.2.jar!/:2.19.2]
	at com.fasterxml.jackson.databind.deser.BasicDeserializerFactory.createKeyDeserializer(BasicDeserializerFactory.java:1256) ~[jackson-databind-2.19.2.jar!/:2.19.2]
	at com.fasterxml.jackson.databind.deser.DeserializerCache.findKeyDeserializer(DeserializerCache.java:199) ~[jackson-databind-2.19.2.jar!/:2.19.2]
	at com.fasterxml.jackson.databind.DeserializationContext.findKeyDeserializer(DeserializationContext.java:696) ~[jackson-databind-2.19.2.jar!/:2.19.2]
	at com.fasterxml.jackson.databind.deser.std.MapDeserializer.createContextual(MapDeserializer.java:313) ~[jackson-databind-2.19.2.jar!/:2.19.2]
	at com.fasterxml.jackson.databind.DeserializationContext.handleSecondaryContextualization(DeserializationContext.java:895) ~[jackson-databind-2.19.2.jar!/:2.19.2]
	at com.fasterxml.jackson.databind.DeserializationContext.findRootValueDeserializer(DeserializationContext.java:674) ~[jackson-databind-2.19.2.jar!/:2.19.2]
	at com.fasterxml.jackson.databind.ObjectReader._prefetchRootDeserializer(ObjectReader.java:2455) ~[jackson-databind-2.19.2.jar!/:2.19.2]
	at com.fasterxml.jackson.databind.ObjectReader.<init>(ObjectReader.java:193) ~[jackson-databind-2.19.2.jar!/:2.19.2]
	at com.fasterxml.jackson.databind.ObjectMapper._newReader(ObjectMapper.java:810) ~[jackson-databind-2.19.2.jar!/:2.19.2]
	at com.fasterxml.jackson.databind.ObjectMapper.readerFor(ObjectMapper.java:4382) ~[jackson-databind-2.19.2.jar!/:2.19.2]
	at org.springframework.http.codec.json.AbstractJackson2Decoder.createObjectReader(AbstractJackson2Decoder.java:238) ~[spring-web-6.2.12.jar!/:6.2.12]
	at org.springframework.http.codec.json.AbstractJackson2Decoder.decode(AbstractJackson2Decoder.java:212) ~[spring-web-6.2.12.jar!/:6.2.12]
	at org.springframework.http.codec.json.AbstractJackson2Decoder.lambda$decodeToMono$2(AbstractJackson2Decoder.java:198) ~[spring-web-6.2.12.jar!/:6.2.12]
	at reactor.core.publisher.MonoFlatMap$FlatMapMain.onNext(MonoFlatMap.java:132) ~[reactor-core-3.7.12.jar!/:3.7.12]
	at reactor.core.publisher.FluxContextWrite$ContextWriteSubscriber.onNext(FluxContextWrite.java:107) ~[reactor-core-3.7.12.jar!/:3.7.12]
	at reactor.core.publisher.FluxMapFuseable$MapFuseableConditionalSubscriber.onNext(FluxMapFuseable.java:299) ~[reactor-core-3.7.12.jar!/:3.7.12]
	at reactor.core.publisher.FluxFilterFuseable$FilterFuseableConditionalSubscriber.onNext(FluxFilterFuseable.java:337) ~[reactor-core-3.7.12.jar!/:3.7.12]
	at reactor.core.publisher.Operators$BaseFluxToMonoOperator.completePossiblyEmpty(Operators.java:2096) ~[reactor-core-3.7.12.jar!/:3.7.12]
	at reactor.core.publisher.MonoCollect$CollectSubscriber.onComplete(MonoCollect.java:145) ~[reactor-core-3.7.12.jar!/:3.7.12]
	at reactor.core.publisher.FluxMap$MapSubscriber.onComplete(FluxMap.java:144) ~[reactor-core-3.7.12.jar!/:3.7.12]
	at reactor.core.publisher.FluxPeek$PeekSubscriber.onComplete(FluxPeek.java:260) ~[reactor-core-3.7.12.jar!/:3.7.12]
	at reactor.core.publisher.FluxMap$MapSubscriber.onComplete(FluxMap.java:144) ~[reactor-core-3.7.12.jar!/:3.7.12]
	at reactor.netty.channel.FluxReceive.onInboundComplete(FluxReceive.java:413) ~[reactor-netty-core-1.2.11.jar!/:1.2.11]
	at reactor.netty.channel.ChannelOperations.onInboundComplete(ChannelOperations.java:464) ~[reactor-netty-core-1.2.11.jar!/:1.2.11]
	at reactor.netty.channel.ChannelOperations.terminate(ChannelOperations.java:518) ~[reactor-netty-core-1.2.11.jar!/:1.2.11]
	at reactor.netty.http.client.HttpClientOperations.onInboundNext(HttpClientOperations.java:925) ~[reactor-netty-http-1.2.11.jar!/:1.2.11]
	at reactor.netty.channel.ChannelOperationsHandler.channelRead(ChannelOperationsHandler.java:115) ~[reactor-netty-core-1.2.11.jar!/:1.2.11]
	at io.netty.channel.AbstractChannelHandlerContext.invokeChannelRead(AbstractChannelHandlerContext.java:444) ~[netty-transport-4.1.128.Final.jar!/:4.1.128.Final]
	at io.netty.channel.AbstractChannelHandlerContext.invokeChannelRead(AbstractChannelHandlerContext.java:420) ~[netty-transport-4.1.128.Final.jar!/:4.1.128.Final]
	at io.netty.channel.AbstractChannelHandlerContext.fireChannelRead(AbstractChannelHandlerContext.java:412) ~[netty-transport-4.1.128.Final.jar!/:4.1.128.Final]
	at io.netty.handler.codec.http.HttpContentDecoder.decode(HttpContentDecoder.java:166) ~[netty-codec-http-4.1.128.Final.jar!/:4.1.128.Final]
	at io.netty.handler.codec.http.HttpContentDecoder.decode(HttpContentDecoder.java:48) ~[netty-codec-http-4.1.128.Final.jar!/:4.1.128.Final]
	at io.netty.handler.codec.MessageToMessageDecoder.channelRead(MessageToMessageDecoder.java:91) ~[netty-codec-4.1.128.Final.jar!/:4.1.128.Final]
	at io.netty.channel.AbstractChannelHandlerContext.invokeChannelRead(AbstractChannelHandlerContext.java:444) ~[netty-transport-4.1.128.Final.jar!/:4.1.128.Final]
	at io.netty.channel.AbstractChannelHandlerContext.invokeChannelRead(AbstractChannelHandlerContext.java:420) ~[netty-transport-4.1.128.Final.jar!/:4.1.128.Final]
	at io.netty.channel.AbstractChannelHandlerContext.fireChannelRead(AbstractChannelHandlerContext.java:412) ~[netty-transport-4.1.128.Final.jar!/:4.1.128.Final]
	at io.netty.channel.CombinedChannelDuplexHandler$DelegatingChannelHandlerContext.fireChannelRead(CombinedChannelDuplexHandler.java:436) ~[netty-transport-4.1.128.Final.jar!/:4.1.128.Final]
	at io.netty.handler.codec.ByteToMessageDecoder.fireChannelRead(ByteToMessageDecoder.java:346) ~[netty-codec-4.1.128.Final.jar!/:4.1.128.Final]
	at io.netty.handler.codec.ByteToMessageDecoder.channelRead(ByteToMessageDecoder.java:318) ~[netty-codec-4.1.128.Final.jar!/:4.1.128.Final]
	at io.netty.channel.CombinedChannelDuplexHandler.channelRead(CombinedChannelDuplexHandler.java:251) ~[netty-transport-4.1.128.Final.jar!/:4.1.128.Final]
	at io.netty.channel.AbstractChannelHandlerContext.invokeChannelRead(AbstractChannelHandlerContext.java:442) ~[netty-transport-4.1.128.Final.jar!/:4.1.128.Final]
	at io.netty.channel.AbstractChannelHandlerContext.invokeChannelRead(AbstractChannelHandlerContext.java:420) ~[netty-transport-4.1.128.Final.jar!/:4.1.128.Final]
	at io.netty.channel.AbstractChannelHandlerContext.fireChannelRead(AbstractChannelHandlerContext.java:412) ~[netty-transport-4.1.128.Final.jar!/:4.1.128.Final]
	at io.netty.channel.DefaultChannelPipeline$HeadContext.channelRead(DefaultChannelPipeline.java:1357) ~[netty-transport-4.1.128.Final.jar!/:4.1.128.Final]
	at io.netty.channel.AbstractChannelHandlerContext.invokeChannelRead(AbstractChannelHandlerContext.java:440) ~[netty-transport-4.1.128.Final.jar!/:4.1.128.Final]
	at io.netty.channel.AbstractChannelHandlerContext.invokeChannelRead(AbstractChannelHandlerContext.java:420) ~[netty-transport-4.1.128.Final.jar!/:4.1.128.Final]
	at io.netty.channel.DefaultChannelPipeline.fireChannelRead(DefaultChannelPipeline.java:868) ~[netty-transport-4.1.128.Final.jar!/:4.1.128.Final]
	at io.netty.channel.nio.AbstractNioByteChannel$NioByteUnsafe.read(AbstractNioByteChannel.java:166) ~[netty-transport-4.1.128.Final.jar!/:4.1.128.Final]
	at io.netty.channel.nio.NioEventLoop.processSelectedKey(NioEventLoop.java:796) ~[netty-transport-4.1.128.Final.jar!/:4.1.128.Final]
	at io.netty.channel.nio.NioEventLoop.processSelectedKeysOptimized(NioEventLoop.java:732) ~[netty-transport-4.1.128.Final.jar!/:4.1.128.Final]
	at io.netty.channel.nio.NioEventLoop.processSelectedKeys(NioEventLoop.java:658) ~[netty-transport-4.1.128.Final.jar!/:4.1.128.Final]
	at io.netty.channel.nio.NioEventLoop.run(NioEventLoop.java:562) ~[netty-transport-4.1.128.Final.jar!/:4.1.128.Final]
	at io.netty.util.concurrent.SingleThreadEventExecutor$4.run(SingleThreadEventExecutor.java:998) ~[netty-common-4.1.128.Final.jar!/:4.1.128.Final]
	at io.netty.util.internal.ThreadExecutorMap$2.run(ThreadExecutorMap.java:74) ~[netty-common-4.1.128.Final.jar!/:4.1.128.Final]
	at io.netty.util.concurrent.FastThreadLocalRunnable.run(FastThreadLocalRunnable.java:30) ~[netty-common-4.1.128.Final.jar!/:4.1.128.Final]
	at java.base/java.lang.Thread.run(Thread.java:842) ~[na:na]
Caused by: java.lang.ClassNotFoundException: com.fasterxml.jackson.databind.deser.std.StdKeyDeserializer$StringKD
	at java.base/java.net.URLClassLoader.findClass(URLClassLoader.java:445) ~[na:na]
	at java.base/java.lang.ClassLoader.loadClass(ClassLoader.java:587) ~[na:na]
	at org.springframework.boot.loader.net.protocol.jar.JarUrlClassLoader.loadClass(JarUrlClassLoader.java:107) ~[chatbot-0.0.1-SNAPSHOT.jar:0.0.1-SNAPSHOT]
	at org.springframework.boot.loader.launch.LaunchedClassLoader.loadClass(LaunchedClassLoader.java:91) ~[chatbot-0.0.1-SNAPSHOT.jar:0.0.1-SNAPSHOT]
	at java.base/java.lang.ClassLoader.loadClass(ClassLoader.java:520) ~[na:na]
	... 57 common frames omitted

2026-02-13T14:22:08.867+08:00  INFO 17749 --- [io-8081-exec-10] c.a.c.a.examples.chatbot.AuthController  : Login request for email: admin@example.com
2026-02-13T14:22:08.867+08:00  INFO 17749 --- [io-8081-exec-10] c.a.c.a.e.chatbot.AdminApiService        : Attempting login for user: admin@example.com
2026-02-13T14:22:08.991+08:00  WARN 17749 --- [ctor-http-nio-6] reactor.core.Exceptions                  : throwIfFatal detected a jvm fatal exception, which is thrown and logged below:

java.lang.NoClassDefFoundError: com/fasterxml/jackson/databind/deser/std/StdKeyDeserializer$StringKD
	at com.fasterxml.jackson.databind.deser.std.StdKeyDeserializers.findKeyDeserializer(StdKeyDeserializers.java:200) ~[jackson-databind-2.19.2.jar!/:2.19.2]
	at com.fasterxml.jackson.databind.deser.BasicDeserializerFactory.createKeyDeserializer(BasicDeserializerFactory.java:1256) ~[jackson-databind-2.19.2.jar!/:2.19.2]
	at com.fasterxml.jackson.databind.deser.DeserializerCache.findKeyDeserializer(DeserializerCache.java:199) ~[jackson-databind-2.19.2.jar!/:2.19.2]
	at com.fasterxml.jackson.databind.DeserializationContext.findKeyDeserializer(DeserializationContext.java:696) ~[jackson-databind-2.19.2.jar!/:2.19.2]
	at com.fasterxml.jackson.databind.deser.std.MapDeserializer.createContextual(MapDeserializer.java:313) ~[jackson-databind-2.19.2.jar!/:2.19.2]
	at com.fasterxml.jackson.databind.DeserializationContext.handleSecondaryContextualization(DeserializationContext.java:895) ~[jackson-databind-2.19.2.jar!/:2.19.2]
	at com.fasterxml.jackson.databind.DeserializationContext.findRootValueDeserializer(DeserializationContext.java:674) ~[jackson-databind-2.19.2.jar!/:2.19.2]
	at com.fasterxml.jackson.databind.ObjectReader._prefetchRootDeserializer(ObjectReader.java:2455) ~[jackson-databind-2.19.2.jar!/:2.19.2]
	at com.fasterxml.jackson.databind.ObjectReader.<init>(ObjectReader.java:193) ~[jackson-databind-2.19.2.jar!/:2.19.2]
	at com.fasterxml.jackson.databind.ObjectMapper._newReader(ObjectMapper.java:810) ~[jackson-databind-2.19.2.jar!/:2.19.2]
	at com.fasterxml.jackson.databind.ObjectMapper.readerFor(ObjectMapper.java:4382) ~[jackson-databind-2.19.2.jar!/:2.19.2]
	at org.springframework.http.codec.json.AbstractJackson2Decoder.createObjectReader(AbstractJackson2Decoder.java:238) ~[spring-web-6.2.12.jar!/:6.2.12]
	at org.springframework.http.codec.json.AbstractJackson2Decoder.decode(AbstractJackson2Decoder.java:212) ~[spring-web-6.2.12.jar!/:6.2.12]
	at org.springframework.http.codec.json.AbstractJackson2Decoder.lambda$decodeToMono$2(AbstractJackson2Decoder.java:198) ~[spring-web-6.2.12.jar!/:6.2.12]
	at reactor.core.publisher.MonoFlatMap$FlatMapMain.onNext(MonoFlatMap.java:132) ~[reactor-core-3.7.12.jar!/:3.7.12]
	at reactor.core.publisher.FluxContextWrite$ContextWriteSubscriber.onNext(FluxContextWrite.java:107) ~[reactor-core-3.7.12.jar!/:3.7.12]
	at reactor.core.publisher.FluxMapFuseable$MapFuseableConditionalSubscriber.onNext(FluxMapFuseable.java:299) ~[reactor-core-3.7.12.jar!/:3.7.12]
	at reactor.core.publisher.FluxFilterFuseable$FilterFuseableConditionalSubscriber.onNext(FluxFilterFuseable.java:337) ~[reactor-core-3.7.12.jar!/:3.7.12]
	at reactor.core.publisher.Operators$BaseFluxToMonoOperator.completePossiblyEmpty(Operators.java:2096) ~[reactor-core-3.7.12.jar!/:3.7.12]
	at reactor.core.publisher.MonoCollect$CollectSubscriber.onComplete(MonoCollect.java:145) ~[reactor-core-3.7.12.jar!/:3.7.12]
	at reactor.core.publisher.FluxMap$MapSubscriber.onComplete(FluxMap.java:144) ~[reactor-core-3.7.12.jar!/:3.7.12]
	at reactor.core.publisher.FluxPeek$PeekSubscriber.onComplete(FluxPeek.java:260) ~[reactor-core-3.7.12.jar!/:3.7.12]
	at reactor.core.publisher.FluxMap$MapSubscriber.onComplete(FluxMap.java:144) ~[reactor-core-3.7.12.jar!/:3.7.12]
	at reactor.netty.channel.FluxReceive.onInboundComplete(FluxReceive.java:413) ~[reactor-netty-core-1.2.11.jar!/:1.2.11]
	at reactor.netty.channel.ChannelOperations.onInboundComplete(ChannelOperations.java:464) ~[reactor-netty-core-1.2.11.jar!/:1.2.11]
	at reactor.netty.channel.ChannelOperations.terminate(ChannelOperations.java:518) ~[reactor-netty-core-1.2.11.jar!/:1.2.11]
	at reactor.netty.http.client.HttpClientOperations.onInboundNext(HttpClientOperations.java:925) ~[reactor-netty-http-1.2.11.jar!/:1.2.11]
	at reactor.netty.channel.ChannelOperationsHandler.channelRead(ChannelOperationsHandler.java:115) ~[reactor-netty-core-1.2.11.jar!/:1.2.11]
	at io.netty.channel.AbstractChannelHandlerContext.invokeChannelRead(AbstractChannelHandlerContext.java:444) ~[netty-transport-4.1.128.Final.jar!/:4.1.128.Final]
	at io.netty.channel.AbstractChannelHandlerContext.invokeChannelRead(AbstractChannelHandlerContext.java:420) ~[netty-transport-4.1.128.Final.jar!/:4.1.128.Final]
	at io.netty.channel.AbstractChannelHandlerContext.fireChannelRead(AbstractChannelHandlerContext.java:412) ~[netty-transport-4.1.128.Final.jar!/:4.1.128.Final]
	at io.netty.handler.codec.http.HttpContentDecoder.decode(HttpContentDecoder.java:166) ~[netty-codec-http-4.1.128.Final.jar!/:4.1.128.Final]
	at io.netty.handler.codec.http.HttpContentDecoder.decode(HttpContentDecoder.java:48) ~[netty-codec-http-4.1.128.Final.jar!/:4.1.128.Final]
	at io.netty.handler.codec.MessageToMessageDecoder.channelRead(MessageToMessageDecoder.java:91) ~[netty-codec-4.1.128.Final.jar!/:4.1.128.Final]
	at io.netty.channel.AbstractChannelHandlerContext.invokeChannelRead(AbstractChannelHandlerContext.java:444) ~[netty-transport-4.1.128.Final.jar!/:4.1.128.Final]
	at io.netty.channel.AbstractChannelHandlerContext.invokeChannelRead(AbstractChannelHandlerContext.java:420) ~[netty-transport-4.1.128.Final.jar!/:4.1.128.Final]
	at io.netty.channel.AbstractChannelHandlerContext.fireChannelRead(AbstractChannelHandlerContext.java:412) ~[netty-transport-4.1.128.Final.jar!/:4.1.128.Final]
	at io.netty.channel.CombinedChannelDuplexHandler$DelegatingChannelHandlerContext.fireChannelRead(CombinedChannelDuplexHandler.java:436) ~[netty-transport-4.1.128.Final.jar!/:4.1.128.Final]
	at io.netty.handler.codec.ByteToMessageDecoder.fireChannelRead(ByteToMessageDecoder.java:346) ~[netty-codec-4.1.128.Final.jar!/:4.1.128.Final]
	at io.netty.handler.codec.ByteToMessageDecoder.channelRead(ByteToMessageDecoder.java:318) ~[netty-codec-4.1.128.Final.jar!/:4.1.128.Final]
	at io.netty.channel.CombinedChannelDuplexHandler.channelRead(CombinedChannelDuplexHandler.java:251) ~[netty-transport-4.1.128.Final.jar!/:4.1.128.Final]
	at io.netty.channel.AbstractChannelHandlerContext.invokeChannelRead(AbstractChannelHandlerContext.java:442) ~[netty-transport-4.1.128.Final.jar!/:4.1.128.Final]
	at io.netty.channel.AbstractChannelHandlerContext.invokeChannelRead(AbstractChannelHandlerContext.java:420) ~[netty-transport-4.1.128.Final.jar!/:4.1.128.Final]
	at io.netty.channel.AbstractChannelHandlerContext.fireChannelRead(AbstractChannelHandlerContext.java:412) ~[netty-transport-4.1.128.Final.jar!/:4.1.128.Final]
	at io.netty.channel.DefaultChannelPipeline$HeadContext.channelRead(DefaultChannelPipeline.java:1357) ~[netty-transport-4.1.128.Final.jar!/:4.1.128.Final]
	at io.netty.channel.AbstractChannelHandlerContext.invokeChannelRead(AbstractChannelHandlerContext.java:440) ~[netty-transport-4.1.128.Final.jar!/:4.1.128.Final]
	at io.netty.channel.AbstractChannelHandlerContext.invokeChannelRead(AbstractChannelHandlerContext.java:420) ~[netty-transport-4.1.128.Final.jar!/:4.1.128.Final]
	at io.netty.channel.DefaultChannelPipeline.fireChannelRead(DefaultChannelPipeline.java:868) ~[netty-transport-4.1.128.Final.jar!/:4.1.128.Final]
	at io.netty.channel.nio.AbstractNioByteChannel$NioByteUnsafe.read(AbstractNioByteChannel.java:166) ~[netty-transport-4.1.128.Final.jar!/:4.1.128.Final]
	at io.netty.channel.nio.NioEventLoop.processSelectedKey(NioEventLoop.java:796) ~[netty-transport-4.1.128.Final.jar!/:4.1.128.Final]
	at io.netty.channel.nio.NioEventLoop.processSelectedKeysOptimized(NioEventLoop.java:732) ~[netty-transport-4.1.128.Final.jar!/:4.1.128.Final]
	at io.netty.channel.nio.NioEventLoop.processSelectedKeys(NioEventLoop.java:658) ~[netty-transport-4.1.128.Final.jar!/:4.1.128.Final]
	at io.netty.channel.nio.NioEventLoop.run(NioEventLoop.java:562) ~[netty-transport-4.1.128.Final.jar!/:4.1.128.Final]
	at io.netty.util.concurrent.SingleThreadEventExecutor$4.run(SingleThreadEventExecutor.java:998) ~[netty-common-4.1.128.Final.jar!/:4.1.128.Final]
	at io.netty.util.internal.ThreadExecutorMap$2.run(ThreadExecutorMap.java:74) ~[netty-common-4.1.128.Final.jar!/:4.1.128.Final]
	at io.netty.util.concurrent.FastThreadLocalRunnable.run(FastThreadLocalRunnable.java:30) ~[netty-common-4.1.128.Final.jar!/:4.1.128.Final]
	at java.base/java.lang.Thread.run(Thread.java:842) ~[na:na]
Caused by: java.lang.ClassNotFoundException: com.fasterxml.jackson.databind.deser.std.StdKeyDeserializer$StringKD
	at java.base/java.net.URLClassLoader.findClass(URLClassLoader.java:445) ~[na:na]
	at java.base/java.lang.ClassLoader.loadClass(ClassLoader.java:587) ~[na:na]
	at org.springframework.boot.loader.net.protocol.jar.JarUrlClassLoader.loadClass(JarUrlClassLoader.java:107) ~[chatbot-0.0.1-SNAPSHOT.jar:0.0.1-SNAPSHOT]
	at org.springframework.boot.loader.launch.LaunchedClassLoader.loadClass(LaunchedClassLoader.java:91) ~[chatbot-0.0.1-SNAPSHOT.jar:0.0.1-SNAPSHOT]
	at java.base/java.lang.ClassLoader.loadClass(ClassLoader.java:520) ~[na:na]
	... 57 common frames omitted

2026-02-13T14:22:08.992+08:00 ERROR 17749 --- [ctor-http-nio-6] r.n.channel.ChannelOperationsHandler     : [4f5717c7, L:/127.0.0.1:52709 - R:localhost/127.0.0.1:8080] Error was received while reading the incoming data. The connection will be closed.

java.lang.NoClassDefFoundError: com/fasterxml/jackson/databind/deser/std/StdKeyDeserializer$StringKD
	at com.fasterxml.jackson.databind.deser.std.StdKeyDeserializers.findKeyDeserializer(StdKeyDeserializers.java:200) ~[jackson-databind-2.19.2.jar!/:2.19.2]
	at com.fasterxml.jackson.databind.deser.BasicDeserializerFactory.createKeyDeserializer(BasicDeserializerFactory.java:1256) ~[jackson-databind-2.19.2.jar!/:2.19.2]
	at com.fasterxml.jackson.databind.deser.DeserializerCache.findKeyDeserializer(DeserializerCache.java:199) ~[jackson-databind-2.19.2.jar!/:2.19.2]
	at com.fasterxml.jackson.databind.DeserializationContext.findKeyDeserializer(DeserializationContext.java:696) ~[jackson-databind-2.19.2.jar!/:2.19.2]
	at com.fasterxml.jackson.databind.deser.std.MapDeserializer.createContextual(MapDeserializer.java:313) ~[jackson-databind-2.19.2.jar!/:2.19.2]
	at com.fasterxml.jackson.databind.DeserializationContext.handleSecondaryContextualization(DeserializationContext.java:895) ~[jackson-databind-2.19.2.jar!/:2.19.2]
	at com.fasterxml.jackson.databind.DeserializationContext.findRootValueDeserializer(DeserializationContext.java:674) ~[jackson-databind-2.19.2.jar!/:2.19.2]
	at com.fasterxml.jackson.databind.ObjectReader._prefetchRootDeserializer(ObjectReader.java:2455) ~[jackson-databind-2.19.2.jar!/:2.19.2]
	at com.fasterxml.jackson.databind.ObjectReader.<init>(ObjectReader.java:193) ~[jackson-databind-2.19.2.jar!/:2.19.2]
	at com.fasterxml.jackson.databind.ObjectMapper._newReader(ObjectMapper.java:810) ~[jackson-databind-2.19.2.jar!/:2.19.2]
	at com.fasterxml.jackson.databind.ObjectMapper.readerFor(ObjectMapper.java:4382) ~[jackson-databind-2.19.2.jar!/:2.19.2]
	at org.springframework.http.codec.json.AbstractJackson2Decoder.createObjectReader(AbstractJackson2Decoder.java:238) ~[spring-web-6.2.12.jar!/:6.2.12]
	at org.springframework.http.codec.json.AbstractJackson2Decoder.decode(AbstractJackson2Decoder.java:212) ~[spring-web-6.2.12.jar!/:6.2.12]
	at org.springframework.http.codec.json.AbstractJackson2Decoder.lambda$decodeToMono$2(AbstractJackson2Decoder.java:198) ~[spring-web-6.2.12.jar!/:6.2.12]
	at reactor.core.publisher.MonoFlatMap$FlatMapMain.onNext(MonoFlatMap.java:132) ~[reactor-core-3.7.12.jar!/:3.7.12]
	at reactor.core.publisher.FluxContextWrite$ContextWriteSubscriber.onNext(FluxContextWrite.java:107) ~[reactor-core-3.7.12.jar!/:3.7.12]
	at reactor.core.publisher.FluxMapFuseable$MapFuseableConditionalSubscriber.onNext(FluxMapFuseable.java:299) ~[reactor-core-3.7.12.jar!/:3.7.12]
	at reactor.core.publisher.FluxFilterFuseable$FilterFuseableConditionalSubscriber.onNext(FluxFilterFuseable.java:337) ~[reactor-core-3.7.12.jar!/:3.7.12]
	at reactor.core.publisher.Operators$BaseFluxToMonoOperator.completePossiblyEmpty(Operators.java:2096) ~[reactor-core-3.7.12.jar!/:3.7.12]
	at reactor.core.publisher.MonoCollect$CollectSubscriber.onComplete(MonoCollect.java:145) ~[reactor-core-3.7.12.jar!/:3.7.12]
	at reactor.core.publisher.FluxMap$MapSubscriber.onComplete(FluxMap.java:144) ~[reactor-core-3.7.12.jar!/:3.7.12]
	at reactor.core.publisher.FluxPeek$PeekSubscriber.onComplete(FluxPeek.java:260) ~[reactor-core-3.7.12.jar!/:3.7.12]
	at reactor.core.publisher.FluxMap$MapSubscriber.onComplete(FluxMap.java:144) ~[reactor-core-3.7.12.jar!/:3.7.12]
	at reactor.netty.channel.FluxReceive.onInboundComplete(FluxReceive.java:413) ~[reactor-netty-core-1.2.11.jar!/:1.2.11]
	at reactor.netty.channel.ChannelOperations.onInboundComplete(ChannelOperations.java:464) ~[reactor-netty-core-1.2.11.jar!/:1.2.11]
	at reactor.netty.channel.ChannelOperations.terminate(ChannelOperations.java:518) ~[reactor-netty-core-1.2.11.jar!/:1.2.11]
	at reactor.netty.http.client.HttpClientOperations.onInboundNext(HttpClientOperations.java:925) ~[reactor-netty-http-1.2.11.jar!/:1.2.11]
	at reactor.netty.channel.ChannelOperationsHandler.channelRead(ChannelOperationsHandler.java:115) ~[reactor-netty-core-1.2.11.jar!/:1.2.11]
	at io.netty.channel.AbstractChannelHandlerContext.invokeChannelRead(AbstractChannelHandlerContext.java:444) ~[netty-transport-4.1.128.Final.jar!/:4.1.128.Final]
	at io.netty.channel.AbstractChannelHandlerContext.invokeChannelRead(AbstractChannelHandlerContext.java:420) ~[netty-transport-4.1.128.Final.jar!/:4.1.128.Final]
	at io.netty.channel.AbstractChannelHandlerContext.fireChannelRead(AbstractChannelHandlerContext.java:412) ~[netty-transport-4.1.128.Final.jar!/:4.1.128.Final]
	at io.netty.handler.codec.http.HttpContentDecoder.decode(HttpContentDecoder.java:166) ~[netty-codec-http-4.1.128.Final.jar!/:4.1.128.Final]
	at io.netty.handler.codec.http.HttpContentDecoder.decode(HttpContentDecoder.java:48) ~[netty-codec-http-4.1.128.Final.jar!/:4.1.128.Final]
	at io.netty.handler.codec.MessageToMessageDecoder.channelRead(MessageToMessageDecoder.java:91) ~[netty-codec-4.1.128.Final.jar!/:4.1.128.Final]
	at io.netty.channel.AbstractChannelHandlerContext.invokeChannelRead(AbstractChannelHandlerContext.java:444) ~[netty-transport-4.1.128.Final.jar!/:4.1.128.Final]
	at io.netty.channel.AbstractChannelHandlerContext.invokeChannelRead(AbstractChannelHandlerContext.java:420) ~[netty-transport-4.1.128.Final.jar!/:4.1.128.Final]
	at io.netty.channel.AbstractChannelHandlerContext.fireChannelRead(AbstractChannelHandlerContext.java:412) ~[netty-transport-4.1.128.Final.jar!/:4.1.128.Final]
	at io.netty.channel.CombinedChannelDuplexHandler$DelegatingChannelHandlerContext.fireChannelRead(CombinedChannelDuplexHandler.java:436) ~[netty-transport-4.1.128.Final.jar!/:4.1.128.Final]
	at io.netty.handler.codec.ByteToMessageDecoder.fireChannelRead(ByteToMessageDecoder.java:346) ~[netty-codec-4.1.128.Final.jar!/:4.1.128.Final]
	at io.netty.handler.codec.ByteToMessageDecoder.channelRead(ByteToMessageDecoder.java:318) ~[netty-codec-4.1.128.Final.jar!/:4.1.128.Final]
	at io.netty.channel.CombinedChannelDuplexHandler.channelRead(CombinedChannelDuplexHandler.java:251) ~[netty-transport-4.1.128.Final.jar!/:4.1.128.Final]
	at io.netty.channel.AbstractChannelHandlerContext.invokeChannelRead(AbstractChannelHandlerContext.java:442) ~[netty-transport-4.1.128.Final.jar!/:4.1.128.Final]
	at io.netty.channel.AbstractChannelHandlerContext.invokeChannelRead(AbstractChannelHandlerContext.java:420) ~[netty-transport-4.1.128.Final.jar!/:4.1.128.Final]
	at io.netty.channel.AbstractChannelHandlerContext.fireChannelRead(AbstractChannelHandlerContext.java:412) ~[netty-transport-4.1.128.Final.jar!/:4.1.128.Final]
	at io.netty.channel.DefaultChannelPipeline$HeadContext.channelRead(DefaultChannelPipeline.java:1357) ~[netty-transport-4.1.128.Final.jar!/:4.1.128.Final]
	at io.netty.channel.AbstractChannelHandlerContext.invokeChannelRead(AbstractChannelHandlerContext.java:440) ~[netty-transport-4.1.128.Final.jar!/:4.1.128.Final]
	at io.netty.channel.AbstractChannelHandlerContext.invokeChannelRead(AbstractChannelHandlerContext.java:420) ~[netty-transport-4.1.128.Final.jar!/:4.1.128.Final]
	at io.netty.channel.DefaultChannelPipeline.fireChannelRead(DefaultChannelPipeline.java:868) ~[netty-transport-4.1.128.Final.jar!/:4.1.128.Final]
	at io.netty.channel.nio.AbstractNioByteChannel$NioByteUnsafe.read(AbstractNioByteChannel.java:166) ~[netty-transport-4.1.128.Final.jar!/:4.1.128.Final]
	at io.netty.channel.nio.NioEventLoop.processSelectedKey(NioEventLoop.java:796) ~[netty-transport-4.1.128.Final.jar!/:4.1.128.Final]
	at io.netty.channel.nio.NioEventLoop.processSelectedKeysOptimized(NioEventLoop.java:732) ~[netty-transport-4.1.128.Final.jar!/:4.1.128.Final]
	at io.netty.channel.nio.NioEventLoop.processSelectedKeys(NioEventLoop.java:658) ~[netty-transport-4.1.128.Final.jar!/:4.1.128.Final]
	at io.netty.channel.nio.NioEventLoop.run(NioEventLoop.java:562) ~[netty-transport-4.1.128.Final.jar!/:4.1.128.Final]
	at io.netty.util.concurrent.SingleThreadEventExecutor$4.run(SingleThreadEventExecutor.java:998) ~[netty-common-4.1.128.Final.jar!/:4.1.128.Final]
	at io.netty.util.internal.ThreadExecutorMap$2.run(ThreadExecutorMap.java:74) ~[netty-common-4.1.128.Final.jar!/:4.1.128.Final]
	at io.netty.util.concurrent.FastThreadLocalRunnable.run(FastThreadLocalRunnable.java:30) ~[netty-common-4.1.128.Final.jar!/:4.1.128.Final]
	at java.base/java.lang.Thread.run(Thread.java:842) ~[na:na]
Caused by: java.lang.ClassNotFoundException: com.fasterxml.jackson.databind.deser.std.StdKeyDeserializer$StringKD
	at java.base/java.net.URLClassLoader.findClass(URLClassLoader.java:445) ~[na:na]
	at java.base/java.lang.ClassLoader.loadClass(ClassLoader.java:587) ~[na:na]
	at org.springframework.boot.loader.net.protocol.jar.JarUrlClassLoader.loadClass(JarUrlClassLoader.java:107) ~[chatbot-0.0.1-SNAPSHOT.jar:0.0.1-SNAPSHOT]
	at org.springframework.boot.loader.launch.LaunchedClassLoader.loadClass(LaunchedClassLoader.java:91) ~[chatbot-0.0.1-SNAPSHOT.jar:0.0.1-SNAPSHOT]
	at java.base/java.lang.ClassLoader.loadClass(ClassLoader.java:520) ~[na:na]
	... 57 common frames omitted

2026-02-13T14:22:08.992+08:00  WARN 17749 --- [ctor-http-nio-6] reactor.core.Exceptions                  : throwIfFatal detected a jvm fatal exception, which is thrown and logged below:

java.lang.NoClassDefFoundError: com/fasterxml/jackson/databind/deser/std/StdKeyDeserializer$StringKD
	at com.fasterxml.jackson.databind.deser.std.StdKeyDeserializers.findKeyDeserializer(StdKeyDeserializers.java:200) ~[jackson-databind-2.19.2.jar!/:2.19.2]
	at com.fasterxml.jackson.databind.deser.BasicDeserializerFactory.createKeyDeserializer(BasicDeserializerFactory.java:1256) ~[jackson-databind-2.19.2.jar!/:2.19.2]
	at com.fasterxml.jackson.databind.deser.DeserializerCache.findKeyDeserializer(DeserializerCache.java:199) ~[jackson-databind-2.19.2.jar!/:2.19.2]
	at com.fasterxml.jackson.databind.DeserializationContext.findKeyDeserializer(DeserializationContext.java:696) ~[jackson-databind-2.19.2.jar!/:2.19.2]
	at com.fasterxml.jackson.databind.deser.std.MapDeserializer.createContextual(MapDeserializer.java:313) ~[jackson-databind-2.19.2.jar!/:2.19.2]
	at com.fasterxml.jackson.databind.DeserializationContext.handleSecondaryContextualization(DeserializationContext.java:895) ~[jackson-databind-2.19.2.jar!/:2.19.2]
	at com.fasterxml.jackson.databind.DeserializationContext.findRootValueDeserializer(DeserializationContext.java:674) ~[jackson-databind-2.19.2.jar!/:2.19.2]
	at com.fasterxml.jackson.databind.ObjectReader._prefetchRootDeserializer(ObjectReader.java:2455) ~[jackson-databind-2.19.2.jar!/:2.19.2]
	at com.fasterxml.jackson.databind.ObjectReader.<init>(ObjectReader.java:193) ~[jackson-databind-2.19.2.jar!/:2.19.2]
	at com.fasterxml.jackson.databind.ObjectMapper._newReader(ObjectMapper.java:810) ~[jackson-databind-2.19.2.jar!/:2.19.2]
	at com.fasterxml.jackson.databind.ObjectMapper.readerFor(ObjectMapper.java:4382) ~[jackson-databind-2.19.2.jar!/:2.19.2]
	at org.springframework.http.codec.json.AbstractJackson2Decoder.createObjectReader(AbstractJackson2Decoder.java:238) ~[spring-web-6.2.12.jar!/:6.2.12]
	at org.springframework.http.codec.json.AbstractJackson2Decoder.decode(AbstractJackson2Decoder.java:212) ~[spring-web-6.2.12.jar!/:6.2.12]
	at org.springframework.http.codec.json.AbstractJackson2Decoder.lambda$decodeToMono$2(AbstractJackson2Decoder.java:198) ~[spring-web-6.2.12.jar!/:6.2.12]
	at reactor.core.publisher.MonoFlatMap$FlatMapMain.onNext(MonoFlatMap.java:132) ~[reactor-core-3.7.12.jar!/:3.7.12]
	at reactor.core.publisher.FluxContextWrite$ContextWriteSubscriber.onNext(FluxContextWrite.java:107) ~[reactor-core-3.7.12.jar!/:3.7.12]
	at reactor.core.publisher.FluxMapFuseable$MapFuseableConditionalSubscriber.onNext(FluxMapFuseable.java:299) ~[reactor-core-3.7.12.jar!/:3.7.12]
	at reactor.core.publisher.FluxFilterFuseable$FilterFuseableConditionalSubscriber.onNext(FluxFilterFuseable.java:337) ~[reactor-core-3.7.12.jar!/:3.7.12]
	at reactor.core.publisher.Operators$BaseFluxToMonoOperator.completePossiblyEmpty(Operators.java:2096) ~[reactor-core-3.7.12.jar!/:3.7.12]
	at reactor.core.publisher.MonoCollect$CollectSubscriber.onComplete(MonoCollect.java:145) ~[reactor-core-3.7.12.jar!/:3.7.12]
	at reactor.core.publisher.FluxMap$MapSubscriber.onComplete(FluxMap.java:144) ~[reactor-core-3.7.12.jar!/:3.7.12]
	at reactor.core.publisher.FluxPeek$PeekSubscriber.onComplete(FluxPeek.java:260) ~[reactor-core-3.7.12.jar!/:3.7.12]
	at reactor.core.publisher.FluxMap$MapSubscriber.onComplete(FluxMap.java:144) ~[reactor-core-3.7.12.jar!/:3.7.12]
	at reactor.netty.channel.FluxReceive.onInboundComplete(FluxReceive.java:413) ~[reactor-netty-core-1.2.11.jar!/:1.2.11]
	at reactor.netty.channel.ChannelOperations.onInboundComplete(ChannelOperations.java:464) ~[reactor-netty-core-1.2.11.jar!/:1.2.11]
	at reactor.netty.channel.ChannelOperations.terminate(ChannelOperations.java:518) ~[reactor-netty-core-1.2.11.jar!/:1.2.11]
	at reactor.netty.http.client.HttpClientOperations.onInboundNext(HttpClientOperations.java:925) ~[reactor-netty-http-1.2.11.jar!/:1.2.11]
	at reactor.netty.channel.ChannelOperationsHandler.channelRead(ChannelOperationsHandler.java:115) ~[reactor-netty-core-1.2.11.jar!/:1.2.11]
	at io.netty.channel.AbstractChannelHandlerContext.invokeChannelRead(AbstractChannelHandlerContext.java:444) ~[netty-transport-4.1.128.Final.jar!/:4.1.128.Final]
	at io.netty.channel.AbstractChannelHandlerContext.invokeChannelRead(AbstractChannelHandlerContext.java:420) ~[netty-transport-4.1.128.Final.jar!/:4.1.128.Final]
	at io.netty.channel.AbstractChannelHandlerContext.fireChannelRead(AbstractChannelHandlerContext.java:412) ~[netty-transport-4.1.128.Final.jar!/:4.1.128.Final]
	at io.netty.handler.codec.http.HttpContentDecoder.decode(HttpContentDecoder.java:166) ~[netty-codec-http-4.1.128.Final.jar!/:4.1.128.Final]
	at io.netty.handler.codec.http.HttpContentDecoder.decode(HttpContentDecoder.java:48) ~[netty-codec-http-4.1.128.Final.jar!/:4.1.128.Final]
	at io.netty.handler.codec.MessageToMessageDecoder.channelRead(MessageToMessageDecoder.java:91) ~[netty-codec-4.1.128.Final.jar!/:4.1.128.Final]
	at io.netty.channel.AbstractChannelHandlerContext.invokeChannelRead(AbstractChannelHandlerContext.java:444) ~[netty-transport-4.1.128.Final.jar!/:4.1.128.Final]
	at io.netty.channel.AbstractChannelHandlerContext.invokeChannelRead(AbstractChannelHandlerContext.java:420) ~[netty-transport-4.1.128.Final.jar!/:4.1.128.Final]
	at io.netty.channel.AbstractChannelHandlerContext.fireChannelRead(AbstractChannelHandlerContext.java:412) ~[netty-transport-4.1.128.Final.jar!/:4.1.128.Final]
	at io.netty.channel.CombinedChannelDuplexHandler$DelegatingChannelHandlerContext.fireChannelRead(CombinedChannelDuplexHandler.java:436) ~[netty-transport-4.1.128.Final.jar!/:4.1.128.Final]
	at io.netty.handler.codec.ByteToMessageDecoder.fireChannelRead(ByteToMessageDecoder.java:346) ~[netty-codec-4.1.128.Final.jar!/:4.1.128.Final]
	at io.netty.handler.codec.ByteToMessageDecoder.channelRead(ByteToMessageDecoder.java:318) ~[netty-codec-4.1.128.Final.jar!/:4.1.128.Final]
	at io.netty.channel.CombinedChannelDuplexHandler.channelRead(CombinedChannelDuplexHandler.java:251) ~[netty-transport-4.1.128.Final.jar!/:4.1.128.Final]
	at io.netty.channel.AbstractChannelHandlerContext.invokeChannelRead(AbstractChannelHandlerContext.java:442) ~[netty-transport-4.1.128.Final.jar!/:4.1.128.Final]
	at io.netty.channel.AbstractChannelHandlerContext.invokeChannelRead(AbstractChannelHandlerContext.java:420) ~[netty-transport-4.1.128.Final.jar!/:4.1.128.Final]
	at io.netty.channel.AbstractChannelHandlerContext.fireChannelRead(AbstractChannelHandlerContext.java:412) ~[netty-transport-4.1.128.Final.jar!/:4.1.128.Final]
	at io.netty.channel.DefaultChannelPipeline$HeadContext.channelRead(DefaultChannelPipeline.java:1357) ~[netty-transport-4.1.128.Final.jar!/:4.1.128.Final]
	at io.netty.channel.AbstractChannelHandlerContext.invokeChannelRead(AbstractChannelHandlerContext.java:440) ~[netty-transport-4.1.128.Final.jar!/:4.1.128.Final]
	at io.netty.channel.AbstractChannelHandlerContext.invokeChannelRead(AbstractChannelHandlerContext.java:420) ~[netty-transport-4.1.128.Final.jar!/:4.1.128.Final]
	at io.netty.channel.DefaultChannelPipeline.fireChannelRead(DefaultChannelPipeline.java:868) ~[netty-transport-4.1.128.Final.jar!/:4.1.128.Final]
	at io.netty.channel.nio.AbstractNioByteChannel$NioByteUnsafe.read(AbstractNioByteChannel.java:166) ~[netty-transport-4.1.128.Final.jar!/:4.1.128.Final]
	at io.netty.channel.nio.NioEventLoop.processSelectedKey(NioEventLoop.java:796) ~[netty-transport-4.1.128.Final.jar!/:4.1.128.Final]
	at io.netty.channel.nio.NioEventLoop.processSelectedKeysOptimized(NioEventLoop.java:732) ~[netty-transport-4.1.128.Final.jar!/:4.1.128.Final]
	at io.netty.channel.nio.NioEventLoop.processSelectedKeys(NioEventLoop.java:658) ~[netty-transport-4.1.128.Final.jar!/:4.1.128.Final]
	at io.netty.channel.nio.NioEventLoop.run(NioEventLoop.java:562) ~[netty-transport-4.1.128.Final.jar!/:4.1.128.Final]
	at io.netty.util.concurrent.SingleThreadEventExecutor$4.run(SingleThreadEventExecutor.java:998) ~[netty-common-4.1.128.Final.jar!/:4.1.128.Final]
	at io.netty.util.internal.ThreadExecutorMap$2.run(ThreadExecutorMap.java:74) ~[netty-common-4.1.128.Final.jar!/:4.1.128.Final]
	at io.netty.util.concurrent.FastThreadLocalRunnable.run(FastThreadLocalRunnable.java:30) ~[netty-common-4.1.128.Final.jar!/:4.1.128.Final]
	at java.base/java.lang.Thread.run(Thread.java:842) ~[na:na]
Caused by: java.lang.ClassNotFoundException: com.fasterxml.jackson.databind.deser.std.StdKeyDeserializer$StringKD
	at java.base/java.net.URLClassLoader.findClass(URLClassLoader.java:445) ~[na:na]
	at java.base/java.lang.ClassLoader.loadClass(ClassLoader.java:587) ~[na:na]
	at org.springframework.boot.loader.net.protocol.jar.JarUrlClassLoader.loadClass(JarUrlClassLoader.java:107) ~[chatbot-0.0.1-SNAPSHOT.jar:0.0.1-SNAPSHOT]
	at org.springframework.boot.loader.launch.LaunchedClassLoader.loadClass(LaunchedClassLoader.java:91) ~[chatbot-0.0.1-SNAPSHOT.jar:0.0.1-SNAPSHOT]
	at java.base/java.lang.ClassLoader.loadClass(ClassLoader.java:520) ~[na:na]
	... 57 common frames omitted

2026-02-13T14:22:08.993+08:00  WARN 17749 --- [ctor-http-nio-6] reactor.core.Exceptions                  : throwIfFatal detected a jvm fatal exception, which is thrown and logged below:

java.lang.NoClassDefFoundError: com/fasterxml/jackson/databind/deser/std/StdKeyDeserializer$StringKD
	at com.fasterxml.jackson.databind.deser.std.StdKeyDeserializers.findKeyDeserializer(StdKeyDeserializers.java:200) ~[jackson-databind-2.19.2.jar!/:2.19.2]
	at com.fasterxml.jackson.databind.deser.BasicDeserializerFactory.createKeyDeserializer(BasicDeserializerFactory.java:1256) ~[jackson-databind-2.19.2.jar!/:2.19.2]
	at com.fasterxml.jackson.databind.deser.DeserializerCache.findKeyDeserializer(DeserializerCache.java:199) ~[jackson-databind-2.19.2.jar!/:2.19.2]
	at com.fasterxml.jackson.databind.DeserializationContext.findKeyDeserializer(DeserializationContext.java:696) ~[jackson-databind-2.19.2.jar!/:2.19.2]
	at com.fasterxml.jackson.databind.deser.std.MapDeserializer.createContextual(MapDeserializer.java:313) ~[jackson-databind-2.19.2.jar!/:2.19.2]
	at com.fasterxml.jackson.databind.DeserializationContext.handleSecondaryContextualization(DeserializationContext.java:895) ~[jackson-databind-2.19.2.jar!/:2.19.2]
	at com.fasterxml.jackson.databind.DeserializationContext.findRootValueDeserializer(DeserializationContext.java:674) ~[jackson-databind-2.19.2.jar!/:2.19.2]
	at com.fasterxml.jackson.databind.ObjectReader._prefetchRootDeserializer(ObjectReader.java:2455) ~[jackson-databind-2.19.2.jar!/:2.19.2]
	at com.fasterxml.jackson.databind.ObjectReader.<init>(ObjectReader.java:193) ~[jackson-databind-2.19.2.jar!/:2.19.2]
	at com.fasterxml.jackson.databind.ObjectMapper._newReader(ObjectMapper.java:810) ~[jackson-databind-2.19.2.jar!/:2.19.2]
	at com.fasterxml.jackson.databind.ObjectMapper.readerFor(ObjectMapper.java:4382) ~[jackson-databind-2.19.2.jar!/:2.19.2]
	at org.springframework.http.codec.json.AbstractJackson2Decoder.createObjectReader(AbstractJackson2Decoder.java:238) ~[spring-web-6.2.12.jar!/:6.2.12]
	at org.springframework.http.codec.json.AbstractJackson2Decoder.decode(AbstractJackson2Decoder.java:212) ~[spring-web-6.2.12.jar!/:6.2.12]
	at org.springframework.http.codec.json.AbstractJackson2Decoder.lambda$decodeToMono$2(AbstractJackson2Decoder.java:198) ~[spring-web-6.2.12.jar!/:6.2.12]
	at reactor.core.publisher.MonoFlatMap$FlatMapMain.onNext(MonoFlatMap.java:132) ~[reactor-core-3.7.12.jar!/:3.7.12]
	at reactor.core.publisher.FluxContextWrite$ContextWriteSubscriber.onNext(FluxContextWrite.java:107) ~[reactor-core-3.7.12.jar!/:3.7.12]
	at reactor.core.publisher.FluxMapFuseable$MapFuseableConditionalSubscriber.onNext(FluxMapFuseable.java:299) ~[reactor-core-3.7.12.jar!/:3.7.12]
	at reactor.core.publisher.FluxFilterFuseable$FilterFuseableConditionalSubscriber.onNext(FluxFilterFuseable.java:337) ~[reactor-core-3.7.12.jar!/:3.7.12]
	at reactor.core.publisher.Operators$BaseFluxToMonoOperator.completePossiblyEmpty(Operators.java:2096) ~[reactor-core-3.7.12.jar!/:3.7.12]
	at reactor.core.publisher.MonoCollect$CollectSubscriber.onComplete(MonoCollect.java:145) ~[reactor-core-3.7.12.jar!/:3.7.12]
	at reactor.core.publisher.FluxMap$MapSubscriber.onComplete(FluxMap.java:144) ~[reactor-core-3.7.12.jar!/:3.7.12]
	at reactor.core.publisher.FluxPeek$PeekSubscriber.onComplete(FluxPeek.java:260) ~[reactor-core-3.7.12.jar!/:3.7.12]
	at reactor.core.publisher.FluxMap$MapSubscriber.onComplete(FluxMap.java:144) ~[reactor-core-3.7.12.jar!/:3.7.12]
	at reactor.netty.channel.FluxReceive.onInboundComplete(FluxReceive.java:413) ~[reactor-netty-core-1.2.11.jar!/:1.2.11]
	at reactor.netty.channel.ChannelOperations.onInboundComplete(ChannelOperations.java:464) ~[reactor-netty-core-1.2.11.jar!/:1.2.11]
	at reactor.netty.channel.ChannelOperations.terminate(ChannelOperations.java:518) ~[reactor-netty-core-1.2.11.jar!/:1.2.11]
	at reactor.netty.http.client.HttpClientOperations.onInboundNext(HttpClientOperations.java:925) ~[reactor-netty-http-1.2.11.jar!/:1.2.11]
	at reactor.netty.channel.ChannelOperationsHandler.channelRead(ChannelOperationsHandler.java:115) ~[reactor-netty-core-1.2.11.jar!/:1.2.11]
	at io.netty.channel.AbstractChannelHandlerContext.invokeChannelRead(AbstractChannelHandlerContext.java:444) ~[netty-transport-4.1.128.Final.jar!/:4.1.128.Final]
	at io.netty.channel.AbstractChannelHandlerContext.invokeChannelRead(AbstractChannelHandlerContext.java:420) ~[netty-transport-4.1.128.Final.jar!/:4.1.128.Final]
	at io.netty.channel.AbstractChannelHandlerContext.fireChannelRead(AbstractChannelHandlerContext.java:412) ~[netty-transport-4.1.128.Final.jar!/:4.1.128.Final]
	at io.netty.handler.codec.http.HttpContentDecoder.decode(HttpContentDecoder.java:166) ~[netty-codec-http-4.1.128.Final.jar!/:4.1.128.Final]
	at io.netty.handler.codec.http.HttpContentDecoder.decode(HttpContentDecoder.java:48) ~[netty-codec-http-4.1.128.Final.jar!/:4.1.128.Final]
	at io.netty.handler.codec.MessageToMessageDecoder.channelRead(MessageToMessageDecoder.java:91) ~[netty-codec-4.1.128.Final.jar!/:4.1.128.Final]
	at io.netty.channel.AbstractChannelHandlerContext.invokeChannelRead(AbstractChannelHandlerContext.java:444) ~[netty-transport-4.1.128.Final.jar!/:4.1.128.Final]
	at io.netty.channel.AbstractChannelHandlerContext.invokeChannelRead(AbstractChannelHandlerContext.java:420) ~[netty-transport-4.1.128.Final.jar!/:4.1.128.Final]
	at io.netty.channel.AbstractChannelHandlerContext.fireChannelRead(AbstractChannelHandlerContext.java:412) ~[netty-transport-4.1.128.Final.jar!/:4.1.128.Final]
	at io.netty.channel.CombinedChannelDuplexHandler$DelegatingChannelHandlerContext.fireChannelRead(CombinedChannelDuplexHandler.java:436) ~[netty-transport-4.1.128.Final.jar!/:4.1.128.Final]
	at io.netty.handler.codec.ByteToMessageDecoder.fireChannelRead(ByteToMessageDecoder.java:346) ~[netty-codec-4.1.128.Final.jar!/:4.1.128.Final]
	at io.netty.handler.codec.ByteToMessageDecoder.channelRead(ByteToMessageDecoder.java:318) ~[netty-codec-4.1.128.Final.jar!/:4.1.128.Final]
	at io.netty.channel.CombinedChannelDuplexHandler.channelRead(CombinedChannelDuplexHandler.java:251) ~[netty-transport-4.1.128.Final.jar!/:4.1.128.Final]
	at io.netty.channel.AbstractChannelHandlerContext.invokeChannelRead(AbstractChannelHandlerContext.java:442) ~[netty-transport-4.1.128.Final.jar!/:4.1.128.Final]
	at io.netty.channel.AbstractChannelHandlerContext.invokeChannelRead(AbstractChannelHandlerContext.java:420) ~[netty-transport-4.1.128.Final.jar!/:4.1.128.Final]
	at io.netty.channel.AbstractChannelHandlerContext.fireChannelRead(AbstractChannelHandlerContext.java:412) ~[netty-transport-4.1.128.Final.jar!/:4.1.128.Final]
	at io.netty.channel.DefaultChannelPipeline$HeadContext.channelRead(DefaultChannelPipeline.java:1357) ~[netty-transport-4.1.128.Final.jar!/:4.1.128.Final]
	at io.netty.channel.AbstractChannelHandlerContext.invokeChannelRead(AbstractChannelHandlerContext.java:440) ~[netty-transport-4.1.128.Final.jar!/:4.1.128.Final]
	at io.netty.channel.AbstractChannelHandlerContext.invokeChannelRead(AbstractChannelHandlerContext.java:420) ~[netty-transport-4.1.128.Final.jar!/:4.1.128.Final]
	at io.netty.channel.DefaultChannelPipeline.fireChannelRead(DefaultChannelPipeline.java:868) ~[netty-transport-4.1.128.Final.jar!/:4.1.128.Final]
	at io.netty.channel.nio.AbstractNioByteChannel$NioByteUnsafe.read(AbstractNioByteChannel.java:166) ~[netty-transport-4.1.128.Final.jar!/:4.1.128.Final]
	at io.netty.channel.nio.NioEventLoop.processSelectedKey(NioEventLoop.java:796) ~[netty-transport-4.1.128.Final.jar!/:4.1.128.Final]
	at io.netty.channel.nio.NioEventLoop.processSelectedKeysOptimized(NioEventLoop.java:732) ~[netty-transport-4.1.128.Final.jar!/:4.1.128.Final]
	at io.netty.channel.nio.NioEventLoop.processSelectedKeys(NioEventLoop.java:658) ~[netty-transport-4.1.128.Final.jar!/:4.1.128.Final]
	at io.netty.channel.nio.NioEventLoop.run(NioEventLoop.java:562) ~[netty-transport-4.1.128.Final.jar!/:4.1.128.Final]
	at io.netty.util.concurrent.SingleThreadEventExecutor$4.run(SingleThreadEventExecutor.java:998) ~[netty-common-4.1.128.Final.jar!/:4.1.128.Final]
	at io.netty.util.internal.ThreadExecutorMap$2.run(ThreadExecutorMap.java:74) ~[netty-common-4.1.128.Final.jar!/:4.1.128.Final]
	at io.netty.util.concurrent.FastThreadLocalRunnable.run(FastThreadLocalRunnable.java:30) ~[netty-common-4.1.128.Final.jar!/:4.1.128.Final]
	at java.base/java.lang.Thread.run(Thread.java:842) ~[na:na]
Caused by: java.lang.ClassNotFoundException: com.fasterxml.jackson.databind.deser.std.StdKeyDeserializer$StringKD
	at java.base/java.net.URLClassLoader.findClass(URLClassLoader.java:445) ~[na:na]
	at java.base/java.lang.ClassLoader.loadClass(ClassLoader.java:587) ~[na:na]
	at org.springframework.boot.loader.net.protocol.jar.JarUrlClassLoader.loadClass(JarUrlClassLoader.java:107) ~[chatbot-0.0.1-SNAPSHOT.jar:0.0.1-SNAPSHOT]
	at org.springframework.boot.loader.launch.LaunchedClassLoader.loadClass(LaunchedClassLoader.java:91) ~[chatbot-0.0.1-SNAPSHOT.jar:0.0.1-SNAPSHOT]
	at java.base/java.lang.ClassLoader.loadClass(ClassLoader.java:520) ~[na:na]
	... 57 common frames omitted

2026-02-13T14:22:08.993+08:00  WARN 17749 --- [ctor-http-nio-6] i.n.c.AbstractChannelHandlerContext      : An exception 'java.lang.NoClassDefFoundError: com/fasterxml/jackson/databind/deser/std/StdKeyDeserializer$StringKD' [enable DEBUG level for full stacktrace] was thrown by a user handler's exceptionCaught() method while handling the following exception:

java.lang.NoClassDefFoundError: com/fasterxml/jackson/databind/deser/std/StdKeyDeserializer$StringKD
	at com.fasterxml.jackson.databind.deser.std.StdKeyDeserializers.findKeyDeserializer(StdKeyDeserializers.java:200) ~[jackson-databind-2.19.2.jar!/:2.19.2]
	at com.fasterxml.jackson.databind.deser.BasicDeserializerFactory.createKeyDeserializer(BasicDeserializerFactory.java:1256) ~[jackson-databind-2.19.2.jar!/:2.19.2]
	at com.fasterxml.jackson.databind.deser.DeserializerCache.findKeyDeserializer(DeserializerCache.java:199) ~[jackson-databind-2.19.2.jar!/:2.19.2]
	at com.fasterxml.jackson.databind.DeserializationContext.findKeyDeserializer(DeserializationContext.java:696) ~[jackson-databind-2.19.2.jar!/:2.19.2]
	at com.fasterxml.jackson.databind.deser.std.MapDeserializer.createContextual(MapDeserializer.java:313) ~[jackson-databind-2.19.2.jar!/:2.19.2]
	at com.fasterxml.jackson.databind.DeserializationContext.handleSecondaryContextualization(DeserializationContext.java:895) ~[jackson-databind-2.19.2.jar!/:2.19.2]
	at com.fasterxml.jackson.databind.DeserializationContext.findRootValueDeserializer(DeserializationContext.java:674) ~[jackson-databind-2.19.2.jar!/:2.19.2]
	at com.fasterxml.jackson.databind.ObjectReader._prefetchRootDeserializer(ObjectReader.java:2455) ~[jackson-databind-2.19.2.jar!/:2.19.2]
	at com.fasterxml.jackson.databind.ObjectReader.<init>(ObjectReader.java:193) ~[jackson-databind-2.19.2.jar!/:2.19.2]
	at com.fasterxml.jackson.databind.ObjectMapper._newReader(ObjectMapper.java:810) ~[jackson-databind-2.19.2.jar!/:2.19.2]
	at com.fasterxml.jackson.databind.ObjectMapper.readerFor(ObjectMapper.java:4382) ~[jackson-databind-2.19.2.jar!/:2.19.2]
	at org.springframework.http.codec.json.AbstractJackson2Decoder.createObjectReader(AbstractJackson2Decoder.java:238) ~[spring-web-6.2.12.jar!/:6.2.12]
	at org.springframework.http.codec.json.AbstractJackson2Decoder.decode(AbstractJackson2Decoder.java:212) ~[spring-web-6.2.12.jar!/:6.2.12]
	at org.springframework.http.codec.json.AbstractJackson2Decoder.lambda$decodeToMono$2(AbstractJackson2Decoder.java:198) ~[spring-web-6.2.12.jar!/:6.2.12]
	at reactor.core.publisher.MonoFlatMap$FlatMapMain.onNext(MonoFlatMap.java:132) ~[reactor-core-3.7.12.jar!/:3.7.12]
	at reactor.core.publisher.FluxContextWrite$ContextWriteSubscriber.onNext(FluxContextWrite.java:107) ~[reactor-core-3.7.12.jar!/:3.7.12]
	at reactor.core.publisher.FluxMapFuseable$MapFuseableConditionalSubscriber.onNext(FluxMapFuseable.java:299) ~[reactor-core-3.7.12.jar!/:3.7.12]
	at reactor.core.publisher.FluxFilterFuseable$FilterFuseableConditionalSubscriber.onNext(FluxFilterFuseable.java:337) ~[reactor-core-3.7.12.jar!/:3.7.12]
	at reactor.core.publisher.Operators$BaseFluxToMonoOperator.completePossiblyEmpty(Operators.java:2096) ~[reactor-core-3.7.12.jar!/:3.7.12]
	at reactor.core.publisher.MonoCollect$CollectSubscriber.onComplete(MonoCollect.java:145) ~[reactor-core-3.7.12.jar!/:3.7.12]
	at reactor.core.publisher.FluxMap$MapSubscriber.onComplete(FluxMap.java:144) ~[reactor-core-3.7.12.jar!/:3.7.12]
	at reactor.core.publisher.FluxPeek$PeekSubscriber.onComplete(FluxPeek.java:260) ~[reactor-core-3.7.12.jar!/:3.7.12]
	at reactor.core.publisher.FluxMap$MapSubscriber.onComplete(FluxMap.java:144) ~[reactor-core-3.7.12.jar!/:3.7.12]
	at reactor.netty.channel.FluxReceive.onInboundComplete(FluxReceive.java:413) ~[reactor-netty-core-1.2.11.jar!/:1.2.11]
	at reactor.netty.channel.ChannelOperations.onInboundComplete(ChannelOperations.java:464) ~[reactor-netty-core-1.2.11.jar!/:1.2.11]
	at reactor.netty.channel.ChannelOperations.terminate(ChannelOperations.java:518) ~[reactor-netty-core-1.2.11.jar!/:1.2.11]
	at reactor.netty.http.client.HttpClientOperations.onInboundNext(HttpClientOperations.java:925) ~[reactor-netty-http-1.2.11.jar!/:1.2.11]
	at reactor.netty.channel.ChannelOperationsHandler.channelRead(ChannelOperationsHandler.java:115) ~[reactor-netty-core-1.2.11.jar!/:1.2.11]
	at io.netty.channel.AbstractChannelHandlerContext.invokeChannelRead(AbstractChannelHandlerContext.java:444) ~[netty-transport-4.1.128.Final.jar!/:4.1.128.Final]
	at io.netty.channel.AbstractChannelHandlerContext.invokeChannelRead(AbstractChannelHandlerContext.java:420) ~[netty-transport-4.1.128.Final.jar!/:4.1.128.Final]
	at io.netty.channel.AbstractChannelHandlerContext.fireChannelRead(AbstractChannelHandlerContext.java:412) ~[netty-transport-4.1.128.Final.jar!/:4.1.128.Final]
	at io.netty.handler.codec.http.HttpContentDecoder.decode(HttpContentDecoder.java:166) ~[netty-codec-http-4.1.128.Final.jar!/:4.1.128.Final]
	at io.netty.handler.codec.http.HttpContentDecoder.decode(HttpContentDecoder.java:48) ~[netty-codec-http-4.1.128.Final.jar!/:4.1.128.Final]
	at io.netty.handler.codec.MessageToMessageDecoder.channelRead(MessageToMessageDecoder.java:91) ~[netty-codec-4.1.128.Final.jar!/:4.1.128.Final]
	at io.netty.channel.AbstractChannelHandlerContext.invokeChannelRead(AbstractChannelHandlerContext.java:444) ~[netty-transport-4.1.128.Final.jar!/:4.1.128.Final]
	at io.netty.channel.AbstractChannelHandlerContext.invokeChannelRead(AbstractChannelHandlerContext.java:420) ~[netty-transport-4.1.128.Final.jar!/:4.1.128.Final]
	at io.netty.channel.AbstractChannelHandlerContext.fireChannelRead(AbstractChannelHandlerContext.java:412) ~[netty-transport-4.1.128.Final.jar!/:4.1.128.Final]
	at io.netty.channel.CombinedChannelDuplexHandler$DelegatingChannelHandlerContext.fireChannelRead(CombinedChannelDuplexHandler.java:436) ~[netty-transport-4.1.128.Final.jar!/:4.1.128.Final]
	at io.netty.handler.codec.ByteToMessageDecoder.fireChannelRead(ByteToMessageDecoder.java:346) ~[netty-codec-4.1.128.Final.jar!/:4.1.128.Final]
	at io.netty.handler.codec.ByteToMessageDecoder.channelRead(ByteToMessageDecoder.java:318) ~[netty-codec-4.1.128.Final.jar!/:4.1.128.Final]
	at io.netty.channel.CombinedChannelDuplexHandler.channelRead(CombinedChannelDuplexHandler.java:251) ~[netty-transport-4.1.128.Final.jar!/:4.1.128.Final]
	at io.netty.channel.AbstractChannelHandlerContext.invokeChannelRead(AbstractChannelHandlerContext.java:442) ~[netty-transport-4.1.128.Final.jar!/:4.1.128.Final]
	at io.netty.channel.AbstractChannelHandlerContext.invokeChannelRead(AbstractChannelHandlerContext.java:420) ~[netty-transport-4.1.128.Final.jar!/:4.1.128.Final]
	at io.netty.channel.AbstractChannelHandlerContext.fireChannelRead(AbstractChannelHandlerContext.java:412) ~[netty-transport-4.1.128.Final.jar!/:4.1.128.Final]
	at io.netty.channel.DefaultChannelPipeline$HeadContext.channelRead(DefaultChannelPipeline.java:1357) ~[netty-transport-4.1.128.Final.jar!/:4.1.128.Final]
	at io.netty.channel.AbstractChannelHandlerContext.invokeChannelRead(AbstractChannelHandlerContext.java:440) ~[netty-transport-4.1.128.Final.jar!/:4.1.128.Final]
	at io.netty.channel.AbstractChannelHandlerContext.invokeChannelRead(AbstractChannelHandlerContext.java:420) ~[netty-transport-4.1.128.Final.jar!/:4.1.128.Final]
	at io.netty.channel.DefaultChannelPipeline.fireChannelRead(DefaultChannelPipeline.java:868) ~[netty-transport-4.1.128.Final.jar!/:4.1.128.Final]
	at io.netty.channel.nio.AbstractNioByteChannel$NioByteUnsafe.read(AbstractNioByteChannel.java:166) ~[netty-transport-4.1.128.Final.jar!/:4.1.128.Final]
	at io.netty.channel.nio.NioEventLoop.processSelectedKey(NioEventLoop.java:796) ~[netty-transport-4.1.128.Final.jar!/:4.1.128.Final]
	at io.netty.channel.nio.NioEventLoop.processSelectedKeysOptimized(NioEventLoop.java:732) ~[netty-transport-4.1.128.Final.jar!/:4.1.128.Final]
	at io.netty.channel.nio.NioEventLoop.processSelectedKeys(NioEventLoop.java:658) ~[netty-transport-4.1.128.Final.jar!/:4.1.128.Final]
	at io.netty.channel.nio.NioEventLoop.run(NioEventLoop.java:562) ~[netty-transport-4.1.128.Final.jar!/:4.1.128.Final]
	at io.netty.util.concurrent.SingleThreadEventExecutor$4.run(SingleThreadEventExecutor.java:998) ~[netty-common-4.1.128.Final.jar!/:4.1.128.Final]
	at io.netty.util.internal.ThreadExecutorMap$2.run(ThreadExecutorMap.java:74) ~[netty-common-4.1.128.Final.jar!/:4.1.128.Final]
	at io.netty.util.concurrent.FastThreadLocalRunnable.run(FastThreadLocalRunnable.java:30) ~[netty-common-4.1.128.Final.jar!/:4.1.128.Final]
	at java.base/java.lang.Thread.run(Thread.java:842) ~[na:na]
Caused by: java.lang.ClassNotFoundException: com.fasterxml.jackson.databind.deser.std.StdKeyDeserializer$StringKD
	at java.base/java.net.URLClassLoader.findClass(URLClassLoader.java:445) ~[na:na]
	at java.base/java.lang.ClassLoader.loadClass(ClassLoader.java:587) ~[na:na]
	at org.springframework.boot.loader.net.protocol.jar.JarUrlClassLoader.loadClass(JarUrlClassLoader.java:107) ~[chatbot-0.0.1-SNAPSHOT.jar:0.0.1-SNAPSHOT]
	at org.springframework.boot.loader.launch.LaunchedClassLoader.loadClass(LaunchedClassLoader.java:91) ~[chatbot-0.0.1-SNAPSHOT.jar:0.0.1-SNAPSHOT]
	at java.base/java.lang.ClassLoader.loadClass(ClassLoader.java:520) ~[na:na]
	... 57 common frames omitted

2026-02-13T14:22:16.901+08:00 ERROR 17749 --- [nio-8081-exec-2] o.a.c.c.C.[.[.[/].[dispatcherServlet]    : Servlet.service() for servlet [dispatcherServlet] threw exception

java.lang.NoClassDefFoundError: org/springframework/web/method/annotation/ExceptionHandlerMethodResolver
	at org.springframework.web.servlet.mvc.method.annotation.ExceptionHandlerExceptionResolver.getExceptionHandlerMethod(ExceptionHandlerExceptionResolver.java:536) ~[spring-webmvc-6.2.12.jar!/:6.2.12]
	at org.springframework.web.servlet.mvc.method.annotation.ExceptionHandlerExceptionResolver.doResolveHandlerMethodException(ExceptionHandlerExceptionResolver.java:441) ~[spring-webmvc-6.2.12.jar!/:6.2.12]
	at org.springframework.web.servlet.handler.AbstractHandlerMethodExceptionResolver.doResolveException(AbstractHandlerMethodExceptionResolver.java:73) ~[spring-webmvc-6.2.12.jar!/:6.2.12]
	at org.springframework.web.servlet.handler.AbstractHandlerExceptionResolver.resolveException(AbstractHandlerExceptionResolver.java:182) ~[spring-webmvc-6.2.12.jar!/:6.2.12]
	at org.springframework.web.servlet.handler.HandlerExceptionResolverComposite.resolveException(HandlerExceptionResolverComposite.java:80) ~[spring-webmvc-6.2.12.jar!/:6.2.12]
	at org.springframework.web.servlet.DispatcherServlet.processHandlerException(DispatcherServlet.java:1360) ~[spring-webmvc-6.2.12.jar!/:6.2.12]
	at org.springframework.web.servlet.DispatcherServlet.processDispatchResult(DispatcherServlet.java:1161) ~[spring-webmvc-6.2.12.jar!/:6.2.12]
	at org.springframework.web.servlet.DispatcherServlet.doDispatch(DispatcherServlet.java:1106) ~[spring-webmvc-6.2.12.jar!/:6.2.12]
	at org.springframework.web.servlet.DispatcherServlet.doService(DispatcherServlet.java:979) ~[spring-webmvc-6.2.12.jar!/:6.2.12]
	at org.springframework.web.servlet.FrameworkServlet.processRequest(FrameworkServlet.java:1014) ~[spring-webmvc-6.2.12.jar!/:6.2.12]
	at org.springframework.web.servlet.FrameworkServlet.doPost(FrameworkServlet.java:914) ~[spring-webmvc-6.2.12.jar!/:6.2.12]
	at jakarta.servlet.http.HttpServlet.service(HttpServlet.java:590) ~[tomcat-embed-core-10.1.48.jar!/:na]
	at org.springframework.web.servlet.FrameworkServlet.service(FrameworkServlet.java:885) ~[spring-webmvc-6.2.12.jar!/:6.2.12]
	at jakarta.servlet.http.HttpServlet.service(HttpServlet.java:658) ~[tomcat-embed-core-10.1.48.jar!/:na]
	at org.apache.catalina.core.ApplicationFilterChain.internalDoFilter(ApplicationFilterChain.java:193) ~[tomcat-embed-core-10.1.48.jar!/:na]
	at org.apache.catalina.core.ApplicationFilterChain.doFilter(ApplicationFilterChain.java:138) ~[tomcat-embed-core-10.1.48.jar!/:na]
	at org.springframework.web.filter.RequestContextFilter.doFilterInternal(RequestContextFilter.java:100) ~[spring-web-6.2.12.jar!/:6.2.12]
	at org.springframework.web.filter.OncePerRequestFilter.doFilter(OncePerRequestFilter.java:116) ~[spring-web-6.2.12.jar!/:6.2.12]
	at org.apache.catalina.core.ApplicationFilterChain.internalDoFilter(ApplicationFilterChain.java:162) ~[tomcat-embed-core-10.1.48.jar!/:na]
	at org.apache.catalina.core.ApplicationFilterChain.doFilter(ApplicationFilterChain.java:138) ~[tomcat-embed-core-10.1.48.jar!/:na]
	at org.springframework.web.filter.OncePerRequestFilter.doFilter(OncePerRequestFilter.java:101) ~[spring-web-6.2.12.jar!/:6.2.12]
	at org.apache.catalina.core.ApplicationFilterChain.internalDoFilter(ApplicationFilterChain.java:162) ~[tomcat-embed-core-10.1.48.jar!/:na]
	at org.apache.catalina.core.ApplicationFilterChain.doFilter(ApplicationFilterChain.java:138) ~[tomcat-embed-core-10.1.48.jar!/:na]
	at org.springframework.web.filter.OncePerRequestFilter.doFilter(OncePerRequestFilter.java:101) ~[spring-web-6.2.12.jar!/:6.2.12]
	at org.apache.catalina.core.ApplicationFilterChain.internalDoFilter(ApplicationFilterChain.java:162) ~[tomcat-embed-core-10.1.48.jar!/:na]
	at org.apache.catalina.core.ApplicationFilterChain.doFilter(ApplicationFilterChain.java:138) ~[tomcat-embed-core-10.1.48.jar!/:na]
	at org.apache.catalina.core.ApplicationDispatcher.invoke(ApplicationDispatcher.java:610) ~[tomcat-embed-core-10.1.48.jar!/:na]
	at org.apache.catalina.core.ApplicationDispatcher.doDispatch(ApplicationDispatcher.java:538) ~[tomcat-embed-core-10.1.48.jar!/:na]
	at org.apache.catalina.core.ApplicationDispatcher.dispatch(ApplicationDispatcher.java:509) ~[tomcat-embed-core-10.1.48.jar!/:na]
	at org.apache.catalina.core.AsyncContextImpl$AsyncRunnable.run(AsyncContextImpl.java:599) ~[tomcat-embed-core-10.1.48.jar!/:na]
	at org.apache.catalina.core.AsyncContextImpl.doInternalDispatch(AsyncContextImpl.java:342) ~[tomcat-embed-core-10.1.48.jar!/:na]
	at org.apache.catalina.core.StandardWrapperValve.invoke(StandardWrapperValve.java:163) ~[tomcat-embed-core-10.1.48.jar!/:na]
	at org.apache.catalina.core.StandardContextValve.invoke(StandardContextValve.java:88) ~[tomcat-embed-core-10.1.48.jar!/:na]
	at org.apache.catalina.authenticator.AuthenticatorBase.invoke(AuthenticatorBase.java:482) ~[tomcat-embed-core-10.1.48.jar!/:na]
	at org.apache.catalina.core.StandardHostValve.invoke(StandardHostValve.java:113) ~[tomcat-embed-core-10.1.48.jar!/:na]
	at org.apache.catalina.valves.ErrorReportValve.invoke(ErrorReportValve.java:83) ~[tomcat-embed-core-10.1.48.jar!/:na]
	at org.apache.catalina.core.StandardEngineValve.invoke(StandardEngineValve.java:72) ~[tomcat-embed-core-10.1.48.jar!/:na]
	at org.apache.catalina.connector.CoyoteAdapter.asyncDispatch(CoyoteAdapter.java:237) ~[tomcat-embed-core-10.1.48.jar!/:na]
	at org.apache.coyote.AbstractProcessor.dispatch(AbstractProcessor.java:243) ~[tomcat-embed-core-10.1.48.jar!/:na]
	at org.apache.coyote.AbstractProcessorLight.process(AbstractProcessorLight.java:57) ~[tomcat-embed-core-10.1.48.jar!/:na]
	at org.apache.coyote.AbstractProtocol$ConnectionHandler.process(AbstractProtocol.java:903) ~[tomcat-embed-core-10.1.48.jar!/:na]
	at org.apache.tomcat.util.net.NioEndpoint$SocketProcessor.doRun(NioEndpoint.java:1774) ~[tomcat-embed-core-10.1.48.jar!/:na]
	at org.apache.tomcat.util.net.SocketProcessorBase.run(SocketProcessorBase.java:52) ~[tomcat-embed-core-10.1.48.jar!/:na]
	at org.apache.tomcat.util.threads.ThreadPoolExecutor.runWorker(ThreadPoolExecutor.java:973) ~[tomcat-embed-core-10.1.48.jar!/:na]
	at org.apache.tomcat.util.threads.ThreadPoolExecutor$Worker.run(ThreadPoolExecutor.java:491) ~[tomcat-embed-core-10.1.48.jar!/:na]
	at org.apache.tomcat.util.threads.TaskThread$WrappingRunnable.run(TaskThread.java:63) ~[tomcat-embed-core-10.1.48.jar!/:na]
	at java.base/java.lang.Thread.run(Thread.java:842) ~[na:na]

2026-02-13T14:22:16.902+08:00 ERROR 17749 --- [nio-8081-exec-2] o.a.c.c.C.[.[.[/].[dispatcherServlet]    : Servlet.service() for servlet [dispatcherServlet] in context with path [] threw exception [Handler processing failed: java.lang.NoClassDefFoundError: org/springframework/web/method/annotation/ExceptionHandlerMethodResolver] with root cause

java.lang.NoClassDefFoundError: org/springframework/web/method/annotation/ExceptionHandlerMethodResolver
	at org.springframework.web.servlet.mvc.method.annotation.ExceptionHandlerExceptionResolver.getExceptionHandlerMethod(ExceptionHandlerExceptionResolver.java:536) ~[spring-webmvc-6.2.12.jar!/:6.2.12]
	at org.springframework.web.servlet.mvc.method.annotation.ExceptionHandlerExceptionResolver.doResolveHandlerMethodException(ExceptionHandlerExceptionResolver.java:441) ~[spring-webmvc-6.2.12.jar!/:6.2.12]
	at org.springframework.web.servlet.handler.AbstractHandlerMethodExceptionResolver.doResolveException(AbstractHandlerMethodExceptionResolver.java:73) ~[spring-webmvc-6.2.12.jar!/:6.2.12]
	at org.springframework.web.servlet.handler.AbstractHandlerExceptionResolver.resolveException(AbstractHandlerExceptionResolver.java:182) ~[spring-webmvc-6.2.12.jar!/:6.2.12]
	at org.springframework.web.servlet.handler.HandlerExceptionResolverComposite.resolveException(HandlerExceptionResolverComposite.java:80) ~[spring-webmvc-6.2.12.jar!/:6.2.12]
	at org.springframework.web.servlet.DispatcherServlet.processHandlerException(DispatcherServlet.java:1360) ~[spring-webmvc-6.2.12.jar!/:6.2.12]
	at org.springframework.web.servlet.DispatcherServlet.processDispatchResult(DispatcherServlet.java:1161) ~[spring-webmvc-6.2.12.jar!/:6.2.12]
	at org.springframework.web.servlet.DispatcherServlet.doDispatch(DispatcherServlet.java:1106) ~[spring-webmvc-6.2.12.jar!/:6.2.12]
	at org.springframework.web.servlet.DispatcherServlet.doService(DispatcherServlet.java:979) ~[spring-webmvc-6.2.12.jar!/:6.2.12]
	at org.springframework.web.servlet.FrameworkServlet.processRequest(FrameworkServlet.java:1014) ~[spring-webmvc-6.2.12.jar!/:6.2.12]
	at org.springframework.web.servlet.FrameworkServlet.doPost(FrameworkServlet.java:914) ~[spring-webmvc-6.2.12.jar!/:6.2.12]
	at jakarta.servlet.http.HttpServlet.service(HttpServlet.java:590) ~[tomcat-embed-core-10.1.48.jar!/:na]
	at org.springframework.web.servlet.FrameworkServlet.service(FrameworkServlet.java:885) ~[spring-webmvc-6.2.12.jar!/:6.2.12]
	at jakarta.servlet.http.HttpServlet.service(HttpServlet.java:658) ~[tomcat-embed-core-10.1.48.jar!/:na]
	at org.apache.catalina.core.ApplicationFilterChain.internalDoFilter(ApplicationFilterChain.java:193) ~[tomcat-embed-core-10.1.48.jar!/:na]
	at org.apache.catalina.core.ApplicationFilterChain.doFilter(ApplicationFilterChain.java:138) ~[tomcat-embed-core-10.1.48.jar!/:na]
	at org.springframework.web.filter.RequestContextFilter.doFilterInternal(RequestContextFilter.java:100) ~[spring-web-6.2.12.jar!/:6.2.12]
	at org.springframework.web.filter.OncePerRequestFilter.doFilter(OncePerRequestFilter.java:116) ~[spring-web-6.2.12.jar!/:6.2.12]
	at org.apache.catalina.core.ApplicationFilterChain.internalDoFilter(ApplicationFilterChain.java:162) ~[tomcat-embed-core-10.1.48.jar!/:na]
	at org.apache.catalina.core.ApplicationFilterChain.doFilter(ApplicationFilterChain.java:138) ~[tomcat-embed-core-10.1.48.jar!/:na]
	at org.springframework.web.filter.OncePerRequestFilter.doFilter(OncePerRequestFilter.java:101) ~[spring-web-6.2.12.jar!/:6.2.12]
	at org.apache.catalina.core.ApplicationFilterChain.internalDoFilter(ApplicationFilterChain.java:162) ~[tomcat-embed-core-10.1.48.jar!/:na]
	at org.apache.catalina.core.ApplicationFilterChain.doFilter(ApplicationFilterChain.java:138) ~[tomcat-embed-core-10.1.48.jar!/:na]
	at org.springframework.web.filter.OncePerRequestFilter.doFilter(OncePerRequestFilter.java:101) ~[spring-web-6.2.12.jar!/:6.2.12]
	at org.apache.catalina.core.ApplicationFilterChain.internalDoFilter(ApplicationFilterChain.java:162) ~[tomcat-embed-core-10.1.48.jar!/:na]
	at org.apache.catalina.core.ApplicationFilterChain.doFilter(ApplicationFilterChain.java:138) ~[tomcat-embed-core-10.1.48.jar!/:na]
	at org.apache.catalina.core.ApplicationDispatcher.invoke(ApplicationDispatcher.java:610) ~[tomcat-embed-core-10.1.48.jar!/:na]
	at org.apache.catalina.core.ApplicationDispatcher.doDispatch(ApplicationDispatcher.java:538) ~[tomcat-embed-core-10.1.48.jar!/:na]
	at org.apache.catalina.core.ApplicationDispatcher.dispatch(ApplicationDispatcher.java:509) ~[tomcat-embed-core-10.1.48.jar!/:na]
	at org.apache.catalina.core.AsyncContextImpl$AsyncRunnable.run(AsyncContextImpl.java:599) ~[tomcat-embed-core-10.1.48.jar!/:na]
	at org.apache.catalina.core.AsyncContextImpl.doInternalDispatch(AsyncContextImpl.java:342) ~[tomcat-embed-core-10.1.48.jar!/:na]
	at org.apache.catalina.core.StandardWrapperValve.invoke(StandardWrapperValve.java:163) ~[tomcat-embed-core-10.1.48.jar!/:na]
	at org.apache.catalina.core.StandardContextValve.invoke(StandardContextValve.java:88) ~[tomcat-embed-core-10.1.48.jar!/:na]
	at org.apache.catalina.authenticator.AuthenticatorBase.invoke(AuthenticatorBase.java:482) ~[tomcat-embed-core-10.1.48.jar!/:na]
	at org.apache.catalina.core.StandardHostValve.invoke(StandardHostValve.java:113) ~[tomcat-embed-core-10.1.48.jar!/:na]
	at org.apache.catalina.valves.ErrorReportValve.invoke(ErrorReportValve.java:83) ~[tomcat-embed-core-10.1.48.jar!/:na]
	at org.apache.catalina.core.StandardEngineValve.invoke(StandardEngineValve.java:72) ~[tomcat-embed-core-10.1.48.jar!/:na]
	at org.apache.catalina.connector.CoyoteAdapter.asyncDispatch(CoyoteAdapter.java:237) ~[tomcat-embed-core-10.1.48.jar!/:na]
	at org.apache.coyote.AbstractProcessor.dispatch(AbstractProcessor.java:243) ~[tomcat-embed-core-10.1.48.jar!/:na]
	at org.apache.coyote.AbstractProcessorLight.process(AbstractProcessorLight.java:57) ~[tomcat-embed-core-10.1.48.jar!/:na]
	at org.apache.coyote.AbstractProtocol$ConnectionHandler.process(AbstractProtocol.java:903) ~[tomcat-embed-core-10.1.48.jar!/:na]
	at org.apache.tomcat.util.net.NioEndpoint$SocketProcessor.doRun(NioEndpoint.java:1774) ~[tomcat-embed-core-10.1.48.jar!/:na]
	at org.apache.tomcat.util.net.SocketProcessorBase.run(SocketProcessorBase.java:52) ~[tomcat-embed-core-10.1.48.jar!/:na]
	at org.apache.tomcat.util.threads.ThreadPoolExecutor.runWorker(ThreadPoolExecutor.java:973) ~[tomcat-embed-core-10.1.48.jar!/:na]
	at org.apache.tomcat.util.threads.ThreadPoolExecutor$Worker.run(ThreadPoolExecutor.java:491) ~[tomcat-embed-core-10.1.48.jar!/:na]
	at org.apache.tomcat.util.threads.TaskThread$WrappingRunnable.run(TaskThread.java:63) ~[tomcat-embed-core-10.1.48.jar!/:na]
	at java.base/java.lang.Thread.run(Thread.java:842) ~[na:na]

2026-02-13T14:22:38.905+08:00 ERROR 17749 --- [nio-8081-exec-1] o.a.c.c.C.[.[.[/].[dispatcherServlet]    : Servlet.service() for servlet [dispatcherServlet] threw exception

java.lang.NoClassDefFoundError: org/springframework/web/method/annotation/ExceptionHandlerMethodResolver
	at org.springframework.web.servlet.mvc.method.annotation.ExceptionHandlerExceptionResolver.getExceptionHandlerMethod(ExceptionHandlerExceptionResolver.java:536) ~[spring-webmvc-6.2.12.jar!/:6.2.12]
	at org.springframework.web.servlet.mvc.method.annotation.ExceptionHandlerExceptionResolver.doResolveHandlerMethodException(ExceptionHandlerExceptionResolver.java:441) ~[spring-webmvc-6.2.12.jar!/:6.2.12]
	at org.springframework.web.servlet.handler.AbstractHandlerMethodExceptionResolver.doResolveException(AbstractHandlerMethodExceptionResolver.java:73) ~[spring-webmvc-6.2.12.jar!/:6.2.12]
	at org.springframework.web.servlet.handler.AbstractHandlerExceptionResolver.resolveException(AbstractHandlerExceptionResolver.java:182) ~[spring-webmvc-6.2.12.jar!/:6.2.12]
	at org.springframework.web.servlet.handler.HandlerExceptionResolverComposite.resolveException(HandlerExceptionResolverComposite.java:80) ~[spring-webmvc-6.2.12.jar!/:6.2.12]
	at org.springframework.web.servlet.DispatcherServlet.processHandlerException(DispatcherServlet.java:1360) ~[spring-webmvc-6.2.12.jar!/:6.2.12]
	at org.springframework.web.servlet.DispatcherServlet.processDispatchResult(DispatcherServlet.java:1161) ~[spring-webmvc-6.2.12.jar!/:6.2.12]
	at org.springframework.web.servlet.DispatcherServlet.doDispatch(DispatcherServlet.java:1106) ~[spring-webmvc-6.2.12.jar!/:6.2.12]
	at org.springframework.web.servlet.DispatcherServlet.doService(DispatcherServlet.java:979) ~[spring-webmvc-6.2.12.jar!/:6.2.12]
	at org.springframework.web.servlet.FrameworkServlet.processRequest(FrameworkServlet.java:1014) ~[spring-webmvc-6.2.12.jar!/:6.2.12]
	at org.springframework.web.servlet.FrameworkServlet.doPost(FrameworkServlet.java:914) ~[spring-webmvc-6.2.12.jar!/:6.2.12]
	at jakarta.servlet.http.HttpServlet.service(HttpServlet.java:590) ~[tomcat-embed-core-10.1.48.jar!/:na]
	at org.springframework.web.servlet.FrameworkServlet.service(FrameworkServlet.java:885) ~[spring-webmvc-6.2.12.jar!/:6.2.12]
	at jakarta.servlet.http.HttpServlet.service(HttpServlet.java:658) ~[tomcat-embed-core-10.1.48.jar!/:na]
	at org.apache.catalina.core.ApplicationFilterChain.internalDoFilter(ApplicationFilterChain.java:193) ~[tomcat-embed-core-10.1.48.jar!/:na]
	at org.apache.catalina.core.ApplicationFilterChain.doFilter(ApplicationFilterChain.java:138) ~[tomcat-embed-core-10.1.48.jar!/:na]
	at org.springframework.web.filter.RequestContextFilter.doFilterInternal(RequestContextFilter.java:100) ~[spring-web-6.2.12.jar!/:6.2.12]
	at org.springframework.web.filter.OncePerRequestFilter.doFilter(OncePerRequestFilter.java:116) ~[spring-web-6.2.12.jar!/:6.2.12]
	at org.apache.catalina.core.ApplicationFilterChain.internalDoFilter(ApplicationFilterChain.java:162) ~[tomcat-embed-core-10.1.48.jar!/:na]
	at org.apache.catalina.core.ApplicationFilterChain.doFilter(ApplicationFilterChain.java:138) ~[tomcat-embed-core-10.1.48.jar!/:na]
	at org.springframework.web.filter.OncePerRequestFilter.doFilter(OncePerRequestFilter.java:101) ~[spring-web-6.2.12.jar!/:6.2.12]
	at org.apache.catalina.core.ApplicationFilterChain.internalDoFilter(ApplicationFilterChain.java:162) ~[tomcat-embed-core-10.1.48.jar!/:na]
	at org.apache.catalina.core.ApplicationFilterChain.doFilter(ApplicationFilterChain.java:138) ~[tomcat-embed-core-10.1.48.jar!/:na]
	at org.springframework.web.filter.OncePerRequestFilter.doFilter(OncePerRequestFilter.java:101) ~[spring-web-6.2.12.jar!/:6.2.12]
	at org.apache.catalina.core.ApplicationFilterChain.internalDoFilter(ApplicationFilterChain.java:162) ~[tomcat-embed-core-10.1.48.jar!/:na]
	at org.apache.catalina.core.ApplicationFilterChain.doFilter(ApplicationFilterChain.java:138) ~[tomcat-embed-core-10.1.48.jar!/:na]
	at org.apache.catalina.core.ApplicationDispatcher.invoke(ApplicationDispatcher.java:610) ~[tomcat-embed-core-10.1.48.jar!/:na]
	at org.apache.catalina.core.ApplicationDispatcher.doDispatch(ApplicationDispatcher.java:538) ~[tomcat-embed-core-10.1.48.jar!/:na]
	at org.apache.catalina.core.ApplicationDispatcher.dispatch(ApplicationDispatcher.java:509) ~[tomcat-embed-core-10.1.48.jar!/:na]
	at org.apache.catalina.core.AsyncContextImpl$AsyncRunnable.run(AsyncContextImpl.java:599) ~[tomcat-embed-core-10.1.48.jar!/:na]
	at org.apache.catalina.core.AsyncContextImpl.doInternalDispatch(AsyncContextImpl.java:342) ~[tomcat-embed-core-10.1.48.jar!/:na]
	at org.apache.catalina.core.StandardWrapperValve.invoke(StandardWrapperValve.java:163) ~[tomcat-embed-core-10.1.48.jar!/:na]
	at org.apache.catalina.core.StandardContextValve.invoke(StandardContextValve.java:88) ~[tomcat-embed-core-10.1.48.jar!/:na]
	at org.apache.catalina.authenticator.AuthenticatorBase.invoke(AuthenticatorBase.java:482) ~[tomcat-embed-core-10.1.48.jar!/:na]
	at org.apache.catalina.core.StandardHostValve.invoke(StandardHostValve.java:113) ~[tomcat-embed-core-10.1.48.jar!/:na]
	at org.apache.catalina.valves.ErrorReportValve.invoke(ErrorReportValve.java:83) ~[tomcat-embed-core-10.1.48.jar!/:na]
	at org.apache.catalina.core.StandardEngineValve.invoke(StandardEngineValve.java:72) ~[tomcat-embed-core-10.1.48.jar!/:na]
	at org.apache.catalina.connector.CoyoteAdapter.asyncDispatch(CoyoteAdapter.java:237) ~[tomcat-embed-core-10.1.48.jar!/:na]
	at org.apache.coyote.AbstractProcessor.dispatch(AbstractProcessor.java:243) ~[tomcat-embed-core-10.1.48.jar!/:na]
	at org.apache.coyote.AbstractProcessorLight.process(AbstractProcessorLight.java:57) ~[tomcat-embed-core-10.1.48.jar!/:na]
	at org.apache.coyote.AbstractProtocol$ConnectionHandler.process(AbstractProtocol.java:903) ~[tomcat-embed-core-10.1.48.jar!/:na]
	at org.apache.tomcat.util.net.NioEndpoint$SocketProcessor.doRun(NioEndpoint.java:1774) ~[tomcat-embed-core-10.1.48.jar!/:na]
	at org.apache.tomcat.util.net.SocketProcessorBase.run(SocketProcessorBase.java:52) ~[tomcat-embed-core-10.1.48.jar!/:na]
	at org.apache.tomcat.util.threads.ThreadPoolExecutor.runWorker(ThreadPoolExecutor.java:973) ~[tomcat-embed-core-10.1.48.jar!/:na]
	at org.apache.tomcat.util.threads.ThreadPoolExecutor$Worker.run(ThreadPoolExecutor.java:491) ~[tomcat-embed-core-10.1.48.jar!/:na]
	at org.apache.tomcat.util.threads.TaskThread$WrappingRunnable.run(TaskThread.java:63) ~[tomcat-embed-core-10.1.48.jar!/:na]
	at java.base/java.lang.Thread.run(Thread.java:842) ~[na:na]

2026-02-13T14:22:38.905+08:00 ERROR 17749 --- [nio-8081-exec-1] o.a.c.c.C.[.[.[/].[dispatcherServlet]    : Servlet.service() for servlet [dispatcherServlet] in context with path [] threw exception [Handler processing failed: java.lang.NoClassDefFoundError: org/springframework/web/method/annotation/ExceptionHandlerMethodResolver] with root cause

java.lang.NoClassDefFoundError: org/springframework/web/method/annotation/ExceptionHandlerMethodResolver
	at org.springframework.web.servlet.mvc.method.annotation.ExceptionHandlerExceptionResolver.getExceptionHandlerMethod(ExceptionHandlerExceptionResolver.java:536) ~[spring-webmvc-6.2.12.jar!/:6.2.12]
	at org.springframework.web.servlet.mvc.method.annotation.ExceptionHandlerExceptionResolver.doResolveHandlerMethodException(ExceptionHandlerExceptionResolver.java:441) ~[spring-webmvc-6.2.12.jar!/:6.2.12]
	at org.springframework.web.servlet.handler.AbstractHandlerMethodExceptionResolver.doResolveException(AbstractHandlerMethodExceptionResolver.java:73) ~[spring-webmvc-6.2.12.jar!/:6.2.12]
	at org.springframework.web.servlet.handler.AbstractHandlerExceptionResolver.resolveException(AbstractHandlerExceptionResolver.java:182) ~[spring-webmvc-6.2.12.jar!/:6.2.12]
	at org.springframework.web.servlet.handler.HandlerExceptionResolverComposite.resolveException(HandlerExceptionResolverComposite.java:80) ~[spring-webmvc-6.2.12.jar!/:6.2.12]
	at org.springframework.web.servlet.DispatcherServlet.processHandlerException(DispatcherServlet.java:1360) ~[spring-webmvc-6.2.12.jar!/:6.2.12]
	at org.springframework.web.servlet.DispatcherServlet.processDispatchResult(DispatcherServlet.java:1161) ~[spring-webmvc-6.2.12.jar!/:6.2.12]
	at org.springframework.web.servlet.DispatcherServlet.doDispatch(DispatcherServlet.java:1106) ~[spring-webmvc-6.2.12.jar!/:6.2.12]
	at org.springframework.web.servlet.DispatcherServlet.doService(DispatcherServlet.java:979) ~[spring-webmvc-6.2.12.jar!/:6.2.12]
	at org.springframework.web.servlet.FrameworkServlet.processRequest(FrameworkServlet.java:1014) ~[spring-webmvc-6.2.12.jar!/:6.2.12]
	at org.springframework.web.servlet.FrameworkServlet.doPost(FrameworkServlet.java:914) ~[spring-webmvc-6.2.12.jar!/:6.2.12]
	at jakarta.servlet.http.HttpServlet.service(HttpServlet.java:590) ~[tomcat-embed-core-10.1.48.jar!/:na]
	at org.springframework.web.servlet.FrameworkServlet.service(FrameworkServlet.java:885) ~[spring-webmvc-6.2.12.jar!/:6.2.12]
	at jakarta.servlet.http.HttpServlet.service(HttpServlet.java:658) ~[tomcat-embed-core-10.1.48.jar!/:na]
	at org.apache.catalina.core.ApplicationFilterChain.internalDoFilter(ApplicationFilterChain.java:193) ~[tomcat-embed-core-10.1.48.jar!/:na]
	at org.apache.catalina.core.ApplicationFilterChain.doFilter(ApplicationFilterChain.java:138) ~[tomcat-embed-core-10.1.48.jar!/:na]
	at org.springframework.web.filter.RequestContextFilter.doFilterInternal(RequestContextFilter.java:100) ~[spring-web-6.2.12.jar!/:6.2.12]
	at org.springframework.web.filter.OncePerRequestFilter.doFilter(OncePerRequestFilter.java:116) ~[spring-web-6.2.12.jar!/:6.2.12]
	at org.apache.catalina.core.ApplicationFilterChain.internalDoFilter(ApplicationFilterChain.java:162) ~[tomcat-embed-core-10.1.48.jar!/:na]
	at org.apache.catalina.core.ApplicationFilterChain.doFilter(ApplicationFilterChain.java:138) ~[tomcat-embed-core-10.1.48.jar!/:na]
	at org.springframework.web.filter.OncePerRequestFilter.doFilter(OncePerRequestFilter.java:101) ~[spring-web-6.2.12.jar!/:6.2.12]
	at org.apache.catalina.core.ApplicationFilterChain.internalDoFilter(ApplicationFilterChain.java:162) ~[tomcat-embed-core-10.1.48.jar!/:na]
	at org.apache.catalina.core.ApplicationFilterChain.doFilter(ApplicationFilterChain.java:138) ~[tomcat-embed-core-10.1.48.jar!/:na]
	at org.springframework.web.filter.OncePerRequestFilter.doFilter(OncePerRequestFilter.java:101) ~[spring-web-6.2.12.jar!/:6.2.12]
	at org.apache.catalina.core.ApplicationFilterChain.internalDoFilter(ApplicationFilterChain.java:162) ~[tomcat-embed-core-10.1.48.jar!/:na]
	at org.apache.catalina.core.ApplicationFilterChain.doFilter(ApplicationFilterChain.java:138) ~[tomcat-embed-core-10.1.48.jar!/:na]
	at org.apache.catalina.core.ApplicationDispatcher.invoke(ApplicationDispatcher.java:610) ~[tomcat-embed-core-10.1.48.jar!/:na]
	at org.apache.catalina.core.ApplicationDispatcher.doDispatch(ApplicationDispatcher.java:538) ~[tomcat-embed-core-10.1.48.jar!/:na]
	at org.apache.catalina.core.ApplicationDispatcher.dispatch(ApplicationDispatcher.java:509) ~[tomcat-embed-core-10.1.48.jar!/:na]
	at org.apache.catalina.core.AsyncContextImpl$AsyncRunnable.run(AsyncContextImpl.java:599) ~[tomcat-embed-core-10.1.48.jar!/:na]
	at org.apache.catalina.core.AsyncContextImpl.doInternalDispatch(AsyncContextImpl.java:342) ~[tomcat-embed-core-10.1.48.jar!/:na]
	at org.apache.catalina.core.StandardWrapperValve.invoke(StandardWrapperValve.java:163) ~[tomcat-embed-core-10.1.48.jar!/:na]
	at org.apache.catalina.core.StandardContextValve.invoke(StandardContextValve.java:88) ~[tomcat-embed-core-10.1.48.jar!/:na]
	at org.apache.catalina.authenticator.AuthenticatorBase.invoke(AuthenticatorBase.java:482) ~[tomcat-embed-core-10.1.48.jar!/:na]
	at org.apache.catalina.core.StandardHostValve.invoke(StandardHostValve.java:113) ~[tomcat-embed-core-10.1.48.jar!/:na]
	at org.apache.catalina.valves.ErrorReportValve.invoke(ErrorReportValve.java:83) ~[tomcat-embed-core-10.1.48.jar!/:na]
	at org.apache.catalina.core.StandardEngineValve.invoke(StandardEngineValve.java:72) ~[tomcat-embed-core-10.1.48.jar!/:na]
	at org.apache.catalina.connector.CoyoteAdapter.asyncDispatch(CoyoteAdapter.java:237) ~[tomcat-embed-core-10.1.48.jar!/:na]
	at org.apache.coyote.AbstractProcessor.dispatch(AbstractProcessor.java:243) ~[tomcat-embed-core-10.1.48.jar!/:na]
	at org.apache.coyote.AbstractProcessorLight.process(AbstractProcessorLight.java:57) ~[tomcat-embed-core-10.1.48.jar!/:na]
	at org.apache.coyote.AbstractProtocol$ConnectionHandler.process(AbstractProtocol.java:903) ~[tomcat-embed-core-10.1.48.jar!/:na]
	at org.apache.tomcat.util.net.NioEndpoint$SocketProcessor.doRun(NioEndpoint.java:1774) ~[tomcat-embed-core-10.1.48.jar!/:na]
	at org.apache.tomcat.util.net.SocketProcessorBase.run(SocketProcessorBase.java:52) ~[tomcat-embed-core-10.1.48.jar!/:na]
	at org.apache.tomcat.util.threads.ThreadPoolExecutor.runWorker(ThreadPoolExecutor.java:973) ~[tomcat-embed-core-10.1.48.jar!/:na]
	at org.apache.tomcat.util.threads.ThreadPoolExecutor$Worker.run(ThreadPoolExecutor.java:491) ~[tomcat-embed-core-10.1.48.jar!/:na]
	at org.apache.tomcat.util.threads.TaskThread$WrappingRunnable.run(TaskThread.java:63) ~[tomcat-embed-core-10.1.48.jar!/:na]
	at java.base/java.lang.Thread.run(Thread.java:842) ~[na:na]

2026-02-13T14:24:02.819+08:00  INFO 17749 --- [nio-8081-exec-6] c.a.c.a.examples.chatbot.AuthController  : Login request for email: john@example.com
2026-02-13T14:24:02.820+08:00  INFO 17749 --- [nio-8081-exec-6] c.a.c.a.e.chatbot.AdminApiService        : Attempting login for user: john@example.com
2026-02-13T14:24:02.911+08:00  WARN 17749 --- [ctor-http-nio-7] reactor.core.Exceptions                  : throwIfFatal detected a jvm fatal exception, which is thrown and logged below:

java.lang.NoClassDefFoundError: com/fasterxml/jackson/databind/deser/std/StdKeyDeserializer$StringKD
	at com.fasterxml.jackson.databind.deser.std.StdKeyDeserializers.findKeyDeserializer(StdKeyDeserializers.java:200) ~[jackson-databind-2.19.2.jar!/:2.19.2]
	at com.fasterxml.jackson.databind.deser.BasicDeserializerFactory.createKeyDeserializer(BasicDeserializerFactory.java:1256) ~[jackson-databind-2.19.2.jar!/:2.19.2]
	at com.fasterxml.jackson.databind.deser.DeserializerCache.findKeyDeserializer(DeserializerCache.java:199) ~[jackson-databind-2.19.2.jar!/:2.19.2]
	at com.fasterxml.jackson.databind.DeserializationContext.findKeyDeserializer(DeserializationContext.java:696) ~[jackson-databind-2.19.2.jar!/:2.19.2]
	at com.fasterxml.jackson.databind.deser.std.MapDeserializer.createContextual(MapDeserializer.java:313) ~[jackson-databind-2.19.2.jar!/:2.19.2]
	at com.fasterxml.jackson.databind.DeserializationContext.handleSecondaryContextualization(DeserializationContext.java:895) ~[jackson-databind-2.19.2.jar!/:2.19.2]
	at com.fasterxml.jackson.databind.DeserializationContext.findRootValueDeserializer(DeserializationContext.java:674) ~[jackson-databind-2.19.2.jar!/:2.19.2]
	at com.fasterxml.jackson.databind.ObjectReader._prefetchRootDeserializer(ObjectReader.java:2455) ~[jackson-databind-2.19.2.jar!/:2.19.2]
	at com.fasterxml.jackson.databind.ObjectReader.<init>(ObjectReader.java:193) ~[jackson-databind-2.19.2.jar!/:2.19.2]
	at com.fasterxml.jackson.databind.ObjectMapper._newReader(ObjectMapper.java:810) ~[jackson-databind-2.19.2.jar!/:2.19.2]
	at com.fasterxml.jackson.databind.ObjectMapper.readerFor(ObjectMapper.java:4382) ~[jackson-databind-2.19.2.jar!/:2.19.2]
	at org.springframework.http.codec.json.AbstractJackson2Decoder.createObjectReader(AbstractJackson2Decoder.java:238) ~[spring-web-6.2.12.jar!/:6.2.12]
	at org.springframework.http.codec.json.AbstractJackson2Decoder.decode(AbstractJackson2Decoder.java:212) ~[spring-web-6.2.12.jar!/:6.2.12]
	at org.springframework.http.codec.json.AbstractJackson2Decoder.lambda$decodeToMono$2(AbstractJackson2Decoder.java:198) ~[spring-web-6.2.12.jar!/:6.2.12]
	at reactor.core.publisher.MonoFlatMap$FlatMapMain.onNext(MonoFlatMap.java:132) ~[reactor-core-3.7.12.jar!/:3.7.12]
	at reactor.core.publisher.FluxContextWrite$ContextWriteSubscriber.onNext(FluxContextWrite.java:107) ~[reactor-core-3.7.12.jar!/:3.7.12]
	at reactor.core.publisher.FluxMapFuseable$MapFuseableConditionalSubscriber.onNext(FluxMapFuseable.java:299) ~[reactor-core-3.7.12.jar!/:3.7.12]
	at reactor.core.publisher.FluxFilterFuseable$FilterFuseableConditionalSubscriber.onNext(FluxFilterFuseable.java:337) ~[reactor-core-3.7.12.jar!/:3.7.12]
	at reactor.core.publisher.Operators$BaseFluxToMonoOperator.completePossiblyEmpty(Operators.java:2096) ~[reactor-core-3.7.12.jar!/:3.7.12]
	at reactor.core.publisher.MonoCollect$CollectSubscriber.onComplete(MonoCollect.java:145) ~[reactor-core-3.7.12.jar!/:3.7.12]
	at reactor.core.publisher.FluxMap$MapSubscriber.onComplete(FluxMap.java:144) ~[reactor-core-3.7.12.jar!/:3.7.12]
	at reactor.core.publisher.FluxPeek$PeekSubscriber.onComplete(FluxPeek.java:260) ~[reactor-core-3.7.12.jar!/:3.7.12]
	at reactor.core.publisher.FluxMap$MapSubscriber.onComplete(FluxMap.java:144) ~[reactor-core-3.7.12.jar!/:3.7.12]
	at reactor.netty.channel.FluxReceive.onInboundComplete(FluxReceive.java:413) ~[reactor-netty-core-1.2.11.jar!/:1.2.11]
	at reactor.netty.channel.ChannelOperations.onInboundComplete(ChannelOperations.java:464) ~[reactor-netty-core-1.2.11.jar!/:1.2.11]
	at reactor.netty.channel.ChannelOperations.terminate(ChannelOperations.java:518) ~[reactor-netty-core-1.2.11.jar!/:1.2.11]
	at reactor.netty.http.client.HttpClientOperations.onInboundNext(HttpClientOperations.java:925) ~[reactor-netty-http-1.2.11.jar!/:1.2.11]
	at reactor.netty.channel.ChannelOperationsHandler.channelRead(ChannelOperationsHandler.java:115) ~[reactor-netty-core-1.2.11.jar!/:1.2.11]
	at io.netty.channel.AbstractChannelHandlerContext.invokeChannelRead(AbstractChannelHandlerContext.java:444) ~[netty-transport-4.1.128.Final.jar!/:4.1.128.Final]
	at io.netty.channel.AbstractChannelHandlerContext.invokeChannelRead(AbstractChannelHandlerContext.java:420) ~[netty-transport-4.1.128.Final.jar!/:4.1.128.Final]
	at io.netty.channel.AbstractChannelHandlerContext.fireChannelRead(AbstractChannelHandlerContext.java:412) ~[netty-transport-4.1.128.Final.jar!/:4.1.128.Final]
	at io.netty.handler.codec.http.HttpContentDecoder.decode(HttpContentDecoder.java:166) ~[netty-codec-http-4.1.128.Final.jar!/:4.1.128.Final]
	at io.netty.handler.codec.http.HttpContentDecoder.decode(HttpContentDecoder.java:48) ~[netty-codec-http-4.1.128.Final.jar!/:4.1.128.Final]
	at io.netty.handler.codec.MessageToMessageDecoder.channelRead(MessageToMessageDecoder.java:91) ~[netty-codec-4.1.128.Final.jar!/:4.1.128.Final]
	at io.netty.channel.AbstractChannelHandlerContext.invokeChannelRead(AbstractChannelHandlerContext.java:444) ~[netty-transport-4.1.128.Final.jar!/:4.1.128.Final]
	at io.netty.channel.AbstractChannelHandlerContext.invokeChannelRead(AbstractChannelHandlerContext.java:420) ~[netty-transport-4.1.128.Final.jar!/:4.1.128.Final]
	at io.netty.channel.AbstractChannelHandlerContext.fireChannelRead(AbstractChannelHandlerContext.java:412) ~[netty-transport-4.1.128.Final.jar!/:4.1.128.Final]
	at io.netty.channel.CombinedChannelDuplexHandler$DelegatingChannelHandlerContext.fireChannelRead(CombinedChannelDuplexHandler.java:436) ~[netty-transport-4.1.128.Final.jar!/:4.1.128.Final]
	at io.netty.handler.codec.ByteToMessageDecoder.fireChannelRead(ByteToMessageDecoder.java:346) ~[netty-codec-4.1.128.Final.jar!/:4.1.128.Final]
	at io.netty.handler.codec.ByteToMessageDecoder.channelRead(ByteToMessageDecoder.java:318) ~[netty-codec-4.1.128.Final.jar!/:4.1.128.Final]
	at io.netty.channel.CombinedChannelDuplexHandler.channelRead(CombinedChannelDuplexHandler.java:251) ~[netty-transport-4.1.128.Final.jar!/:4.1.128.Final]
	at io.netty.channel.AbstractChannelHandlerContext.invokeChannelRead(AbstractChannelHandlerContext.java:442) ~[netty-transport-4.1.128.Final.jar!/:4.1.128.Final]
	at io.netty.channel.AbstractChannelHandlerContext.invokeChannelRead(AbstractChannelHandlerContext.java:420) ~[netty-transport-4.1.128.Final.jar!/:4.1.128.Final]
	at io.netty.channel.AbstractChannelHandlerContext.fireChannelRead(AbstractChannelHandlerContext.java:412) ~[netty-transport-4.1.128.Final.jar!/:4.1.128.Final]
	at io.netty.channel.DefaultChannelPipeline$HeadContext.channelRead(DefaultChannelPipeline.java:1357) ~[netty-transport-4.1.128.Final.jar!/:4.1.128.Final]
	at io.netty.channel.AbstractChannelHandlerContext.invokeChannelRead(AbstractChannelHandlerContext.java:440) ~[netty-transport-4.1.128.Final.jar!/:4.1.128.Final]
	at io.netty.channel.AbstractChannelHandlerContext.invokeChannelRead(AbstractChannelHandlerContext.java:420) ~[netty-transport-4.1.128.Final.jar!/:4.1.128.Final]
	at io.netty.channel.DefaultChannelPipeline.fireChannelRead(DefaultChannelPipeline.java:868) ~[netty-transport-4.1.128.Final.jar!/:4.1.128.Final]
	at io.netty.channel.nio.AbstractNioByteChannel$NioByteUnsafe.read(AbstractNioByteChannel.java:166) ~[netty-transport-4.1.128.Final.jar!/:4.1.128.Final]
	at io.netty.channel.nio.NioEventLoop.processSelectedKey(NioEventLoop.java:796) ~[netty-transport-4.1.128.Final.jar!/:4.1.128.Final]
	at io.netty.channel.nio.NioEventLoop.processSelectedKeysOptimized(NioEventLoop.java:732) ~[netty-transport-4.1.128.Final.jar!/:4.1.128.Final]
	at io.netty.channel.nio.NioEventLoop.processSelectedKeys(NioEventLoop.java:658) ~[netty-transport-4.1.128.Final.jar!/:4.1.128.Final]
	at io.netty.channel.nio.NioEventLoop.run(NioEventLoop.java:562) ~[netty-transport-4.1.128.Final.jar!/:4.1.128.Final]
	at io.netty.util.concurrent.SingleThreadEventExecutor$4.run(SingleThreadEventExecutor.java:998) ~[netty-common-4.1.128.Final.jar!/:4.1.128.Final]
	at io.netty.util.internal.ThreadExecutorMap$2.run(ThreadExecutorMap.java:74) ~[netty-common-4.1.128.Final.jar!/:4.1.128.Final]
	at io.netty.util.concurrent.FastThreadLocalRunnable.run(FastThreadLocalRunnable.java:30) ~[netty-common-4.1.128.Final.jar!/:4.1.128.Final]
	at java.base/java.lang.Thread.run(Thread.java:842) ~[na:na]
Caused by: java.lang.ClassNotFoundException: com.fasterxml.jackson.databind.deser.std.StdKeyDeserializer$StringKD
	at java.base/java.net.URLClassLoader.findClass(URLClassLoader.java:445) ~[na:na]
	at java.base/java.lang.ClassLoader.loadClass(ClassLoader.java:587) ~[na:na]
	at org.springframework.boot.loader.net.protocol.jar.JarUrlClassLoader.loadClass(JarUrlClassLoader.java:107) ~[chatbot-0.0.1-SNAPSHOT.jar:0.0.1-SNAPSHOT]
	at org.springframework.boot.loader.launch.LaunchedClassLoader.loadClass(LaunchedClassLoader.java:91) ~[chatbot-0.0.1-SNAPSHOT.jar:0.0.1-SNAPSHOT]
	at java.base/java.lang.ClassLoader.loadClass(ClassLoader.java:520) ~[na:na]
	... 57 common frames omitted

2026-02-13T14:24:02.911+08:00 ERROR 17749 --- [ctor-http-nio-7] r.n.channel.ChannelOperationsHandler     : [05bb7756, L:/127.0.0.1:53014 - R:localhost/127.0.0.1:8080] Error was received while reading the incoming data. The connection will be closed.

java.lang.NoClassDefFoundError: com/fasterxml/jackson/databind/deser/std/StdKeyDeserializer$StringKD
	at com.fasterxml.jackson.databind.deser.std.StdKeyDeserializers.findKeyDeserializer(StdKeyDeserializers.java:200) ~[jackson-databind-2.19.2.jar!/:2.19.2]
	at com.fasterxml.jackson.databind.deser.BasicDeserializerFactory.createKeyDeserializer(BasicDeserializerFactory.java:1256) ~[jackson-databind-2.19.2.jar!/:2.19.2]
	at com.fasterxml.jackson.databind.deser.DeserializerCache.findKeyDeserializer(DeserializerCache.java:199) ~[jackson-databind-2.19.2.jar!/:2.19.2]
	at com.fasterxml.jackson.databind.DeserializationContext.findKeyDeserializer(DeserializationContext.java:696) ~[jackson-databind-2.19.2.jar!/:2.19.2]
	at com.fasterxml.jackson.databind.deser.std.MapDeserializer.createContextual(MapDeserializer.java:313) ~[jackson-databind-2.19.2.jar!/:2.19.2]
	at com.fasterxml.jackson.databind.DeserializationContext.handleSecondaryContextualization(DeserializationContext.java:895) ~[jackson-databind-2.19.2.jar!/:2.19.2]
	at com.fasterxml.jackson.databind.DeserializationContext.findRootValueDeserializer(DeserializationContext.java:674) ~[jackson-databind-2.19.2.jar!/:2.19.2]
	at com.fasterxml.jackson.databind.ObjectReader._prefetchRootDeserializer(ObjectReader.java:2455) ~[jackson-databind-2.19.2.jar!/:2.19.2]
	at com.fasterxml.jackson.databind.ObjectReader.<init>(ObjectReader.java:193) ~[jackson-databind-2.19.2.jar!/:2.19.2]
	at com.fasterxml.jackson.databind.ObjectMapper._newReader(ObjectMapper.java:810) ~[jackson-databind-2.19.2.jar!/:2.19.2]
	at com.fasterxml.jackson.databind.ObjectMapper.readerFor(ObjectMapper.java:4382) ~[jackson-databind-2.19.2.jar!/:2.19.2]
	at org.springframework.http.codec.json.AbstractJackson2Decoder.createObjectReader(AbstractJackson2Decoder.java:238) ~[spring-web-6.2.12.jar!/:6.2.12]
	at org.springframework.http.codec.json.AbstractJackson2Decoder.decode(AbstractJackson2Decoder.java:212) ~[spring-web-6.2.12.jar!/:6.2.12]
	at org.springframework.http.codec.json.AbstractJackson2Decoder.lambda$decodeToMono$2(AbstractJackson2Decoder.java:198) ~[spring-web-6.2.12.jar!/:6.2.12]
	at reactor.core.publisher.MonoFlatMap$FlatMapMain.onNext(MonoFlatMap.java:132) ~[reactor-core-3.7.12.jar!/:3.7.12]
	at reactor.core.publisher.FluxContextWrite$ContextWriteSubscriber.onNext(FluxContextWrite.java:107) ~[reactor-core-3.7.12.jar!/:3.7.12]
	at reactor.core.publisher.FluxMapFuseable$MapFuseableConditionalSubscriber.onNext(FluxMapFuseable.java:299) ~[reactor-core-3.7.12.jar!/:3.7.12]
	at reactor.core.publisher.FluxFilterFuseable$FilterFuseableConditionalSubscriber.onNext(FluxFilterFuseable.java:337) ~[reactor-core-3.7.12.jar!/:3.7.12]
	at reactor.core.publisher.Operators$BaseFluxToMonoOperator.completePossiblyEmpty(Operators.java:2096) ~[reactor-core-3.7.12.jar!/:3.7.12]
	at reactor.core.publisher.MonoCollect$CollectSubscriber.onComplete(MonoCollect.java:145) ~[reactor-core-3.7.12.jar!/:3.7.12]
	at reactor.core.publisher.FluxMap$MapSubscriber.onComplete(FluxMap.java:144) ~[reactor-core-3.7.12.jar!/:3.7.12]
	at reactor.core.publisher.FluxPeek$PeekSubscriber.onComplete(FluxPeek.java:260) ~[reactor-core-3.7.12.jar!/:3.7.12]
	at reactor.core.publisher.FluxMap$MapSubscriber.onComplete(FluxMap.java:144) ~[reactor-core-3.7.12.jar!/:3.7.12]
	at reactor.netty.channel.FluxReceive.onInboundComplete(FluxReceive.java:413) ~[reactor-netty-core-1.2.11.jar!/:1.2.11]
	at reactor.netty.channel.ChannelOperations.onInboundComplete(ChannelOperations.java:464) ~[reactor-netty-core-1.2.11.jar!/:1.2.11]
	at reactor.netty.channel.ChannelOperations.terminate(ChannelOperations.java:518) ~[reactor-netty-core-1.2.11.jar!/:1.2.11]
	at reactor.netty.http.client.HttpClientOperations.onInboundNext(HttpClientOperations.java:925) ~[reactor-netty-http-1.2.11.jar!/:1.2.11]
	at reactor.netty.channel.ChannelOperationsHandler.channelRead(ChannelOperationsHandler.java:115) ~[reactor-netty-core-1.2.11.jar!/:1.2.11]
	at io.netty.channel.AbstractChannelHandlerContext.invokeChannelRead(AbstractChannelHandlerContext.java:444) ~[netty-transport-4.1.128.Final.jar!/:4.1.128.Final]
	at io.netty.channel.AbstractChannelHandlerContext.invokeChannelRead(AbstractChannelHandlerContext.java:420) ~[netty-transport-4.1.128.Final.jar!/:4.1.128.Final]
	at io.netty.channel.AbstractChannelHandlerContext.fireChannelRead(AbstractChannelHandlerContext.java:412) ~[netty-transport-4.1.128.Final.jar!/:4.1.128.Final]
	at io.netty.handler.codec.http.HttpContentDecoder.decode(HttpContentDecoder.java:166) ~[netty-codec-http-4.1.128.Final.jar!/:4.1.128.Final]
	at io.netty.handler.codec.http.HttpContentDecoder.decode(HttpContentDecoder.java:48) ~[netty-codec-http-4.1.128.Final.jar!/:4.1.128.Final]
	at io.netty.handler.codec.MessageToMessageDecoder.channelRead(MessageToMessageDecoder.java:91) ~[netty-codec-4.1.128.Final.jar!/:4.1.128.Final]
	at io.netty.channel.AbstractChannelHandlerContext.invokeChannelRead(AbstractChannelHandlerContext.java:444) ~[netty-transport-4.1.128.Final.jar!/:4.1.128.Final]
	at io.netty.channel.AbstractChannelHandlerContext.invokeChannelRead(AbstractChannelHandlerContext.java:420) ~[netty-transport-4.1.128.Final.jar!/:4.1.128.Final]
	at io.netty.channel.AbstractChannelHandlerContext.fireChannelRead(AbstractChannelHandlerContext.java:412) ~[netty-transport-4.1.128.Final.jar!/:4.1.128.Final]
	at io.netty.channel.CombinedChannelDuplexHandler$DelegatingChannelHandlerContext.fireChannelRead(CombinedChannelDuplexHandler.java:436) ~[netty-transport-4.1.128.Final.jar!/:4.1.128.Final]
	at io.netty.handler.codec.ByteToMessageDecoder.fireChannelRead(ByteToMessageDecoder.java:346) ~[netty-codec-4.1.128.Final.jar!/:4.1.128.Final]
	at io.netty.handler.codec.ByteToMessageDecoder.channelRead(ByteToMessageDecoder.java:318) ~[netty-codec-4.1.128.Final.jar!/:4.1.128.Final]
	at io.netty.channel.CombinedChannelDuplexHandler.channelRead(CombinedChannelDuplexHandler.java:251) ~[netty-transport-4.1.128.Final.jar!/:4.1.128.Final]
	at io.netty.channel.AbstractChannelHandlerContext.invokeChannelRead(AbstractChannelHandlerContext.java:442) ~[netty-transport-4.1.128.Final.jar!/:4.1.128.Final]
	at io.netty.channel.AbstractChannelHandlerContext.invokeChannelRead(AbstractChannelHandlerContext.java:420) ~[netty-transport-4.1.128.Final.jar!/:4.1.128.Final]
	at io.netty.channel.AbstractChannelHandlerContext.fireChannelRead(AbstractChannelHandlerContext.java:412) ~[netty-transport-4.1.128.Final.jar!/:4.1.128.Final]
	at io.netty.channel.DefaultChannelPipeline$HeadContext.channelRead(DefaultChannelPipeline.java:1357) ~[netty-transport-4.1.128.Final.jar!/:4.1.128.Final]
	at io.netty.channel.AbstractChannelHandlerContext.invokeChannelRead(AbstractChannelHandlerContext.java:440) ~[netty-transport-4.1.128.Final.jar!/:4.1.128.Final]
	at io.netty.channel.AbstractChannelHandlerContext.invokeChannelRead(AbstractChannelHandlerContext.java:420) ~[netty-transport-4.1.128.Final.jar!/:4.1.128.Final]
	at io.netty.channel.DefaultChannelPipeline.fireChannelRead(DefaultChannelPipeline.java:868) ~[netty-transport-4.1.128.Final.jar!/:4.1.128.Final]
	at io.netty.channel.nio.AbstractNioByteChannel$NioByteUnsafe.read(AbstractNioByteChannel.java:166) ~[netty-transport-4.1.128.Final.jar!/:4.1.128.Final]
	at io.netty.channel.nio.NioEventLoop.processSelectedKey(NioEventLoop.java:796) ~[netty-transport-4.1.128.Final.jar!/:4.1.128.Final]
	at io.netty.channel.nio.NioEventLoop.processSelectedKeysOptimized(NioEventLoop.java:732) ~[netty-transport-4.1.128.Final.jar!/:4.1.128.Final]
	at io.netty.channel.nio.NioEventLoop.processSelectedKeys(NioEventLoop.java:658) ~[netty-transport-4.1.128.Final.jar!/:4.1.128.Final]
	at io.netty.channel.nio.NioEventLoop.run(NioEventLoop.java:562) ~[netty-transport-4.1.128.Final.jar!/:4.1.128.Final]
	at io.netty.util.concurrent.SingleThreadEventExecutor$4.run(SingleThreadEventExecutor.java:998) ~[netty-common-4.1.128.Final.jar!/:4.1.128.Final]
	at io.netty.util.internal.ThreadExecutorMap$2.run(ThreadExecutorMap.java:74) ~[netty-common-4.1.128.Final.jar!/:4.1.128.Final]
	at io.netty.util.concurrent.FastThreadLocalRunnable.run(FastThreadLocalRunnable.java:30) ~[netty-common-4.1.128.Final.jar!/:4.1.128.Final]
	at java.base/java.lang.Thread.run(Thread.java:842) ~[na:na]
Caused by: java.lang.ClassNotFoundException: com.fasterxml.jackson.databind.deser.std.StdKeyDeserializer$StringKD
	at java.base/java.net.URLClassLoader.findClass(URLClassLoader.java:445) ~[na:na]
	at java.base/java.lang.ClassLoader.loadClass(ClassLoader.java:587) ~[na:na]
	at org.springframework.boot.loader.net.protocol.jar.JarUrlClassLoader.loadClass(JarUrlClassLoader.java:107) ~[chatbot-0.0.1-SNAPSHOT.jar:0.0.1-SNAPSHOT]
	at org.springframework.boot.loader.launch.LaunchedClassLoader.loadClass(LaunchedClassLoader.java:91) ~[chatbot-0.0.1-SNAPSHOT.jar:0.0.1-SNAPSHOT]
	at java.base/java.lang.ClassLoader.loadClass(ClassLoader.java:520) ~[na:na]
	... 57 common frames omitted

2026-02-13T14:24:02.911+08:00  WARN 17749 --- [ctor-http-nio-7] reactor.core.Exceptions                  : throwIfFatal detected a jvm fatal exception, which is thrown and logged below:

java.lang.NoClassDefFoundError: com/fasterxml/jackson/databind/deser/std/StdKeyDeserializer$StringKD
	at com.fasterxml.jackson.databind.deser.std.StdKeyDeserializers.findKeyDeserializer(StdKeyDeserializers.java:200) ~[jackson-databind-2.19.2.jar!/:2.19.2]
	at com.fasterxml.jackson.databind.deser.BasicDeserializerFactory.createKeyDeserializer(BasicDeserializerFactory.java:1256) ~[jackson-databind-2.19.2.jar!/:2.19.2]
	at com.fasterxml.jackson.databind.deser.DeserializerCache.findKeyDeserializer(DeserializerCache.java:199) ~[jackson-databind-2.19.2.jar!/:2.19.2]
	at com.fasterxml.jackson.databind.DeserializationContext.findKeyDeserializer(DeserializationContext.java:696) ~[jackson-databind-2.19.2.jar!/:2.19.2]
	at com.fasterxml.jackson.databind.deser.std.MapDeserializer.createContextual(MapDeserializer.java:313) ~[jackson-databind-2.19.2.jar!/:2.19.2]
	at com.fasterxml.jackson.databind.DeserializationContext.handleSecondaryContextualization(DeserializationContext.java:895) ~[jackson-databind-2.19.2.jar!/:2.19.2]
	at com.fasterxml.jackson.databind.DeserializationContext.findRootValueDeserializer(DeserializationContext.java:674) ~[jackson-databind-2.19.2.jar!/:2.19.2]
	at com.fasterxml.jackson.databind.ObjectReader._prefetchRootDeserializer(ObjectReader.java:2455) ~[jackson-databind-2.19.2.jar!/:2.19.2]
	at com.fasterxml.jackson.databind.ObjectReader.<init>(ObjectReader.java:193) ~[jackson-databind-2.19.2.jar!/:2.19.2]
	at com.fasterxml.jackson.databind.ObjectMapper._newReader(ObjectMapper.java:810) ~[jackson-databind-2.19.2.jar!/:2.19.2]
	at com.fasterxml.jackson.databind.ObjectMapper.readerFor(ObjectMapper.java:4382) ~[jackson-databind-2.19.2.jar!/:2.19.2]
	at org.springframework.http.codec.json.AbstractJackson2Decoder.createObjectReader(AbstractJackson2Decoder.java:238) ~[spring-web-6.2.12.jar!/:6.2.12]
	at org.springframework.http.codec.json.AbstractJackson2Decoder.decode(AbstractJackson2Decoder.java:212) ~[spring-web-6.2.12.jar!/:6.2.12]
	at org.springframework.http.codec.json.AbstractJackson2Decoder.lambda$decodeToMono$2(AbstractJackson2Decoder.java:198) ~[spring-web-6.2.12.jar!/:6.2.12]
	at reactor.core.publisher.MonoFlatMap$FlatMapMain.onNext(MonoFlatMap.java:132) ~[reactor-core-3.7.12.jar!/:3.7.12]
	at reactor.core.publisher.FluxContextWrite$ContextWriteSubscriber.onNext(FluxContextWrite.java:107) ~[reactor-core-3.7.12.jar!/:3.7.12]
	at reactor.core.publisher.FluxMapFuseable$MapFuseableConditionalSubscriber.onNext(FluxMapFuseable.java:299) ~[reactor-core-3.7.12.jar!/:3.7.12]
	at reactor.core.publisher.FluxFilterFuseable$FilterFuseableConditionalSubscriber.onNext(FluxFilterFuseable.java:337) ~[reactor-core-3.7.12.jar!/:3.7.12]
	at reactor.core.publisher.Operators$BaseFluxToMonoOperator.completePossiblyEmpty(Operators.java:2096) ~[reactor-core-3.7.12.jar!/:3.7.12]
	at reactor.core.publisher.MonoCollect$CollectSubscriber.onComplete(MonoCollect.java:145) ~[reactor-core-3.7.12.jar!/:3.7.12]
	at reactor.core.publisher.FluxMap$MapSubscriber.onComplete(FluxMap.java:144) ~[reactor-core-3.7.12.jar!/:3.7.12]
	at reactor.core.publisher.FluxPeek$PeekSubscriber.onComplete(FluxPeek.java:260) ~[reactor-core-3.7.12.jar!/:3.7.12]
	at reactor.core.publisher.FluxMap$MapSubscriber.onComplete(FluxMap.java:144) ~[reactor-core-3.7.12.jar!/:3.7.12]
	at reactor.netty.channel.FluxReceive.onInboundComplete(FluxReceive.java:413) ~[reactor-netty-core-1.2.11.jar!/:1.2.11]
	at reactor.netty.channel.ChannelOperations.onInboundComplete(ChannelOperations.java:464) ~[reactor-netty-core-1.2.11.jar!/:1.2.11]
	at reactor.netty.channel.ChannelOperations.terminate(ChannelOperations.java:518) ~[reactor-netty-core-1.2.11.jar!/:1.2.11]
	at reactor.netty.http.client.HttpClientOperations.onInboundNext(HttpClientOperations.java:925) ~[reactor-netty-http-1.2.11.jar!/:1.2.11]
	at reactor.netty.channel.ChannelOperationsHandler.channelRead(ChannelOperationsHandler.java:115) ~[reactor-netty-core-1.2.11.jar!/:1.2.11]
	at io.netty.channel.AbstractChannelHandlerContext.invokeChannelRead(AbstractChannelHandlerContext.java:444) ~[netty-transport-4.1.128.Final.jar!/:4.1.128.Final]
	at io.netty.channel.AbstractChannelHandlerContext.invokeChannelRead(AbstractChannelHandlerContext.java:420) ~[netty-transport-4.1.128.Final.jar!/:4.1.128.Final]
	at io.netty.channel.AbstractChannelHandlerContext.fireChannelRead(AbstractChannelHandlerContext.java:412) ~[netty-transport-4.1.128.Final.jar!/:4.1.128.Final]
	at io.netty.handler.codec.http.HttpContentDecoder.decode(HttpContentDecoder.java:166) ~[netty-codec-http-4.1.128.Final.jar!/:4.1.128.Final]
	at io.netty.handler.codec.http.HttpContentDecoder.decode(HttpContentDecoder.java:48) ~[netty-codec-http-4.1.128.Final.jar!/:4.1.128.Final]
	at io.netty.handler.codec.MessageToMessageDecoder.channelRead(MessageToMessageDecoder.java:91) ~[netty-codec-4.1.128.Final.jar!/:4.1.128.Final]
	at io.netty.channel.AbstractChannelHandlerContext.invokeChannelRead(AbstractChannelHandlerContext.java:444) ~[netty-transport-4.1.128.Final.jar!/:4.1.128.Final]
	at io.netty.channel.AbstractChannelHandlerContext.invokeChannelRead(AbstractChannelHandlerContext.java:420) ~[netty-transport-4.1.128.Final.jar!/:4.1.128.Final]
	at io.netty.channel.AbstractChannelHandlerContext.fireChannelRead(AbstractChannelHandlerContext.java:412) ~[netty-transport-4.1.128.Final.jar!/:4.1.128.Final]
	at io.netty.channel.CombinedChannelDuplexHandler$DelegatingChannelHandlerContext.fireChannelRead(CombinedChannelDuplexHandler.java:436) ~[netty-transport-4.1.128.Final.jar!/:4.1.128.Final]
	at io.netty.handler.codec.ByteToMessageDecoder.fireChannelRead(ByteToMessageDecoder.java:346) ~[netty-codec-4.1.128.Final.jar!/:4.1.128.Final]
	at io.netty.handler.codec.ByteToMessageDecoder.channelRead(ByteToMessageDecoder.java:318) ~[netty-codec-4.1.128.Final.jar!/:4.1.128.Final]
	at io.netty.channel.CombinedChannelDuplexHandler.channelRead(CombinedChannelDuplexHandler.java:251) ~[netty-transport-4.1.128.Final.jar!/:4.1.128.Final]
	at io.netty.channel.AbstractChannelHandlerContext.invokeChannelRead(AbstractChannelHandlerContext.java:442) ~[netty-transport-4.1.128.Final.jar!/:4.1.128.Final]
	at io.netty.channel.AbstractChannelHandlerContext.invokeChannelRead(AbstractChannelHandlerContext.java:420) ~[netty-transport-4.1.128.Final.jar!/:4.1.128.Final]
	at io.netty.channel.AbstractChannelHandlerContext.fireChannelRead(AbstractChannelHandlerContext.java:412) ~[netty-transport-4.1.128.Final.jar!/:4.1.128.Final]
	at io.netty.channel.DefaultChannelPipeline$HeadContext.channelRead(DefaultChannelPipeline.java:1357) ~[netty-transport-4.1.128.Final.jar!/:4.1.128.Final]
	at io.netty.channel.AbstractChannelHandlerContext.invokeChannelRead(AbstractChannelHandlerContext.java:440) ~[netty-transport-4.1.128.Final.jar!/:4.1.128.Final]
	at io.netty.channel.AbstractChannelHandlerContext.invokeChannelRead(AbstractChannelHandlerContext.java:420) ~[netty-transport-4.1.128.Final.jar!/:4.1.128.Final]
	at io.netty.channel.DefaultChannelPipeline.fireChannelRead(DefaultChannelPipeline.java:868) ~[netty-transport-4.1.128.Final.jar!/:4.1.128.Final]
	at io.netty.channel.nio.AbstractNioByteChannel$NioByteUnsafe.read(AbstractNioByteChannel.java:166) ~[netty-transport-4.1.128.Final.jar!/:4.1.128.Final]
	at io.netty.channel.nio.NioEventLoop.processSelectedKey(NioEventLoop.java:796) ~[netty-transport-4.1.128.Final.jar!/:4.1.128.Final]
	at io.netty.channel.nio.NioEventLoop.processSelectedKeysOptimized(NioEventLoop.java:732) ~[netty-transport-4.1.128.Final.jar!/:4.1.128.Final]
	at io.netty.channel.nio.NioEventLoop.processSelectedKeys(NioEventLoop.java:658) ~[netty-transport-4.1.128.Final.jar!/:4.1.128.Final]
	at io.netty.channel.nio.NioEventLoop.run(NioEventLoop.java:562) ~[netty-transport-4.1.128.Final.jar!/:4.1.128.Final]
	at io.netty.util.concurrent.SingleThreadEventExecutor$4.run(SingleThreadEventExecutor.java:998) ~[netty-common-4.1.128.Final.jar!/:4.1.128.Final]
	at io.netty.util.internal.ThreadExecutorMap$2.run(ThreadExecutorMap.java:74) ~[netty-common-4.1.128.Final.jar!/:4.1.128.Final]
	at io.netty.util.concurrent.FastThreadLocalRunnable.run(FastThreadLocalRunnable.java:30) ~[netty-common-4.1.128.Final.jar!/:4.1.128.Final]
	at java.base/java.lang.Thread.run(Thread.java:842) ~[na:na]
Caused by: java.lang.ClassNotFoundException: com.fasterxml.jackson.databind.deser.std.StdKeyDeserializer$StringKD
	at java.base/java.net.URLClassLoader.findClass(URLClassLoader.java:445) ~[na:na]
	at java.base/java.lang.ClassLoader.loadClass(ClassLoader.java:587) ~[na:na]
	at org.springframework.boot.loader.net.protocol.jar.JarUrlClassLoader.loadClass(JarUrlClassLoader.java:107) ~[chatbot-0.0.1-SNAPSHOT.jar:0.0.1-SNAPSHOT]
	at org.springframework.boot.loader.launch.LaunchedClassLoader.loadClass(LaunchedClassLoader.java:91) ~[chatbot-0.0.1-SNAPSHOT.jar:0.0.1-SNAPSHOT]
	at java.base/java.lang.ClassLoader.loadClass(ClassLoader.java:520) ~[na:na]
	... 57 common frames omitted

2026-02-13T14:24:02.912+08:00  WARN 17749 --- [ctor-http-nio-7] reactor.core.Exceptions                  : throwIfFatal detected a jvm fatal exception, which is thrown and logged below:

java.lang.NoClassDefFoundError: com/fasterxml/jackson/databind/deser/std/StdKeyDeserializer$StringKD
	at com.fasterxml.jackson.databind.deser.std.StdKeyDeserializers.findKeyDeserializer(StdKeyDeserializers.java:200) ~[jackson-databind-2.19.2.jar!/:2.19.2]
	at com.fasterxml.jackson.databind.deser.BasicDeserializerFactory.createKeyDeserializer(BasicDeserializerFactory.java:1256) ~[jackson-databind-2.19.2.jar!/:2.19.2]
	at com.fasterxml.jackson.databind.deser.DeserializerCache.findKeyDeserializer(DeserializerCache.java:199) ~[jackson-databind-2.19.2.jar!/:2.19.2]
	at com.fasterxml.jackson.databind.DeserializationContext.findKeyDeserializer(DeserializationContext.java:696) ~[jackson-databind-2.19.2.jar!/:2.19.2]
	at com.fasterxml.jackson.databind.deser.std.MapDeserializer.createContextual(MapDeserializer.java:313) ~[jackson-databind-2.19.2.jar!/:2.19.2]
	at com.fasterxml.jackson.databind.DeserializationContext.handleSecondaryContextualization(DeserializationContext.java:895) ~[jackson-databind-2.19.2.jar!/:2.19.2]
	at com.fasterxml.jackson.databind.DeserializationContext.findRootValueDeserializer(DeserializationContext.java:674) ~[jackson-databind-2.19.2.jar!/:2.19.2]
	at com.fasterxml.jackson.databind.ObjectReader._prefetchRootDeserializer(ObjectReader.java:2455) ~[jackson-databind-2.19.2.jar!/:2.19.2]
	at com.fasterxml.jackson.databind.ObjectReader.<init>(ObjectReader.java:193) ~[jackson-databind-2.19.2.jar!/:2.19.2]
	at com.fasterxml.jackson.databind.ObjectMapper._newReader(ObjectMapper.java:810) ~[jackson-databind-2.19.2.jar!/:2.19.2]
	at com.fasterxml.jackson.databind.ObjectMapper.readerFor(ObjectMapper.java:4382) ~[jackson-databind-2.19.2.jar!/:2.19.2]
	at org.springframework.http.codec.json.AbstractJackson2Decoder.createObjectReader(AbstractJackson2Decoder.java:238) ~[spring-web-6.2.12.jar!/:6.2.12]
	at org.springframework.http.codec.json.AbstractJackson2Decoder.decode(AbstractJackson2Decoder.java:212) ~[spring-web-6.2.12.jar!/:6.2.12]
	at org.springframework.http.codec.json.AbstractJackson2Decoder.lambda$decodeToMono$2(AbstractJackson2Decoder.java:198) ~[spring-web-6.2.12.jar!/:6.2.12]
	at reactor.core.publisher.MonoFlatMap$FlatMapMain.onNext(MonoFlatMap.java:132) ~[reactor-core-3.7.12.jar!/:3.7.12]
	at reactor.core.publisher.FluxContextWrite$ContextWriteSubscriber.onNext(FluxContextWrite.java:107) ~[reactor-core-3.7.12.jar!/:3.7.12]
	at reactor.core.publisher.FluxMapFuseable$MapFuseableConditionalSubscriber.onNext(FluxMapFuseable.java:299) ~[reactor-core-3.7.12.jar!/:3.7.12]
	at reactor.core.publisher.FluxFilterFuseable$FilterFuseableConditionalSubscriber.onNext(FluxFilterFuseable.java:337) ~[reactor-core-3.7.12.jar!/:3.7.12]
	at reactor.core.publisher.Operators$BaseFluxToMonoOperator.completePossiblyEmpty(Operators.java:2096) ~[reactor-core-3.7.12.jar!/:3.7.12]
	at reactor.core.publisher.MonoCollect$CollectSubscriber.onComplete(MonoCollect.java:145) ~[reactor-core-3.7.12.jar!/:3.7.12]
	at reactor.core.publisher.FluxMap$MapSubscriber.onComplete(FluxMap.java:144) ~[reactor-core-3.7.12.jar!/:3.7.12]
	at reactor.core.publisher.FluxPeek$PeekSubscriber.onComplete(FluxPeek.java:260) ~[reactor-core-3.7.12.jar!/:3.7.12]
	at reactor.core.publisher.FluxMap$MapSubscriber.onComplete(FluxMap.java:144) ~[reactor-core-3.7.12.jar!/:3.7.12]
	at reactor.netty.channel.FluxReceive.onInboundComplete(FluxReceive.java:413) ~[reactor-netty-core-1.2.11.jar!/:1.2.11]
	at reactor.netty.channel.ChannelOperations.onInboundComplete(ChannelOperations.java:464) ~[reactor-netty-core-1.2.11.jar!/:1.2.11]
	at reactor.netty.channel.ChannelOperations.terminate(ChannelOperations.java:518) ~[reactor-netty-core-1.2.11.jar!/:1.2.11]
	at reactor.netty.http.client.HttpClientOperations.onInboundNext(HttpClientOperations.java:925) ~[reactor-netty-http-1.2.11.jar!/:1.2.11]
	at reactor.netty.channel.ChannelOperationsHandler.channelRead(ChannelOperationsHandler.java:115) ~[reactor-netty-core-1.2.11.jar!/:1.2.11]
	at io.netty.channel.AbstractChannelHandlerContext.invokeChannelRead(AbstractChannelHandlerContext.java:444) ~[netty-transport-4.1.128.Final.jar!/:4.1.128.Final]
	at io.netty.channel.AbstractChannelHandlerContext.invokeChannelRead(AbstractChannelHandlerContext.java:420) ~[netty-transport-4.1.128.Final.jar!/:4.1.128.Final]
	at io.netty.channel.AbstractChannelHandlerContext.fireChannelRead(AbstractChannelHandlerContext.java:412) ~[netty-transport-4.1.128.Final.jar!/:4.1.128.Final]
	at io.netty.handler.codec.http.HttpContentDecoder.decode(HttpContentDecoder.java:166) ~[netty-codec-http-4.1.128.Final.jar!/:4.1.128.Final]
	at io.netty.handler.codec.http.HttpContentDecoder.decode(HttpContentDecoder.java:48) ~[netty-codec-http-4.1.128.Final.jar!/:4.1.128.Final]
	at io.netty.handler.codec.MessageToMessageDecoder.channelRead(MessageToMessageDecoder.java:91) ~[netty-codec-4.1.128.Final.jar!/:4.1.128.Final]
	at io.netty.channel.AbstractChannelHandlerContext.invokeChannelRead(AbstractChannelHandlerContext.java:444) ~[netty-transport-4.1.128.Final.jar!/:4.1.128.Final]
	at io.netty.channel.AbstractChannelHandlerContext.invokeChannelRead(AbstractChannelHandlerContext.java:420) ~[netty-transport-4.1.128.Final.jar!/:4.1.128.Final]
	at io.netty.channel.AbstractChannelHandlerContext.fireChannelRead(AbstractChannelHandlerContext.java:412) ~[netty-transport-4.1.128.Final.jar!/:4.1.128.Final]
	at io.netty.channel.CombinedChannelDuplexHandler$DelegatingChannelHandlerContext.fireChannelRead(CombinedChannelDuplexHandler.java:436) ~[netty-transport-4.1.128.Final.jar!/:4.1.128.Final]
	at io.netty.handler.codec.ByteToMessageDecoder.fireChannelRead(ByteToMessageDecoder.java:346) ~[netty-codec-4.1.128.Final.jar!/:4.1.128.Final]
	at io.netty.handler.codec.ByteToMessageDecoder.channelRead(ByteToMessageDecoder.java:318) ~[netty-codec-4.1.128.Final.jar!/:4.1.128.Final]
	at io.netty.channel.CombinedChannelDuplexHandler.channelRead(CombinedChannelDuplexHandler.java:251) ~[netty-transport-4.1.128.Final.jar!/:4.1.128.Final]
	at io.netty.channel.AbstractChannelHandlerContext.invokeChannelRead(AbstractChannelHandlerContext.java:442) ~[netty-transport-4.1.128.Final.jar!/:4.1.128.Final]
	at io.netty.channel.AbstractChannelHandlerContext.invokeChannelRead(AbstractChannelHandlerContext.java:420) ~[netty-transport-4.1.128.Final.jar!/:4.1.128.Final]
	at io.netty.channel.AbstractChannelHandlerContext.fireChannelRead(AbstractChannelHandlerContext.java:412) ~[netty-transport-4.1.128.Final.jar!/:4.1.128.Final]
	at io.netty.channel.DefaultChannelPipeline$HeadContext.channelRead(DefaultChannelPipeline.java:1357) ~[netty-transport-4.1.128.Final.jar!/:4.1.128.Final]
	at io.netty.channel.AbstractChannelHandlerContext.invokeChannelRead(AbstractChannelHandlerContext.java:440) ~[netty-transport-4.1.128.Final.jar!/:4.1.128.Final]
	at io.netty.channel.AbstractChannelHandlerContext.invokeChannelRead(AbstractChannelHandlerContext.java:420) ~[netty-transport-4.1.128.Final.jar!/:4.1.128.Final]
	at io.netty.channel.DefaultChannelPipeline.fireChannelRead(DefaultChannelPipeline.java:868) ~[netty-transport-4.1.128.Final.jar!/:4.1.128.Final]
	at io.netty.channel.nio.AbstractNioByteChannel$NioByteUnsafe.read(AbstractNioByteChannel.java:166) ~[netty-transport-4.1.128.Final.jar!/:4.1.128.Final]
	at io.netty.channel.nio.NioEventLoop.processSelectedKey(NioEventLoop.java:796) ~[netty-transport-4.1.128.Final.jar!/:4.1.128.Final]
	at io.netty.channel.nio.NioEventLoop.processSelectedKeysOptimized(NioEventLoop.java:732) ~[netty-transport-4.1.128.Final.jar!/:4.1.128.Final]
	at io.netty.channel.nio.NioEventLoop.processSelectedKeys(NioEventLoop.java:658) ~[netty-transport-4.1.128.Final.jar!/:4.1.128.Final]
	at io.netty.channel.nio.NioEventLoop.run(NioEventLoop.java:562) ~[netty-transport-4.1.128.Final.jar!/:4.1.128.Final]
	at io.netty.util.concurrent.SingleThreadEventExecutor$4.run(SingleThreadEventExecutor.java:998) ~[netty-common-4.1.128.Final.jar!/:4.1.128.Final]
	at io.netty.util.internal.ThreadExecutorMap$2.run(ThreadExecutorMap.java:74) ~[netty-common-4.1.128.Final.jar!/:4.1.128.Final]
	at io.netty.util.concurrent.FastThreadLocalRunnable.run(FastThreadLocalRunnable.java:30) ~[netty-common-4.1.128.Final.jar!/:4.1.128.Final]
	at java.base/java.lang.Thread.run(Thread.java:842) ~[na:na]
Caused by: java.lang.ClassNotFoundException: com.fasterxml.jackson.databind.deser.std.StdKeyDeserializer$StringKD
	at java.base/java.net.URLClassLoader.findClass(URLClassLoader.java:445) ~[na:na]
	at java.base/java.lang.ClassLoader.loadClass(ClassLoader.java:587) ~[na:na]
	at org.springframework.boot.loader.net.protocol.jar.JarUrlClassLoader.loadClass(JarUrlClassLoader.java:107) ~[chatbot-0.0.1-SNAPSHOT.jar:0.0.1-SNAPSHOT]
	at org.springframework.boot.loader.launch.LaunchedClassLoader.loadClass(LaunchedClassLoader.java:91) ~[chatbot-0.0.1-SNAPSHOT.jar:0.0.1-SNAPSHOT]
	at java.base/java.lang.ClassLoader.loadClass(ClassLoader.java:520) ~[na:na]
	... 57 common frames omitted

2026-02-13T14:24:02.912+08:00  WARN 17749 --- [ctor-http-nio-7] i.n.c.AbstractChannelHandlerContext      : An exception 'java.lang.NoClassDefFoundError: com/fasterxml/jackson/databind/deser/std/StdKeyDeserializer$StringKD' [enable DEBUG level for full stacktrace] was thrown by a user handler's exceptionCaught() method while handling the following exception:

java.lang.NoClassDefFoundError: com/fasterxml/jackson/databind/deser/std/StdKeyDeserializer$StringKD
	at com.fasterxml.jackson.databind.deser.std.StdKeyDeserializers.findKeyDeserializer(StdKeyDeserializers.java:200) ~[jackson-databind-2.19.2.jar!/:2.19.2]
	at com.fasterxml.jackson.databind.deser.BasicDeserializerFactory.createKeyDeserializer(BasicDeserializerFactory.java:1256) ~[jackson-databind-2.19.2.jar!/:2.19.2]
	at com.fasterxml.jackson.databind.deser.DeserializerCache.findKeyDeserializer(DeserializerCache.java:199) ~[jackson-databind-2.19.2.jar!/:2.19.2]
	at com.fasterxml.jackson.databind.DeserializationContext.findKeyDeserializer(DeserializationContext.java:696) ~[jackson-databind-2.19.2.jar!/:2.19.2]
	at com.fasterxml.jackson.databind.deser.std.MapDeserializer.createContextual(MapDeserializer.java:313) ~[jackson-databind-2.19.2.jar!/:2.19.2]
	at com.fasterxml.jackson.databind.DeserializationContext.handleSecondaryContextualization(DeserializationContext.java:895) ~[jackson-databind-2.19.2.jar!/:2.19.2]
	at com.fasterxml.jackson.databind.DeserializationContext.findRootValueDeserializer(DeserializationContext.java:674) ~[jackson-databind-2.19.2.jar!/:2.19.2]
	at com.fasterxml.jackson.databind.ObjectReader._prefetchRootDeserializer(ObjectReader.java:2455) ~[jackson-databind-2.19.2.jar!/:2.19.2]
	at com.fasterxml.jackson.databind.ObjectReader.<init>(ObjectReader.java:193) ~[jackson-databind-2.19.2.jar!/:2.19.2]
	at com.fasterxml.jackson.databind.ObjectMapper._newReader(ObjectMapper.java:810) ~[jackson-databind-2.19.2.jar!/:2.19.2]
	at com.fasterxml.jackson.databind.ObjectMapper.readerFor(ObjectMapper.java:4382) ~[jackson-databind-2.19.2.jar!/:2.19.2]
	at org.springframework.http.codec.json.AbstractJackson2Decoder.createObjectReader(AbstractJackson2Decoder.java:238) ~[spring-web-6.2.12.jar!/:6.2.12]
	at org.springframework.http.codec.json.AbstractJackson2Decoder.decode(AbstractJackson2Decoder.java:212) ~[spring-web-6.2.12.jar!/:6.2.12]
	at org.springframework.http.codec.json.AbstractJackson2Decoder.lambda$decodeToMono$2(AbstractJackson2Decoder.java:198) ~[spring-web-6.2.12.jar!/:6.2.12]
	at reactor.core.publisher.MonoFlatMap$FlatMapMain.onNext(MonoFlatMap.java:132) ~[reactor-core-3.7.12.jar!/:3.7.12]
	at reactor.core.publisher.FluxContextWrite$ContextWriteSubscriber.onNext(FluxContextWrite.java:107) ~[reactor-core-3.7.12.jar!/:3.7.12]
	at reactor.core.publisher.FluxMapFuseable$MapFuseableConditionalSubscriber.onNext(FluxMapFuseable.java:299) ~[reactor-core-3.7.12.jar!/:3.7.12]
	at reactor.core.publisher.FluxFilterFuseable$FilterFuseableConditionalSubscriber.onNext(FluxFilterFuseable.java:337) ~[reactor-core-3.7.12.jar!/:3.7.12]
	at reactor.core.publisher.Operators$BaseFluxToMonoOperator.completePossiblyEmpty(Operators.java:2096) ~[reactor-core-3.7.12.jar!/:3.7.12]
	at reactor.core.publisher.MonoCollect$CollectSubscriber.onComplete(MonoCollect.java:145) ~[reactor-core-3.7.12.jar!/:3.7.12]
	at reactor.core.publisher.FluxMap$MapSubscriber.onComplete(FluxMap.java:144) ~[reactor-core-3.7.12.jar!/:3.7.12]
	at reactor.core.publisher.FluxPeek$PeekSubscriber.onComplete(FluxPeek.java:260) ~[reactor-core-3.7.12.jar!/:3.7.12]
	at reactor.core.publisher.FluxMap$MapSubscriber.onComplete(FluxMap.java:144) ~[reactor-core-3.7.12.jar!/:3.7.12]
	at reactor.netty.channel.FluxReceive.onInboundComplete(FluxReceive.java:413) ~[reactor-netty-core-1.2.11.jar!/:1.2.11]
	at reactor.netty.channel.ChannelOperations.onInboundComplete(ChannelOperations.java:464) ~[reactor-netty-core-1.2.11.jar!/:1.2.11]
	at reactor.netty.channel.ChannelOperations.terminate(ChannelOperations.java:518) ~[reactor-netty-core-1.2.11.jar!/:1.2.11]
	at reactor.netty.http.client.HttpClientOperations.onInboundNext(HttpClientOperations.java:925) ~[reactor-netty-http-1.2.11.jar!/:1.2.11]
	at reactor.netty.channel.ChannelOperationsHandler.channelRead(ChannelOperationsHandler.java:115) ~[reactor-netty-core-1.2.11.jar!/:1.2.11]
	at io.netty.channel.AbstractChannelHandlerContext.invokeChannelRead(AbstractChannelHandlerContext.java:444) ~[netty-transport-4.1.128.Final.jar!/:4.1.128.Final]
	at io.netty.channel.AbstractChannelHandlerContext.invokeChannelRead(AbstractChannelHandlerContext.java:420) ~[netty-transport-4.1.128.Final.jar!/:4.1.128.Final]
	at io.netty.channel.AbstractChannelHandlerContext.fireChannelRead(AbstractChannelHandlerContext.java:412) ~[netty-transport-4.1.128.Final.jar!/:4.1.128.Final]
	at io.netty.handler.codec.http.HttpContentDecoder.decode(HttpContentDecoder.java:166) ~[netty-codec-http-4.1.128.Final.jar!/:4.1.128.Final]
	at io.netty.handler.codec.http.HttpContentDecoder.decode(HttpContentDecoder.java:48) ~[netty-codec-http-4.1.128.Final.jar!/:4.1.128.Final]
	at io.netty.handler.codec.MessageToMessageDecoder.channelRead(MessageToMessageDecoder.java:91) ~[netty-codec-4.1.128.Final.jar!/:4.1.128.Final]
	at io.netty.channel.AbstractChannelHandlerContext.invokeChannelRead(AbstractChannelHandlerContext.java:444) ~[netty-transport-4.1.128.Final.jar!/:4.1.128.Final]
	at io.netty.channel.AbstractChannelHandlerContext.invokeChannelRead(AbstractChannelHandlerContext.java:420) ~[netty-transport-4.1.128.Final.jar!/:4.1.128.Final]
	at io.netty.channel.AbstractChannelHandlerContext.fireChannelRead(AbstractChannelHandlerContext.java:412) ~[netty-transport-4.1.128.Final.jar!/:4.1.128.Final]
	at io.netty.channel.CombinedChannelDuplexHandler$DelegatingChannelHandlerContext.fireChannelRead(CombinedChannelDuplexHandler.java:436) ~[netty-transport-4.1.128.Final.jar!/:4.1.128.Final]
	at io.netty.handler.codec.ByteToMessageDecoder.fireChannelRead(ByteToMessageDecoder.java:346) ~[netty-codec-4.1.128.Final.jar!/:4.1.128.Final]
	at io.netty.handler.codec.ByteToMessageDecoder.channelRead(ByteToMessageDecoder.java:318) ~[netty-codec-4.1.128.Final.jar!/:4.1.128.Final]
	at io.netty.channel.CombinedChannelDuplexHandler.channelRead(CombinedChannelDuplexHandler.java:251) ~[netty-transport-4.1.128.Final.jar!/:4.1.128.Final]
	at io.netty.channel.AbstractChannelHandlerContext.invokeChannelRead(AbstractChannelHandlerContext.java:442) ~[netty-transport-4.1.128.Final.jar!/:4.1.128.Final]
	at io.netty.channel.AbstractChannelHandlerContext.invokeChannelRead(AbstractChannelHandlerContext.java:420) ~[netty-transport-4.1.128.Final.jar!/:4.1.128.Final]
	at io.netty.channel.AbstractChannelHandlerContext.fireChannelRead(AbstractChannelHandlerContext.java:412) ~[netty-transport-4.1.128.Final.jar!/:4.1.128.Final]
	at io.netty.channel.DefaultChannelPipeline$HeadContext.channelRead(DefaultChannelPipeline.java:1357) ~[netty-transport-4.1.128.Final.jar!/:4.1.128.Final]
	at io.netty.channel.AbstractChannelHandlerContext.invokeChannelRead(AbstractChannelHandlerContext.java:440) ~[netty-transport-4.1.128.Final.jar!/:4.1.128.Final]
	at io.netty.channel.AbstractChannelHandlerContext.invokeChannelRead(AbstractChannelHandlerContext.java:420) ~[netty-transport-4.1.128.Final.jar!/:4.1.128.Final]
	at io.netty.channel.DefaultChannelPipeline.fireChannelRead(DefaultChannelPipeline.java:868) ~[netty-transport-4.1.128.Final.jar!/:4.1.128.Final]
	at io.netty.channel.nio.AbstractNioByteChannel$NioByteUnsafe.read(AbstractNioByteChannel.java:166) ~[netty-transport-4.1.128.Final.jar!/:4.1.128.Final]
	at io.netty.channel.nio.NioEventLoop.processSelectedKey(NioEventLoop.java:796) ~[netty-transport-4.1.128.Final.jar!/:4.1.128.Final]
	at io.netty.channel.nio.NioEventLoop.processSelectedKeysOptimized(NioEventLoop.java:732) ~[netty-transport-4.1.128.Final.jar!/:4.1.128.Final]
	at io.netty.channel.nio.NioEventLoop.processSelectedKeys(NioEventLoop.java:658) ~[netty-transport-4.1.128.Final.jar!/:4.1.128.Final]
	at io.netty.channel.nio.NioEventLoop.run(NioEventLoop.java:562) ~[netty-transport-4.1.128.Final.jar!/:4.1.128.Final]
	at io.netty.util.concurrent.SingleThreadEventExecutor$4.run(SingleThreadEventExecutor.java:998) ~[netty-common-4.1.128.Final.jar!/:4.1.128.Final]
	at io.netty.util.internal.ThreadExecutorMap$2.run(ThreadExecutorMap.java:74) ~[netty-common-4.1.128.Final.jar!/:4.1.128.Final]
	at io.netty.util.concurrent.FastThreadLocalRunnable.run(FastThreadLocalRunnable.java:30) ~[netty-common-4.1.128.Final.jar!/:4.1.128.Final]
	at java.base/java.lang.Thread.run(Thread.java:842) ~[na:na]
Caused by: java.lang.ClassNotFoundException: com.fasterxml.jackson.databind.deser.std.StdKeyDeserializer$StringKD
	at java.base/java.net.URLClassLoader.findClass(URLClassLoader.java:445) ~[na:na]
	at java.base/java.lang.ClassLoader.loadClass(ClassLoader.java:587) ~[na:na]
	at org.springframework.boot.loader.net.protocol.jar.JarUrlClassLoader.loadClass(JarUrlClassLoader.java:107) ~[chatbot-0.0.1-SNAPSHOT.jar:0.0.1-SNAPSHOT]
	at org.springframework.boot.loader.launch.LaunchedClassLoader.loadClass(LaunchedClassLoader.java:91) ~[chatbot-0.0.1-SNAPSHOT.jar:0.0.1-SNAPSHOT]
	at java.base/java.lang.ClassLoader.loadClass(ClassLoader.java:520) ~[na:na]
	... 57 common frames omitted

2026-02-13T14:24:32.903+08:00 ERROR 17749 --- [nio-8081-exec-5] o.a.c.c.C.[.[.[/].[dispatcherServlet]    : Servlet.service() for servlet [dispatcherServlet] threw exception

java.lang.NoClassDefFoundError: org/springframework/web/method/annotation/ExceptionHandlerMethodResolver
	at org.springframework.web.servlet.mvc.method.annotation.ExceptionHandlerExceptionResolver.getExceptionHandlerMethod(ExceptionHandlerExceptionResolver.java:536) ~[spring-webmvc-6.2.12.jar!/:6.2.12]
	at org.springframework.web.servlet.mvc.method.annotation.ExceptionHandlerExceptionResolver.doResolveHandlerMethodException(ExceptionHandlerExceptionResolver.java:441) ~[spring-webmvc-6.2.12.jar!/:6.2.12]
	at org.springframework.web.servlet.handler.AbstractHandlerMethodExceptionResolver.doResolveException(AbstractHandlerMethodExceptionResolver.java:73) ~[spring-webmvc-6.2.12.jar!/:6.2.12]
	at org.springframework.web.servlet.handler.AbstractHandlerExceptionResolver.resolveException(AbstractHandlerExceptionResolver.java:182) ~[spring-webmvc-6.2.12.jar!/:6.2.12]
	at org.springframework.web.servlet.handler.HandlerExceptionResolverComposite.resolveException(HandlerExceptionResolverComposite.java:80) ~[spring-webmvc-6.2.12.jar!/:6.2.12]
	at org.springframework.web.servlet.DispatcherServlet.processHandlerException(DispatcherServlet.java:1360) ~[spring-webmvc-6.2.12.jar!/:6.2.12]
	at org.springframework.web.servlet.DispatcherServlet.processDispatchResult(DispatcherServlet.java:1161) ~[spring-webmvc-6.2.12.jar!/:6.2.12]
	at org.springframework.web.servlet.DispatcherServlet.doDispatch(DispatcherServlet.java:1106) ~[spring-webmvc-6.2.12.jar!/:6.2.12]
	at org.springframework.web.servlet.DispatcherServlet.doService(DispatcherServlet.java:979) ~[spring-webmvc-6.2.12.jar!/:6.2.12]
	at org.springframework.web.servlet.FrameworkServlet.processRequest(FrameworkServlet.java:1014) ~[spring-webmvc-6.2.12.jar!/:6.2.12]
	at org.springframework.web.servlet.FrameworkServlet.doPost(FrameworkServlet.java:914) ~[spring-webmvc-6.2.12.jar!/:6.2.12]
	at jakarta.servlet.http.HttpServlet.service(HttpServlet.java:590) ~[tomcat-embed-core-10.1.48.jar!/:na]
	at org.springframework.web.servlet.FrameworkServlet.service(FrameworkServlet.java:885) ~[spring-webmvc-6.2.12.jar!/:6.2.12]
	at jakarta.servlet.http.HttpServlet.service(HttpServlet.java:658) ~[tomcat-embed-core-10.1.48.jar!/:na]
	at org.apache.catalina.core.ApplicationFilterChain.internalDoFilter(ApplicationFilterChain.java:193) ~[tomcat-embed-core-10.1.48.jar!/:na]
	at org.apache.catalina.core.ApplicationFilterChain.doFilter(ApplicationFilterChain.java:138) ~[tomcat-embed-core-10.1.48.jar!/:na]
	at org.springframework.web.filter.RequestContextFilter.doFilterInternal(RequestContextFilter.java:100) ~[spring-web-6.2.12.jar!/:6.2.12]
	at org.springframework.web.filter.OncePerRequestFilter.doFilter(OncePerRequestFilter.java:116) ~[spring-web-6.2.12.jar!/:6.2.12]
	at org.apache.catalina.core.ApplicationFilterChain.internalDoFilter(ApplicationFilterChain.java:162) ~[tomcat-embed-core-10.1.48.jar!/:na]
	at org.apache.catalina.core.ApplicationFilterChain.doFilter(ApplicationFilterChain.java:138) ~[tomcat-embed-core-10.1.48.jar!/:na]
	at org.springframework.web.filter.OncePerRequestFilter.doFilter(OncePerRequestFilter.java:101) ~[spring-web-6.2.12.jar!/:6.2.12]
	at org.apache.catalina.core.ApplicationFilterChain.internalDoFilter(ApplicationFilterChain.java:162) ~[tomcat-embed-core-10.1.48.jar!/:na]
	at org.apache.catalina.core.ApplicationFilterChain.doFilter(ApplicationFilterChain.java:138) ~[tomcat-embed-core-10.1.48.jar!/:na]
	at org.springframework.web.filter.OncePerRequestFilter.doFilter(OncePerRequestFilter.java:101) ~[spring-web-6.2.12.jar!/:6.2.12]
	at org.apache.catalina.core.ApplicationFilterChain.internalDoFilter(ApplicationFilterChain.java:162) ~[tomcat-embed-core-10.1.48.jar!/:na]
	at org.apache.catalina.core.ApplicationFilterChain.doFilter(ApplicationFilterChain.java:138) ~[tomcat-embed-core-10.1.48.jar!/:na]
	at org.apache.catalina.core.ApplicationDispatcher.invoke(ApplicationDispatcher.java:610) ~[tomcat-embed-core-10.1.48.jar!/:na]
	at org.apache.catalina.core.ApplicationDispatcher.doDispatch(ApplicationDispatcher.java:538) ~[tomcat-embed-core-10.1.48.jar!/:na]
	at org.apache.catalina.core.ApplicationDispatcher.dispatch(ApplicationDispatcher.java:509) ~[tomcat-embed-core-10.1.48.jar!/:na]
	at org.apache.catalina.core.AsyncContextImpl$AsyncRunnable.run(AsyncContextImpl.java:599) ~[tomcat-embed-core-10.1.48.jar!/:na]
	at org.apache.catalina.core.AsyncContextImpl.doInternalDispatch(AsyncContextImpl.java:342) ~[tomcat-embed-core-10.1.48.jar!/:na]
	at org.apache.catalina.core.StandardWrapperValve.invoke(StandardWrapperValve.java:163) ~[tomcat-embed-core-10.1.48.jar!/:na]
	at org.apache.catalina.core.StandardContextValve.invoke(StandardContextValve.java:88) ~[tomcat-embed-core-10.1.48.jar!/:na]
	at org.apache.catalina.authenticator.AuthenticatorBase.invoke(AuthenticatorBase.java:482) ~[tomcat-embed-core-10.1.48.jar!/:na]
	at org.apache.catalina.core.StandardHostValve.invoke(StandardHostValve.java:113) ~[tomcat-embed-core-10.1.48.jar!/:na]
	at org.apache.catalina.valves.ErrorReportValve.invoke(ErrorReportValve.java:83) ~[tomcat-embed-core-10.1.48.jar!/:na]
	at org.apache.catalina.core.StandardEngineValve.invoke(StandardEngineValve.java:72) ~[tomcat-embed-core-10.1.48.jar!/:na]
	at org.apache.catalina.connector.CoyoteAdapter.asyncDispatch(CoyoteAdapter.java:237) ~[tomcat-embed-core-10.1.48.jar!/:na]
	at org.apache.coyote.AbstractProcessor.dispatch(AbstractProcessor.java:243) ~[tomcat-embed-core-10.1.48.jar!/:na]
	at org.apache.coyote.AbstractProcessorLight.process(AbstractProcessorLight.java:57) ~[tomcat-embed-core-10.1.48.jar!/:na]
	at org.apache.coyote.AbstractProtocol$ConnectionHandler.process(AbstractProtocol.java:903) ~[tomcat-embed-core-10.1.48.jar!/:na]
	at org.apache.tomcat.util.net.NioEndpoint$SocketProcessor.doRun(NioEndpoint.java:1774) ~[tomcat-embed-core-10.1.48.jar!/:na]
	at org.apache.tomcat.util.net.SocketProcessorBase.run(SocketProcessorBase.java:52) ~[tomcat-embed-core-10.1.48.jar!/:na]
	at org.apache.tomcat.util.threads.ThreadPoolExecutor.runWorker(ThreadPoolExecutor.java:973) ~[tomcat-embed-core-10.1.48.jar!/:na]
	at org.apache.tomcat.util.threads.ThreadPoolExecutor$Worker.run(ThreadPoolExecutor.java:491) ~[tomcat-embed-core-10.1.48.jar!/:na]
	at org.apache.tomcat.util.threads.TaskThread$WrappingRunnable.run(TaskThread.java:63) ~[tomcat-embed-core-10.1.48.jar!/:na]
	at java.base/java.lang.Thread.run(Thread.java:842) ~[na:na]

2026-02-13T14:24:32.904+08:00 ERROR 17749 --- [nio-8081-exec-5] o.a.c.c.C.[.[.[/].[dispatcherServlet]    : Servlet.service() for servlet [dispatcherServlet] in context with path [] threw exception [Handler processing failed: java.lang.NoClassDefFoundError: org/springframework/web/method/annotation/ExceptionHandlerMethodResolver] with root cause

java.lang.NoClassDefFoundError: org/springframework/web/method/annotation/ExceptionHandlerMethodResolver
	at org.springframework.web.servlet.mvc.method.annotation.ExceptionHandlerExceptionResolver.getExceptionHandlerMethod(ExceptionHandlerExceptionResolver.java:536) ~[spring-webmvc-6.2.12.jar!/:6.2.12]
	at org.springframework.web.servlet.mvc.method.annotation.ExceptionHandlerExceptionResolver.doResolveHandlerMethodException(ExceptionHandlerExceptionResolver.java:441) ~[spring-webmvc-6.2.12.jar!/:6.2.12]
	at org.springframework.web.servlet.handler.AbstractHandlerMethodExceptionResolver.doResolveException(AbstractHandlerMethodExceptionResolver.java:73) ~[spring-webmvc-6.2.12.jar!/:6.2.12]
	at org.springframework.web.servlet.handler.AbstractHandlerExceptionResolver.resolveException(AbstractHandlerExceptionResolver.java:182) ~[spring-webmvc-6.2.12.jar!/:6.2.12]
	at org.springframework.web.servlet.handler.HandlerExceptionResolverComposite.resolveException(HandlerExceptionResolverComposite.java:80) ~[spring-webmvc-6.2.12.jar!/:6.2.12]
	at org.springframework.web.servlet.DispatcherServlet.processHandlerException(DispatcherServlet.java:1360) ~[spring-webmvc-6.2.12.jar!/:6.2.12]
	at org.springframework.web.servlet.DispatcherServlet.processDispatchResult(DispatcherServlet.java:1161) ~[spring-webmvc-6.2.12.jar!/:6.2.12]
	at org.springframework.web.servlet.DispatcherServlet.doDispatch(DispatcherServlet.java:1106) ~[spring-webmvc-6.2.12.jar!/:6.2.12]
	at org.springframework.web.servlet.DispatcherServlet.doService(DispatcherServlet.java:979) ~[spring-webmvc-6.2.12.jar!/:6.2.12]
	at org.springframework.web.servlet.FrameworkServlet.processRequest(FrameworkServlet.java:1014) ~[spring-webmvc-6.2.12.jar!/:6.2.12]
	at org.springframework.web.servlet.FrameworkServlet.doPost(FrameworkServlet.java:914) ~[spring-webmvc-6.2.12.jar!/:6.2.12]
	at jakarta.servlet.http.HttpServlet.service(HttpServlet.java:590) ~[tomcat-embed-core-10.1.48.jar!/:na]
	at org.springframework.web.servlet.FrameworkServlet.service(FrameworkServlet.java:885) ~[spring-webmvc-6.2.12.jar!/:6.2.12]
	at jakarta.servlet.http.HttpServlet.service(HttpServlet.java:658) ~[tomcat-embed-core-10.1.48.jar!/:na]
	at org.apache.catalina.core.ApplicationFilterChain.internalDoFilter(ApplicationFilterChain.java:193) ~[tomcat-embed-core-10.1.48.jar!/:na]
	at org.apache.catalina.core.ApplicationFilterChain.doFilter(ApplicationFilterChain.java:138) ~[tomcat-embed-core-10.1.48.jar!/:na]
	at org.springframework.web.filter.RequestContextFilter.doFilterInternal(RequestContextFilter.java:100) ~[spring-web-6.2.12.jar!/:6.2.12]
	at org.springframework.web.filter.OncePerRequestFilter.doFilter(OncePerRequestFilter.java:116) ~[spring-web-6.2.12.jar!/:6.2.12]
	at org.apache.catalina.core.ApplicationFilterChain.internalDoFilter(ApplicationFilterChain.java:162) ~[tomcat-embed-core-10.1.48.jar!/:na]
	at org.apache.catalina.core.ApplicationFilterChain.doFilter(ApplicationFilterChain.java:138) ~[tomcat-embed-core-10.1.48.jar!/:na]
	at org.springframework.web.filter.OncePerRequestFilter.doFilter(OncePerRequestFilter.java:101) ~[spring-web-6.2.12.jar!/:6.2.12]
	at org.apache.catalina.core.ApplicationFilterChain.internalDoFilter(ApplicationFilterChain.java:162) ~[tomcat-embed-core-10.1.48.jar!/:na]
	at org.apache.catalina.core.ApplicationFilterChain.doFilter(ApplicationFilterChain.java:138) ~[tomcat-embed-core-10.1.48.jar!/:na]
	at org.springframework.web.filter.OncePerRequestFilter.doFilter(OncePerRequestFilter.java:101) ~[spring-web-6.2.12.jar!/:6.2.12]
	at org.apache.catalina.core.ApplicationFilterChain.internalDoFilter(ApplicationFilterChain.java:162) ~[tomcat-embed-core-10.1.48.jar!/:na]
	at org.apache.catalina.core.ApplicationFilterChain.doFilter(ApplicationFilterChain.java:138) ~[tomcat-embed-core-10.1.48.jar!/:na]
	at org.apache.catalina.core.ApplicationDispatcher.invoke(ApplicationDispatcher.java:610) ~[tomcat-embed-core-10.1.48.jar!/:na]
	at org.apache.catalina.core.ApplicationDispatcher.doDispatch(ApplicationDispatcher.java:538) ~[tomcat-embed-core-10.1.48.jar!/:na]
	at org.apache.catalina.core.ApplicationDispatcher.dispatch(ApplicationDispatcher.java:509) ~[tomcat-embed-core-10.1.48.jar!/:na]
	at org.apache.catalina.core.AsyncContextImpl$AsyncRunnable.run(AsyncContextImpl.java:599) ~[tomcat-embed-core-10.1.48.jar!/:na]
	at org.apache.catalina.core.AsyncContextImpl.doInternalDispatch(AsyncContextImpl.java:342) ~[tomcat-embed-core-10.1.48.jar!/:na]
	at org.apache.catalina.core.StandardWrapperValve.invoke(StandardWrapperValve.java:163) ~[tomcat-embed-core-10.1.48.jar!/:na]
	at org.apache.catalina.core.StandardContextValve.invoke(StandardContextValve.java:88) ~[tomcat-embed-core-10.1.48.jar!/:na]
	at org.apache.catalina.authenticator.AuthenticatorBase.invoke(AuthenticatorBase.java:482) ~[tomcat-embed-core-10.1.48.jar!/:na]
	at org.apache.catalina.core.StandardHostValve.invoke(StandardHostValve.java:113) ~[tomcat-embed-core-10.1.48.jar!/:na]
	at org.apache.catalina.valves.ErrorReportValve.invoke(ErrorReportValve.java:83) ~[tomcat-embed-core-10.1.48.jar!/:na]
	at org.apache.catalina.core.StandardEngineValve.invoke(StandardEngineValve.java:72) ~[tomcat-embed-core-10.1.48.jar!/:na]
	at org.apache.catalina.connector.CoyoteAdapter.asyncDispatch(CoyoteAdapter.java:237) ~[tomcat-embed-core-10.1.48.jar!/:na]
	at org.apache.coyote.AbstractProcessor.dispatch(AbstractProcessor.java:243) ~[tomcat-embed-core-10.1.48.jar!/:na]
	at org.apache.coyote.AbstractProcessorLight.process(AbstractProcessorLight.java:57) ~[tomcat-embed-core-10.1.48.jar!/:na]
	at org.apache.coyote.AbstractProtocol$ConnectionHandler.process(AbstractProtocol.java:903) ~[tomcat-embed-core-10.1.48.jar!/:na]
	at org.apache.tomcat.util.net.NioEndpoint$SocketProcessor.doRun(NioEndpoint.java:1774) ~[tomcat-embed-core-10.1.48.jar!/:na]
	at org.apache.tomcat.util.net.SocketProcessorBase.run(SocketProcessorBase.java:52) ~[tomcat-embed-core-10.1.48.jar!/:na]
	at org.apache.tomcat.util.threads.ThreadPoolExecutor.runWorker(ThreadPoolExecutor.java:973) ~[tomcat-embed-core-10.1.48.jar!/:na]
	at org.apache.tomcat.util.threads.ThreadPoolExecutor$Worker.run(ThreadPoolExecutor.java:491) ~[tomcat-embed-core-10.1.48.jar!/:na]
	at org.apache.tomcat.util.threads.TaskThread$WrappingRunnable.run(TaskThread.java:63) ~[tomcat-embed-core-10.1.48.jar!/:na]
	at java.base/java.lang.Thread.run(Thread.java:842) ~[na:na]

2026-02-13T14:24:42.064+08:00  INFO 17749 --- [nio-8081-exec-7] c.a.c.a.examples.chatbot.AuthController  : Login request for email: john@example.com
2026-02-13T14:24:42.064+08:00  INFO 17749 --- [nio-8081-exec-7] c.a.c.a.e.chatbot.AdminApiService        : Attempting login for user: john@example.com
2026-02-13T14:24:42.143+08:00  WARN 17749 --- [ctor-http-nio-8] reactor.core.Exceptions                  : throwIfFatal detected a jvm fatal exception, which is thrown and logged below:

java.lang.NoClassDefFoundError: com/fasterxml/jackson/databind/deser/std/StdKeyDeserializer$StringKD
	at com.fasterxml.jackson.databind.deser.std.StdKeyDeserializers.findKeyDeserializer(StdKeyDeserializers.java:200) ~[jackson-databind-2.19.2.jar!/:2.19.2]
	at com.fasterxml.jackson.databind.deser.BasicDeserializerFactory.createKeyDeserializer(BasicDeserializerFactory.java:1256) ~[jackson-databind-2.19.2.jar!/:2.19.2]
	at com.fasterxml.jackson.databind.deser.DeserializerCache.findKeyDeserializer(DeserializerCache.java:199) ~[jackson-databind-2.19.2.jar!/:2.19.2]
	at com.fasterxml.jackson.databind.DeserializationContext.findKeyDeserializer(DeserializationContext.java:696) ~[jackson-databind-2.19.2.jar!/:2.19.2]
	at com.fasterxml.jackson.databind.deser.std.MapDeserializer.createContextual(MapDeserializer.java:313) ~[jackson-databind-2.19.2.jar!/:2.19.2]
	at com.fasterxml.jackson.databind.DeserializationContext.handleSecondaryContextualization(DeserializationContext.java:895) ~[jackson-databind-2.19.2.jar!/:2.19.2]
	at com.fasterxml.jackson.databind.DeserializationContext.findRootValueDeserializer(DeserializationContext.java:674) ~[jackson-databind-2.19.2.jar!/:2.19.2]
	at com.fasterxml.jackson.databind.ObjectReader._prefetchRootDeserializer(ObjectReader.java:2455) ~[jackson-databind-2.19.2.jar!/:2.19.2]
	at com.fasterxml.jackson.databind.ObjectReader.<init>(ObjectReader.java:193) ~[jackson-databind-2.19.2.jar!/:2.19.2]
	at com.fasterxml.jackson.databind.ObjectMapper._newReader(ObjectMapper.java:810) ~[jackson-databind-2.19.2.jar!/:2.19.2]
	at com.fasterxml.jackson.databind.ObjectMapper.readerFor(ObjectMapper.java:4382) ~[jackson-databind-2.19.2.jar!/:2.19.2]
	at org.springframework.http.codec.json.AbstractJackson2Decoder.createObjectReader(AbstractJackson2Decoder.java:238) ~[spring-web-6.2.12.jar!/:6.2.12]
	at org.springframework.http.codec.json.AbstractJackson2Decoder.decode(AbstractJackson2Decoder.java:212) ~[spring-web-6.2.12.jar!/:6.2.12]
	at org.springframework.http.codec.json.AbstractJackson2Decoder.lambda$decodeToMono$2(AbstractJackson2Decoder.java:198) ~[spring-web-6.2.12.jar!/:6.2.12]
	at reactor.core.publisher.MonoFlatMap$FlatMapMain.onNext(MonoFlatMap.java:132) ~[reactor-core-3.7.12.jar!/:3.7.12]
	at reactor.core.publisher.FluxContextWrite$ContextWriteSubscriber.onNext(FluxContextWrite.java:107) ~[reactor-core-3.7.12.jar!/:3.7.12]
	at reactor.core.publisher.FluxMapFuseable$MapFuseableConditionalSubscriber.onNext(FluxMapFuseable.java:299) ~[reactor-core-3.7.12.jar!/:3.7.12]
	at reactor.core.publisher.FluxFilterFuseable$FilterFuseableConditionalSubscriber.onNext(FluxFilterFuseable.java:337) ~[reactor-core-3.7.12.jar!/:3.7.12]
	at reactor.core.publisher.Operators$BaseFluxToMonoOperator.completePossiblyEmpty(Operators.java:2096) ~[reactor-core-3.7.12.jar!/:3.7.12]
	at reactor.core.publisher.MonoCollect$CollectSubscriber.onComplete(MonoCollect.java:145) ~[reactor-core-3.7.12.jar!/:3.7.12]
	at reactor.core.publisher.FluxMap$MapSubscriber.onComplete(FluxMap.java:144) ~[reactor-core-3.7.12.jar!/:3.7.12]
	at reactor.core.publisher.FluxPeek$PeekSubscriber.onComplete(FluxPeek.java:260) ~[reactor-core-3.7.12.jar!/:3.7.12]
	at reactor.core.publisher.FluxMap$MapSubscriber.onComplete(FluxMap.java:144) ~[reactor-core-3.7.12.jar!/:3.7.12]
	at reactor.netty.channel.FluxReceive.onInboundComplete(FluxReceive.java:413) ~[reactor-netty-core-1.2.11.jar!/:1.2.11]
	at reactor.netty.channel.ChannelOperations.onInboundComplete(ChannelOperations.java:464) ~[reactor-netty-core-1.2.11.jar!/:1.2.11]
	at reactor.netty.channel.ChannelOperations.terminate(ChannelOperations.java:518) ~[reactor-netty-core-1.2.11.jar!/:1.2.11]
	at reactor.netty.http.client.HttpClientOperations.onInboundNext(HttpClientOperations.java:925) ~[reactor-netty-http-1.2.11.jar!/:1.2.11]
	at reactor.netty.channel.ChannelOperationsHandler.channelRead(ChannelOperationsHandler.java:115) ~[reactor-netty-core-1.2.11.jar!/:1.2.11]
	at io.netty.channel.AbstractChannelHandlerContext.invokeChannelRead(AbstractChannelHandlerContext.java:444) ~[netty-transport-4.1.128.Final.jar!/:4.1.128.Final]
	at io.netty.channel.AbstractChannelHandlerContext.invokeChannelRead(AbstractChannelHandlerContext.java:420) ~[netty-transport-4.1.128.Final.jar!/:4.1.128.Final]
	at io.netty.channel.AbstractChannelHandlerContext.fireChannelRead(AbstractChannelHandlerContext.java:412) ~[netty-transport-4.1.128.Final.jar!/:4.1.128.Final]
	at io.netty.handler.codec.http.HttpContentDecoder.decode(HttpContentDecoder.java:166) ~[netty-codec-http-4.1.128.Final.jar!/:4.1.128.Final]
	at io.netty.handler.codec.http.HttpContentDecoder.decode(HttpContentDecoder.java:48) ~[netty-codec-http-4.1.128.Final.jar!/:4.1.128.Final]
	at io.netty.handler.codec.MessageToMessageDecoder.channelRead(MessageToMessageDecoder.java:91) ~[netty-codec-4.1.128.Final.jar!/:4.1.128.Final]
	at io.netty.channel.AbstractChannelHandlerContext.invokeChannelRead(AbstractChannelHandlerContext.java:444) ~[netty-transport-4.1.128.Final.jar!/:4.1.128.Final]
	at io.netty.channel.AbstractChannelHandlerContext.invokeChannelRead(AbstractChannelHandlerContext.java:420) ~[netty-transport-4.1.128.Final.jar!/:4.1.128.Final]
	at io.netty.channel.AbstractChannelHandlerContext.fireChannelRead(AbstractChannelHandlerContext.java:412) ~[netty-transport-4.1.128.Final.jar!/:4.1.128.Final]
	at io.netty.channel.CombinedChannelDuplexHandler$DelegatingChannelHandlerContext.fireChannelRead(CombinedChannelDuplexHandler.java:436) ~[netty-transport-4.1.128.Final.jar!/:4.1.128.Final]
	at io.netty.handler.codec.ByteToMessageDecoder.fireChannelRead(ByteToMessageDecoder.java:346) ~[netty-codec-4.1.128.Final.jar!/:4.1.128.Final]
	at io.netty.handler.codec.ByteToMessageDecoder.channelRead(ByteToMessageDecoder.java:318) ~[netty-codec-4.1.128.Final.jar!/:4.1.128.Final]
	at io.netty.channel.CombinedChannelDuplexHandler.channelRead(CombinedChannelDuplexHandler.java:251) ~[netty-transport-4.1.128.Final.jar!/:4.1.128.Final]
	at io.netty.channel.AbstractChannelHandlerContext.invokeChannelRead(AbstractChannelHandlerContext.java:442) ~[netty-transport-4.1.128.Final.jar!/:4.1.128.Final]
	at io.netty.channel.AbstractChannelHandlerContext.invokeChannelRead(AbstractChannelHandlerContext.java:420) ~[netty-transport-4.1.128.Final.jar!/:4.1.128.Final]
	at io.netty.channel.AbstractChannelHandlerContext.fireChannelRead(AbstractChannelHandlerContext.java:412) ~[netty-transport-4.1.128.Final.jar!/:4.1.128.Final]
	at io.netty.channel.DefaultChannelPipeline$HeadContext.channelRead(DefaultChannelPipeline.java:1357) ~[netty-transport-4.1.128.Final.jar!/:4.1.128.Final]
	at io.netty.channel.AbstractChannelHandlerContext.invokeChannelRead(AbstractChannelHandlerContext.java:440) ~[netty-transport-4.1.128.Final.jar!/:4.1.128.Final]
	at io.netty.channel.AbstractChannelHandlerContext.invokeChannelRead(AbstractChannelHandlerContext.java:420) ~[netty-transport-4.1.128.Final.jar!/:4.1.128.Final]
	at io.netty.channel.DefaultChannelPipeline.fireChannelRead(DefaultChannelPipeline.java:868) ~[netty-transport-4.1.128.Final.jar!/:4.1.128.Final]
	at io.netty.channel.nio.AbstractNioByteChannel$NioByteUnsafe.read(AbstractNioByteChannel.java:166) ~[netty-transport-4.1.128.Final.jar!/:4.1.128.Final]
	at io.netty.channel.nio.NioEventLoop.processSelectedKey(NioEventLoop.java:796) ~[netty-transport-4.1.128.Final.jar!/:4.1.128.Final]
	at io.netty.channel.nio.NioEventLoop.processSelectedKeysOptimized(NioEventLoop.java:732) ~[netty-transport-4.1.128.Final.jar!/:4.1.128.Final]
	at io.netty.channel.nio.NioEventLoop.processSelectedKeys(NioEventLoop.java:658) ~[netty-transport-4.1.128.Final.jar!/:4.1.128.Final]
	at io.netty.channel.nio.NioEventLoop.run(NioEventLoop.java:562) ~[netty-transport-4.1.128.Final.jar!/:4.1.128.Final]
	at io.netty.util.concurrent.SingleThreadEventExecutor$4.run(SingleThreadEventExecutor.java:998) ~[netty-common-4.1.128.Final.jar!/:4.1.128.Final]
	at io.netty.util.internal.ThreadExecutorMap$2.run(ThreadExecutorMap.java:74) ~[netty-common-4.1.128.Final.jar!/:4.1.128.Final]
	at io.netty.util.concurrent.FastThreadLocalRunnable.run(FastThreadLocalRunnable.java:30) ~[netty-common-4.1.128.Final.jar!/:4.1.128.Final]
	at java.base/java.lang.Thread.run(Thread.java:842) ~[na:na]
Caused by: java.lang.ClassNotFoundException: com.fasterxml.jackson.databind.deser.std.StdKeyDeserializer$StringKD
	at java.base/java.net.URLClassLoader.findClass(URLClassLoader.java:445) ~[na:na]
	at java.base/java.lang.ClassLoader.loadClass(ClassLoader.java:587) ~[na:na]
	at org.springframework.boot.loader.net.protocol.jar.JarUrlClassLoader.loadClass(JarUrlClassLoader.java:107) ~[chatbot-0.0.1-SNAPSHOT.jar:0.0.1-SNAPSHOT]
	at org.springframework.boot.loader.launch.LaunchedClassLoader.loadClass(LaunchedClassLoader.java:91) ~[chatbot-0.0.1-SNAPSHOT.jar:0.0.1-SNAPSHOT]
	at java.base/java.lang.ClassLoader.loadClass(ClassLoader.java:520) ~[na:na]
	... 57 common frames omitted

2026-02-13T14:24:42.143+08:00 ERROR 17749 --- [ctor-http-nio-8] r.n.channel.ChannelOperationsHandler     : [ba4cb866, L:/127.0.0.1:53100 - R:localhost/127.0.0.1:8080] Error was received while reading the incoming data. The connection will be closed.

java.lang.NoClassDefFoundError: com/fasterxml/jackson/databind/deser/std/StdKeyDeserializer$StringKD
	at com.fasterxml.jackson.databind.deser.std.StdKeyDeserializers.findKeyDeserializer(StdKeyDeserializers.java:200) ~[jackson-databind-2.19.2.jar!/:2.19.2]
	at com.fasterxml.jackson.databind.deser.BasicDeserializerFactory.createKeyDeserializer(BasicDeserializerFactory.java:1256) ~[jackson-databind-2.19.2.jar!/:2.19.2]
	at com.fasterxml.jackson.databind.deser.DeserializerCache.findKeyDeserializer(DeserializerCache.java:199) ~[jackson-databind-2.19.2.jar!/:2.19.2]
	at com.fasterxml.jackson.databind.DeserializationContext.findKeyDeserializer(DeserializationContext.java:696) ~[jackson-databind-2.19.2.jar!/:2.19.2]
	at com.fasterxml.jackson.databind.deser.std.MapDeserializer.createContextual(MapDeserializer.java:313) ~[jackson-databind-2.19.2.jar!/:2.19.2]
	at com.fasterxml.jackson.databind.DeserializationContext.handleSecondaryContextualization(DeserializationContext.java:895) ~[jackson-databind-2.19.2.jar!/:2.19.2]
	at com.fasterxml.jackson.databind.DeserializationContext.findRootValueDeserializer(DeserializationContext.java:674) ~[jackson-databind-2.19.2.jar!/:2.19.2]
	at com.fasterxml.jackson.databind.ObjectReader._prefetchRootDeserializer(ObjectReader.java:2455) ~[jackson-databind-2.19.2.jar!/:2.19.2]
	at com.fasterxml.jackson.databind.ObjectReader.<init>(ObjectReader.java:193) ~[jackson-databind-2.19.2.jar!/:2.19.2]
	at com.fasterxml.jackson.databind.ObjectMapper._newReader(ObjectMapper.java:810) ~[jackson-databind-2.19.2.jar!/:2.19.2]
	at com.fasterxml.jackson.databind.ObjectMapper.readerFor(ObjectMapper.java:4382) ~[jackson-databind-2.19.2.jar!/:2.19.2]
	at org.springframework.http.codec.json.AbstractJackson2Decoder.createObjectReader(AbstractJackson2Decoder.java:238) ~[spring-web-6.2.12.jar!/:6.2.12]
	at org.springframework.http.codec.json.AbstractJackson2Decoder.decode(AbstractJackson2Decoder.java:212) ~[spring-web-6.2.12.jar!/:6.2.12]
	at org.springframework.http.codec.json.AbstractJackson2Decoder.lambda$decodeToMono$2(AbstractJackson2Decoder.java:198) ~[spring-web-6.2.12.jar!/:6.2.12]
	at reactor.core.publisher.MonoFlatMap$FlatMapMain.onNext(MonoFlatMap.java:132) ~[reactor-core-3.7.12.jar!/:3.7.12]
	at reactor.core.publisher.FluxContextWrite$ContextWriteSubscriber.onNext(FluxContextWrite.java:107) ~[reactor-core-3.7.12.jar!/:3.7.12]
	at reactor.core.publisher.FluxMapFuseable$MapFuseableConditionalSubscriber.onNext(FluxMapFuseable.java:299) ~[reactor-core-3.7.12.jar!/:3.7.12]
	at reactor.core.publisher.FluxFilterFuseable$FilterFuseableConditionalSubscriber.onNext(FluxFilterFuseable.java:337) ~[reactor-core-3.7.12.jar!/:3.7.12]
	at reactor.core.publisher.Operators$BaseFluxToMonoOperator.completePossiblyEmpty(Operators.java:2096) ~[reactor-core-3.7.12.jar!/:3.7.12]
	at reactor.core.publisher.MonoCollect$CollectSubscriber.onComplete(MonoCollect.java:145) ~[reactor-core-3.7.12.jar!/:3.7.12]
	at reactor.core.publisher.FluxMap$MapSubscriber.onComplete(FluxMap.java:144) ~[reactor-core-3.7.12.jar!/:3.7.12]
	at reactor.core.publisher.FluxPeek$PeekSubscriber.onComplete(FluxPeek.java:260) ~[reactor-core-3.7.12.jar!/:3.7.12]
	at reactor.core.publisher.FluxMap$MapSubscriber.onComplete(FluxMap.java:144) ~[reactor-core-3.7.12.jar!/:3.7.12]
	at reactor.netty.channel.FluxReceive.onInboundComplete(FluxReceive.java:413) ~[reactor-netty-core-1.2.11.jar!/:1.2.11]
	at reactor.netty.channel.ChannelOperations.onInboundComplete(ChannelOperations.java:464) ~[reactor-netty-core-1.2.11.jar!/:1.2.11]
	at reactor.netty.channel.ChannelOperations.terminate(ChannelOperations.java:518) ~[reactor-netty-core-1.2.11.jar!/:1.2.11]
	at reactor.netty.http.client.HttpClientOperations.onInboundNext(HttpClientOperations.java:925) ~[reactor-netty-http-1.2.11.jar!/:1.2.11]
	at reactor.netty.channel.ChannelOperationsHandler.channelRead(ChannelOperationsHandler.java:115) ~[reactor-netty-core-1.2.11.jar!/:1.2.11]
	at io.netty.channel.AbstractChannelHandlerContext.invokeChannelRead(AbstractChannelHandlerContext.java:444) ~[netty-transport-4.1.128.Final.jar!/:4.1.128.Final]
	at io.netty.channel.AbstractChannelHandlerContext.invokeChannelRead(AbstractChannelHandlerContext.java:420) ~[netty-transport-4.1.128.Final.jar!/:4.1.128.Final]
	at io.netty.channel.AbstractChannelHandlerContext.fireChannelRead(AbstractChannelHandlerContext.java:412) ~[netty-transport-4.1.128.Final.jar!/:4.1.128.Final]
	at io.netty.handler.codec.http.HttpContentDecoder.decode(HttpContentDecoder.java:166) ~[netty-codec-http-4.1.128.Final.jar!/:4.1.128.Final]
	at io.netty.handler.codec.http.HttpContentDecoder.decode(HttpContentDecoder.java:48) ~[netty-codec-http-4.1.128.Final.jar!/:4.1.128.Final]
	at io.netty.handler.codec.MessageToMessageDecoder.channelRead(MessageToMessageDecoder.java:91) ~[netty-codec-4.1.128.Final.jar!/:4.1.128.Final]
	at io.netty.channel.AbstractChannelHandlerContext.invokeChannelRead(AbstractChannelHandlerContext.java:444) ~[netty-transport-4.1.128.Final.jar!/:4.1.128.Final]
	at io.netty.channel.AbstractChannelHandlerContext.invokeChannelRead(AbstractChannelHandlerContext.java:420) ~[netty-transport-4.1.128.Final.jar!/:4.1.128.Final]
	at io.netty.channel.AbstractChannelHandlerContext.fireChannelRead(AbstractChannelHandlerContext.java:412) ~[netty-transport-4.1.128.Final.jar!/:4.1.128.Final]
	at io.netty.channel.CombinedChannelDuplexHandler$DelegatingChannelHandlerContext.fireChannelRead(CombinedChannelDuplexHandler.java:436) ~[netty-transport-4.1.128.Final.jar!/:4.1.128.Final]
	at io.netty.handler.codec.ByteToMessageDecoder.fireChannelRead(ByteToMessageDecoder.java:346) ~[netty-codec-4.1.128.Final.jar!/:4.1.128.Final]
	at io.netty.handler.codec.ByteToMessageDecoder.channelRead(ByteToMessageDecoder.java:318) ~[netty-codec-4.1.128.Final.jar!/:4.1.128.Final]
	at io.netty.channel.CombinedChannelDuplexHandler.channelRead(CombinedChannelDuplexHandler.java:251) ~[netty-transport-4.1.128.Final.jar!/:4.1.128.Final]
	at io.netty.channel.AbstractChannelHandlerContext.invokeChannelRead(AbstractChannelHandlerContext.java:442) ~[netty-transport-4.1.128.Final.jar!/:4.1.128.Final]
	at io.netty.channel.AbstractChannelHandlerContext.invokeChannelRead(AbstractChannelHandlerContext.java:420) ~[netty-transport-4.1.128.Final.jar!/:4.1.128.Final]
	at io.netty.channel.AbstractChannelHandlerContext.fireChannelRead(AbstractChannelHandlerContext.java:412) ~[netty-transport-4.1.128.Final.jar!/:4.1.128.Final]
	at io.netty.channel.DefaultChannelPipeline$HeadContext.channelRead(DefaultChannelPipeline.java:1357) ~[netty-transport-4.1.128.Final.jar!/:4.1.128.Final]
	at io.netty.channel.AbstractChannelHandlerContext.invokeChannelRead(AbstractChannelHandlerContext.java:440) ~[netty-transport-4.1.128.Final.jar!/:4.1.128.Final]
	at io.netty.channel.AbstractChannelHandlerContext.invokeChannelRead(AbstractChannelHandlerContext.java:420) ~[netty-transport-4.1.128.Final.jar!/:4.1.128.Final]
	at io.netty.channel.DefaultChannelPipeline.fireChannelRead(DefaultChannelPipeline.java:868) ~[netty-transport-4.1.128.Final.jar!/:4.1.128.Final]
	at io.netty.channel.nio.AbstractNioByteChannel$NioByteUnsafe.read(AbstractNioByteChannel.java:166) ~[netty-transport-4.1.128.Final.jar!/:4.1.128.Final]
	at io.netty.channel.nio.NioEventLoop.processSelectedKey(NioEventLoop.java:796) ~[netty-transport-4.1.128.Final.jar!/:4.1.128.Final]
	at io.netty.channel.nio.NioEventLoop.processSelectedKeysOptimized(NioEventLoop.java:732) ~[netty-transport-4.1.128.Final.jar!/:4.1.128.Final]
	at io.netty.channel.nio.NioEventLoop.processSelectedKeys(NioEventLoop.java:658) ~[netty-transport-4.1.128.Final.jar!/:4.1.128.Final]
	at io.netty.channel.nio.NioEventLoop.run(NioEventLoop.java:562) ~[netty-transport-4.1.128.Final.jar!/:4.1.128.Final]
	at io.netty.util.concurrent.SingleThreadEventExecutor$4.run(SingleThreadEventExecutor.java:998) ~[netty-common-4.1.128.Final.jar!/:4.1.128.Final]
	at io.netty.util.internal.ThreadExecutorMap$2.run(ThreadExecutorMap.java:74) ~[netty-common-4.1.128.Final.jar!/:4.1.128.Final]
	at io.netty.util.concurrent.FastThreadLocalRunnable.run(FastThreadLocalRunnable.java:30) ~[netty-common-4.1.128.Final.jar!/:4.1.128.Final]
	at java.base/java.lang.Thread.run(Thread.java:842) ~[na:na]
Caused by: java.lang.ClassNotFoundException: com.fasterxml.jackson.databind.deser.std.StdKeyDeserializer$StringKD
	at java.base/java.net.URLClassLoader.findClass(URLClassLoader.java:445) ~[na:na]
	at java.base/java.lang.ClassLoader.loadClass(ClassLoader.java:587) ~[na:na]
	at org.springframework.boot.loader.net.protocol.jar.JarUrlClassLoader.loadClass(JarUrlClassLoader.java:107) ~[chatbot-0.0.1-SNAPSHOT.jar:0.0.1-SNAPSHOT]
	at org.springframework.boot.loader.launch.LaunchedClassLoader.loadClass(LaunchedClassLoader.java:91) ~[chatbot-0.0.1-SNAPSHOT.jar:0.0.1-SNAPSHOT]
	at java.base/java.lang.ClassLoader.loadClass(ClassLoader.java:520) ~[na:na]
	... 57 common frames omitted

2026-02-13T14:24:42.144+08:00  WARN 17749 --- [ctor-http-nio-8] reactor.core.Exceptions                  : throwIfFatal detected a jvm fatal exception, which is thrown and logged below:

java.lang.NoClassDefFoundError: com/fasterxml/jackson/databind/deser/std/StdKeyDeserializer$StringKD
	at com.fasterxml.jackson.databind.deser.std.StdKeyDeserializers.findKeyDeserializer(StdKeyDeserializers.java:200) ~[jackson-databind-2.19.2.jar!/:2.19.2]
	at com.fasterxml.jackson.databind.deser.BasicDeserializerFactory.createKeyDeserializer(BasicDeserializerFactory.java:1256) ~[jackson-databind-2.19.2.jar!/:2.19.2]
	at com.fasterxml.jackson.databind.deser.DeserializerCache.findKeyDeserializer(DeserializerCache.java:199) ~[jackson-databind-2.19.2.jar!/:2.19.2]
	at com.fasterxml.jackson.databind.DeserializationContext.findKeyDeserializer(DeserializationContext.java:696) ~[jackson-databind-2.19.2.jar!/:2.19.2]
	at com.fasterxml.jackson.databind.deser.std.MapDeserializer.createContextual(MapDeserializer.java:313) ~[jackson-databind-2.19.2.jar!/:2.19.2]
	at com.fasterxml.jackson.databind.DeserializationContext.handleSecondaryContextualization(DeserializationContext.java:895) ~[jackson-databind-2.19.2.jar!/:2.19.2]
	at com.fasterxml.jackson.databind.DeserializationContext.findRootValueDeserializer(DeserializationContext.java:674) ~[jackson-databind-2.19.2.jar!/:2.19.2]
	at com.fasterxml.jackson.databind.ObjectReader._prefetchRootDeserializer(ObjectReader.java:2455) ~[jackson-databind-2.19.2.jar!/:2.19.2]
	at com.fasterxml.jackson.databind.ObjectReader.<init>(ObjectReader.java:193) ~[jackson-databind-2.19.2.jar!/:2.19.2]
	at com.fasterxml.jackson.databind.ObjectMapper._newReader(ObjectMapper.java:810) ~[jackson-databind-2.19.2.jar!/:2.19.2]
	at com.fasterxml.jackson.databind.ObjectMapper.readerFor(ObjectMapper.java:4382) ~[jackson-databind-2.19.2.jar!/:2.19.2]
	at org.springframework.http.codec.json.AbstractJackson2Decoder.createObjectReader(AbstractJackson2Decoder.java:238) ~[spring-web-6.2.12.jar!/:6.2.12]
	at org.springframework.http.codec.json.AbstractJackson2Decoder.decode(AbstractJackson2Decoder.java:212) ~[spring-web-6.2.12.jar!/:6.2.12]
	at org.springframework.http.codec.json.AbstractJackson2Decoder.lambda$decodeToMono$2(AbstractJackson2Decoder.java:198) ~[spring-web-6.2.12.jar!/:6.2.12]
	at reactor.core.publisher.MonoFlatMap$FlatMapMain.onNext(MonoFlatMap.java:132) ~[reactor-core-3.7.12.jar!/:3.7.12]
	at reactor.core.publisher.FluxContextWrite$ContextWriteSubscriber.onNext(FluxContextWrite.java:107) ~[reactor-core-3.7.12.jar!/:3.7.12]
	at reactor.core.publisher.FluxMapFuseable$MapFuseableConditionalSubscriber.onNext(FluxMapFuseable.java:299) ~[reactor-core-3.7.12.jar!/:3.7.12]
	at reactor.core.publisher.FluxFilterFuseable$FilterFuseableConditionalSubscriber.onNext(FluxFilterFuseable.java:337) ~[reactor-core-3.7.12.jar!/:3.7.12]
	at reactor.core.publisher.Operators$BaseFluxToMonoOperator.completePossiblyEmpty(Operators.java:2096) ~[reactor-core-3.7.12.jar!/:3.7.12]
	at reactor.core.publisher.MonoCollect$CollectSubscriber.onComplete(MonoCollect.java:145) ~[reactor-core-3.7.12.jar!/:3.7.12]
	at reactor.core.publisher.FluxMap$MapSubscriber.onComplete(FluxMap.java:144) ~[reactor-core-3.7.12.jar!/:3.7.12]
	at reactor.core.publisher.FluxPeek$PeekSubscriber.onComplete(FluxPeek.java:260) ~[reactor-core-3.7.12.jar!/:3.7.12]
	at reactor.core.publisher.FluxMap$MapSubscriber.onComplete(FluxMap.java:144) ~[reactor-core-3.7.12.jar!/:3.7.12]
	at reactor.netty.channel.FluxReceive.onInboundComplete(FluxReceive.java:413) ~[reactor-netty-core-1.2.11.jar!/:1.2.11]
	at reactor.netty.channel.ChannelOperations.onInboundComplete(ChannelOperations.java:464) ~[reactor-netty-core-1.2.11.jar!/:1.2.11]
	at reactor.netty.channel.ChannelOperations.terminate(ChannelOperations.java:518) ~[reactor-netty-core-1.2.11.jar!/:1.2.11]
	at reactor.netty.http.client.HttpClientOperations.onInboundNext(HttpClientOperations.java:925) ~[reactor-netty-http-1.2.11.jar!/:1.2.11]
	at reactor.netty.channel.ChannelOperationsHandler.channelRead(ChannelOperationsHandler.java:115) ~[reactor-netty-core-1.2.11.jar!/:1.2.11]
	at io.netty.channel.AbstractChannelHandlerContext.invokeChannelRead(AbstractChannelHandlerContext.java:444) ~[netty-transport-4.1.128.Final.jar!/:4.1.128.Final]
	at io.netty.channel.AbstractChannelHandlerContext.invokeChannelRead(AbstractChannelHandlerContext.java:420) ~[netty-transport-4.1.128.Final.jar!/:4.1.128.Final]
	at io.netty.channel.AbstractChannelHandlerContext.fireChannelRead(AbstractChannelHandlerContext.java:412) ~[netty-transport-4.1.128.Final.jar!/:4.1.128.Final]
	at io.netty.handler.codec.http.HttpContentDecoder.decode(HttpContentDecoder.java:166) ~[netty-codec-http-4.1.128.Final.jar!/:4.1.128.Final]
	at io.netty.handler.codec.http.HttpContentDecoder.decode(HttpContentDecoder.java:48) ~[netty-codec-http-4.1.128.Final.jar!/:4.1.128.Final]
	at io.netty.handler.codec.MessageToMessageDecoder.channelRead(MessageToMessageDecoder.java:91) ~[netty-codec-4.1.128.Final.jar!/:4.1.128.Final]
	at io.netty.channel.AbstractChannelHandlerContext.invokeChannelRead(AbstractChannelHandlerContext.java:444) ~[netty-transport-4.1.128.Final.jar!/:4.1.128.Final]
	at io.netty.channel.AbstractChannelHandlerContext.invokeChannelRead(AbstractChannelHandlerContext.java:420) ~[netty-transport-4.1.128.Final.jar!/:4.1.128.Final]
	at io.netty.channel.AbstractChannelHandlerContext.fireChannelRead(AbstractChannelHandlerContext.java:412) ~[netty-transport-4.1.128.Final.jar!/:4.1.128.Final]
	at io.netty.channel.CombinedChannelDuplexHandler$DelegatingChannelHandlerContext.fireChannelRead(CombinedChannelDuplexHandler.java:436) ~[netty-transport-4.1.128.Final.jar!/:4.1.128.Final]
	at io.netty.handler.codec.ByteToMessageDecoder.fireChannelRead(ByteToMessageDecoder.java:346) ~[netty-codec-4.1.128.Final.jar!/:4.1.128.Final]
	at io.netty.handler.codec.ByteToMessageDecoder.channelRead(ByteToMessageDecoder.java:318) ~[netty-codec-4.1.128.Final.jar!/:4.1.128.Final]
	at io.netty.channel.CombinedChannelDuplexHandler.channelRead(CombinedChannelDuplexHandler.java:251) ~[netty-transport-4.1.128.Final.jar!/:4.1.128.Final]
	at io.netty.channel.AbstractChannelHandlerContext.invokeChannelRead(AbstractChannelHandlerContext.java:442) ~[netty-transport-4.1.128.Final.jar!/:4.1.128.Final]
	at io.netty.channel.AbstractChannelHandlerContext.invokeChannelRead(AbstractChannelHandlerContext.java:420) ~[netty-transport-4.1.128.Final.jar!/:4.1.128.Final]
	at io.netty.channel.AbstractChannelHandlerContext.fireChannelRead(AbstractChannelHandlerContext.java:412) ~[netty-transport-4.1.128.Final.jar!/:4.1.128.Final]
	at io.netty.channel.DefaultChannelPipeline$HeadContext.channelRead(DefaultChannelPipeline.java:1357) ~[netty-transport-4.1.128.Final.jar!/:4.1.128.Final]
	at io.netty.channel.AbstractChannelHandlerContext.invokeChannelRead(AbstractChannelHandlerContext.java:440) ~[netty-transport-4.1.128.Final.jar!/:4.1.128.Final]
	at io.netty.channel.AbstractChannelHandlerContext.invokeChannelRead(AbstractChannelHandlerContext.java:420) ~[netty-transport-4.1.128.Final.jar!/:4.1.128.Final]
	at io.netty.channel.DefaultChannelPipeline.fireChannelRead(DefaultChannelPipeline.java:868) ~[netty-transport-4.1.128.Final.jar!/:4.1.128.Final]
	at io.netty.channel.nio.AbstractNioByteChannel$NioByteUnsafe.read(AbstractNioByteChannel.java:166) ~[netty-transport-4.1.128.Final.jar!/:4.1.128.Final]
	at io.netty.channel.nio.NioEventLoop.processSelectedKey(NioEventLoop.java:796) ~[netty-transport-4.1.128.Final.jar!/:4.1.128.Final]
	at io.netty.channel.nio.NioEventLoop.processSelectedKeysOptimized(NioEventLoop.java:732) ~[netty-transport-4.1.128.Final.jar!/:4.1.128.Final]
	at io.netty.channel.nio.NioEventLoop.processSelectedKeys(NioEventLoop.java:658) ~[netty-transport-4.1.128.Final.jar!/:4.1.128.Final]
	at io.netty.channel.nio.NioEventLoop.run(NioEventLoop.java:562) ~[netty-transport-4.1.128.Final.jar!/:4.1.128.Final]
	at io.netty.util.concurrent.SingleThreadEventExecutor$4.run(SingleThreadEventExecutor.java:998) ~[netty-common-4.1.128.Final.jar!/:4.1.128.Final]
	at io.netty.util.internal.ThreadExecutorMap$2.run(ThreadExecutorMap.java:74) ~[netty-common-4.1.128.Final.jar!/:4.1.128.Final]
	at io.netty.util.concurrent.FastThreadLocalRunnable.run(FastThreadLocalRunnable.java:30) ~[netty-common-4.1.128.Final.jar!/:4.1.128.Final]
	at java.base/java.lang.Thread.run(Thread.java:842) ~[na:na]
Caused by: java.lang.ClassNotFoundException: com.fasterxml.jackson.databind.deser.std.StdKeyDeserializer$StringKD
	at java.base/java.net.URLClassLoader.findClass(URLClassLoader.java:445) ~[na:na]
	at java.base/java.lang.ClassLoader.loadClass(ClassLoader.java:587) ~[na:na]
	at org.springframework.boot.loader.net.protocol.jar.JarUrlClassLoader.loadClass(JarUrlClassLoader.java:107) ~[chatbot-0.0.1-SNAPSHOT.jar:0.0.1-SNAPSHOT]
	at org.springframework.boot.loader.launch.LaunchedClassLoader.loadClass(LaunchedClassLoader.java:91) ~[chatbot-0.0.1-SNAPSHOT.jar:0.0.1-SNAPSHOT]
	at java.base/java.lang.ClassLoader.loadClass(ClassLoader.java:520) ~[na:na]
	... 57 common frames omitted

2026-02-13T14:24:42.144+08:00  WARN 17749 --- [ctor-http-nio-8] reactor.core.Exceptions                  : throwIfFatal detected a jvm fatal exception, which is thrown and logged below:

java.lang.NoClassDefFoundError: com/fasterxml/jackson/databind/deser/std/StdKeyDeserializer$StringKD
	at com.fasterxml.jackson.databind.deser.std.StdKeyDeserializers.findKeyDeserializer(StdKeyDeserializers.java:200) ~[jackson-databind-2.19.2.jar!/:2.19.2]
	at com.fasterxml.jackson.databind.deser.BasicDeserializerFactory.createKeyDeserializer(BasicDeserializerFactory.java:1256) ~[jackson-databind-2.19.2.jar!/:2.19.2]
	at com.fasterxml.jackson.databind.deser.DeserializerCache.findKeyDeserializer(DeserializerCache.java:199) ~[jackson-databind-2.19.2.jar!/:2.19.2]
	at com.fasterxml.jackson.databind.DeserializationContext.findKeyDeserializer(DeserializationContext.java:696) ~[jackson-databind-2.19.2.jar!/:2.19.2]
	at com.fasterxml.jackson.databind.deser.std.MapDeserializer.createContextual(MapDeserializer.java:313) ~[jackson-databind-2.19.2.jar!/:2.19.2]
	at com.fasterxml.jackson.databind.DeserializationContext.handleSecondaryContextualization(DeserializationContext.java:895) ~[jackson-databind-2.19.2.jar!/:2.19.2]
	at com.fasterxml.jackson.databind.DeserializationContext.findRootValueDeserializer(DeserializationContext.java:674) ~[jackson-databind-2.19.2.jar!/:2.19.2]
	at com.fasterxml.jackson.databind.ObjectReader._prefetchRootDeserializer(ObjectReader.java:2455) ~[jackson-databind-2.19.2.jar!/:2.19.2]
	at com.fasterxml.jackson.databind.ObjectReader.<init>(ObjectReader.java:193) ~[jackson-databind-2.19.2.jar!/:2.19.2]
	at com.fasterxml.jackson.databind.ObjectMapper._newReader(ObjectMapper.java:810) ~[jackson-databind-2.19.2.jar!/:2.19.2]
	at com.fasterxml.jackson.databind.ObjectMapper.readerFor(ObjectMapper.java:4382) ~[jackson-databind-2.19.2.jar!/:2.19.2]
	at org.springframework.http.codec.json.AbstractJackson2Decoder.createObjectReader(AbstractJackson2Decoder.java:238) ~[spring-web-6.2.12.jar!/:6.2.12]
	at org.springframework.http.codec.json.AbstractJackson2Decoder.decode(AbstractJackson2Decoder.java:212) ~[spring-web-6.2.12.jar!/:6.2.12]
	at org.springframework.http.codec.json.AbstractJackson2Decoder.lambda$decodeToMono$2(AbstractJackson2Decoder.java:198) ~[spring-web-6.2.12.jar!/:6.2.12]
	at reactor.core.publisher.MonoFlatMap$FlatMapMain.onNext(MonoFlatMap.java:132) ~[reactor-core-3.7.12.jar!/:3.7.12]
	at reactor.core.publisher.FluxContextWrite$ContextWriteSubscriber.onNext(FluxContextWrite.java:107) ~[reactor-core-3.7.12.jar!/:3.7.12]
	at reactor.core.publisher.FluxMapFuseable$MapFuseableConditionalSubscriber.onNext(FluxMapFuseable.java:299) ~[reactor-core-3.7.12.jar!/:3.7.12]
	at reactor.core.publisher.FluxFilterFuseable$FilterFuseableConditionalSubscriber.onNext(FluxFilterFuseable.java:337) ~[reactor-core-3.7.12.jar!/:3.7.12]
	at reactor.core.publisher.Operators$BaseFluxToMonoOperator.completePossiblyEmpty(Operators.java:2096) ~[reactor-core-3.7.12.jar!/:3.7.12]
	at reactor.core.publisher.MonoCollect$CollectSubscriber.onComplete(MonoCollect.java:145) ~[reactor-core-3.7.12.jar!/:3.7.12]
	at reactor.core.publisher.FluxMap$MapSubscriber.onComplete(FluxMap.java:144) ~[reactor-core-3.7.12.jar!/:3.7.12]
	at reactor.core.publisher.FluxPeek$PeekSubscriber.onComplete(FluxPeek.java:260) ~[reactor-core-3.7.12.jar!/:3.7.12]
	at reactor.core.publisher.FluxMap$MapSubscriber.onComplete(FluxMap.java:144) ~[reactor-core-3.7.12.jar!/:3.7.12]
	at reactor.netty.channel.FluxReceive.onInboundComplete(FluxReceive.java:413) ~[reactor-netty-core-1.2.11.jar!/:1.2.11]
	at reactor.netty.channel.ChannelOperations.onInboundComplete(ChannelOperations.java:464) ~[reactor-netty-core-1.2.11.jar!/:1.2.11]
	at reactor.netty.channel.ChannelOperations.terminate(ChannelOperations.java:518) ~[reactor-netty-core-1.2.11.jar!/:1.2.11]
	at reactor.netty.http.client.HttpClientOperations.onInboundNext(HttpClientOperations.java:925) ~[reactor-netty-http-1.2.11.jar!/:1.2.11]
	at reactor.netty.channel.ChannelOperationsHandler.channelRead(ChannelOperationsHandler.java:115) ~[reactor-netty-core-1.2.11.jar!/:1.2.11]
	at io.netty.channel.AbstractChannelHandlerContext.invokeChannelRead(AbstractChannelHandlerContext.java:444) ~[netty-transport-4.1.128.Final.jar!/:4.1.128.Final]
	at io.netty.channel.AbstractChannelHandlerContext.invokeChannelRead(AbstractChannelHandlerContext.java:420) ~[netty-transport-4.1.128.Final.jar!/:4.1.128.Final]
	at io.netty.channel.AbstractChannelHandlerContext.fireChannelRead(AbstractChannelHandlerContext.java:412) ~[netty-transport-4.1.128.Final.jar!/:4.1.128.Final]
	at io.netty.handler.codec.http.HttpContentDecoder.decode(HttpContentDecoder.java:166) ~[netty-codec-http-4.1.128.Final.jar!/:4.1.128.Final]
	at io.netty.handler.codec.http.HttpContentDecoder.decode(HttpContentDecoder.java:48) ~[netty-codec-http-4.1.128.Final.jar!/:4.1.128.Final]
	at io.netty.handler.codec.MessageToMessageDecoder.channelRead(MessageToMessageDecoder.java:91) ~[netty-codec-4.1.128.Final.jar!/:4.1.128.Final]
	at io.netty.channel.AbstractChannelHandlerContext.invokeChannelRead(AbstractChannelHandlerContext.java:444) ~[netty-transport-4.1.128.Final.jar!/:4.1.128.Final]
	at io.netty.channel.AbstractChannelHandlerContext.invokeChannelRead(AbstractChannelHandlerContext.java:420) ~[netty-transport-4.1.128.Final.jar!/:4.1.128.Final]
	at io.netty.channel.AbstractChannelHandlerContext.fireChannelRead(AbstractChannelHandlerContext.java:412) ~[netty-transport-4.1.128.Final.jar!/:4.1.128.Final]
	at io.netty.channel.CombinedChannelDuplexHandler$DelegatingChannelHandlerContext.fireChannelRead(CombinedChannelDuplexHandler.java:436) ~[netty-transport-4.1.128.Final.jar!/:4.1.128.Final]
	at io.netty.handler.codec.ByteToMessageDecoder.fireChannelRead(ByteToMessageDecoder.java:346) ~[netty-codec-4.1.128.Final.jar!/:4.1.128.Final]
	at io.netty.handler.codec.ByteToMessageDecoder.channelRead(ByteToMessageDecoder.java:318) ~[netty-codec-4.1.128.Final.jar!/:4.1.128.Final]
	at io.netty.channel.CombinedChannelDuplexHandler.channelRead(CombinedChannelDuplexHandler.java:251) ~[netty-transport-4.1.128.Final.jar!/:4.1.128.Final]
	at io.netty.channel.AbstractChannelHandlerContext.invokeChannelRead(AbstractChannelHandlerContext.java:442) ~[netty-transport-4.1.128.Final.jar!/:4.1.128.Final]
	at io.netty.channel.AbstractChannelHandlerContext.invokeChannelRead(AbstractChannelHandlerContext.java:420) ~[netty-transport-4.1.128.Final.jar!/:4.1.128.Final]
	at io.netty.channel.AbstractChannelHandlerContext.fireChannelRead(AbstractChannelHandlerContext.java:412) ~[netty-transport-4.1.128.Final.jar!/:4.1.128.Final]
	at io.netty.channel.DefaultChannelPipeline$HeadContext.channelRead(DefaultChannelPipeline.java:1357) ~[netty-transport-4.1.128.Final.jar!/:4.1.128.Final]
	at io.netty.channel.AbstractChannelHandlerContext.invokeChannelRead(AbstractChannelHandlerContext.java:440) ~[netty-transport-4.1.128.Final.jar!/:4.1.128.Final]
	at io.netty.channel.AbstractChannelHandlerContext.invokeChannelRead(AbstractChannelHandlerContext.java:420) ~[netty-transport-4.1.128.Final.jar!/:4.1.128.Final]
	at io.netty.channel.DefaultChannelPipeline.fireChannelRead(DefaultChannelPipeline.java:868) ~[netty-transport-4.1.128.Final.jar!/:4.1.128.Final]
	at io.netty.channel.nio.AbstractNioByteChannel$NioByteUnsafe.read(AbstractNioByteChannel.java:166) ~[netty-transport-4.1.128.Final.jar!/:4.1.128.Final]
	at io.netty.channel.nio.NioEventLoop.processSelectedKey(NioEventLoop.java:796) ~[netty-transport-4.1.128.Final.jar!/:4.1.128.Final]
	at io.netty.channel.nio.NioEventLoop.processSelectedKeysOptimized(NioEventLoop.java:732) ~[netty-transport-4.1.128.Final.jar!/:4.1.128.Final]
	at io.netty.channel.nio.NioEventLoop.processSelectedKeys(NioEventLoop.java:658) ~[netty-transport-4.1.128.Final.jar!/:4.1.128.Final]
	at io.netty.channel.nio.NioEventLoop.run(NioEventLoop.java:562) ~[netty-transport-4.1.128.Final.jar!/:4.1.128.Final]
	at io.netty.util.concurrent.SingleThreadEventExecutor$4.run(SingleThreadEventExecutor.java:998) ~[netty-common-4.1.128.Final.jar!/:4.1.128.Final]
	at io.netty.util.internal.ThreadExecutorMap$2.run(ThreadExecutorMap.java:74) ~[netty-common-4.1.128.Final.jar!/:4.1.128.Final]
	at io.netty.util.concurrent.FastThreadLocalRunnable.run(FastThreadLocalRunnable.java:30) ~[netty-common-4.1.128.Final.jar!/:4.1.128.Final]
	at java.base/java.lang.Thread.run(Thread.java:842) ~[na:na]
Caused by: java.lang.ClassNotFoundException: com.fasterxml.jackson.databind.deser.std.StdKeyDeserializer$StringKD
	at java.base/java.net.URLClassLoader.findClass(URLClassLoader.java:445) ~[na:na]
	at java.base/java.lang.ClassLoader.loadClass(ClassLoader.java:587) ~[na:na]
	at org.springframework.boot.loader.net.protocol.jar.JarUrlClassLoader.loadClass(JarUrlClassLoader.java:107) ~[chatbot-0.0.1-SNAPSHOT.jar:0.0.1-SNAPSHOT]
	at org.springframework.boot.loader.launch.LaunchedClassLoader.loadClass(LaunchedClassLoader.java:91) ~[chatbot-0.0.1-SNAPSHOT.jar:0.0.1-SNAPSHOT]
	at java.base/java.lang.ClassLoader.loadClass(ClassLoader.java:520) ~[na:na]
	... 57 common frames omitted

2026-02-13T14:24:42.145+08:00  WARN 17749 --- [ctor-http-nio-8] i.n.c.AbstractChannelHandlerContext      : An exception 'java.lang.NoClassDefFoundError: com/fasterxml/jackson/databind/deser/std/StdKeyDeserializer$StringKD' [enable DEBUG level for full stacktrace] was thrown by a user handler's exceptionCaught() method while handling the following exception:

java.lang.NoClassDefFoundError: com/fasterxml/jackson/databind/deser/std/StdKeyDeserializer$StringKD
	at com.fasterxml.jackson.databind.deser.std.StdKeyDeserializers.findKeyDeserializer(StdKeyDeserializers.java:200) ~[jackson-databind-2.19.2.jar!/:2.19.2]
	at com.fasterxml.jackson.databind.deser.BasicDeserializerFactory.createKeyDeserializer(BasicDeserializerFactory.java:1256) ~[jackson-databind-2.19.2.jar!/:2.19.2]
	at com.fasterxml.jackson.databind.deser.DeserializerCache.findKeyDeserializer(DeserializerCache.java:199) ~[jackson-databind-2.19.2.jar!/:2.19.2]
	at com.fasterxml.jackson.databind.DeserializationContext.findKeyDeserializer(DeserializationContext.java:696) ~[jackson-databind-2.19.2.jar!/:2.19.2]
	at com.fasterxml.jackson.databind.deser.std.MapDeserializer.createContextual(MapDeserializer.java:313) ~[jackson-databind-2.19.2.jar!/:2.19.2]
	at com.fasterxml.jackson.databind.DeserializationContext.handleSecondaryContextualization(DeserializationContext.java:895) ~[jackson-databind-2.19.2.jar!/:2.19.2]
	at com.fasterxml.jackson.databind.DeserializationContext.findRootValueDeserializer(DeserializationContext.java:674) ~[jackson-databind-2.19.2.jar!/:2.19.2]
	at com.fasterxml.jackson.databind.ObjectReader._prefetchRootDeserializer(ObjectReader.java:2455) ~[jackson-databind-2.19.2.jar!/:2.19.2]
	at com.fasterxml.jackson.databind.ObjectReader.<init>(ObjectReader.java:193) ~[jackson-databind-2.19.2.jar!/:2.19.2]
	at com.fasterxml.jackson.databind.ObjectMapper._newReader(ObjectMapper.java:810) ~[jackson-databind-2.19.2.jar!/:2.19.2]
	at com.fasterxml.jackson.databind.ObjectMapper.readerFor(ObjectMapper.java:4382) ~[jackson-databind-2.19.2.jar!/:2.19.2]
	at org.springframework.http.codec.json.AbstractJackson2Decoder.createObjectReader(AbstractJackson2Decoder.java:238) ~[spring-web-6.2.12.jar!/:6.2.12]
	at org.springframework.http.codec.json.AbstractJackson2Decoder.decode(AbstractJackson2Decoder.java:212) ~[spring-web-6.2.12.jar!/:6.2.12]
	at org.springframework.http.codec.json.AbstractJackson2Decoder.lambda$decodeToMono$2(AbstractJackson2Decoder.java:198) ~[spring-web-6.2.12.jar!/:6.2.12]
	at reactor.core.publisher.MonoFlatMap$FlatMapMain.onNext(MonoFlatMap.java:132) ~[reactor-core-3.7.12.jar!/:3.7.12]
	at reactor.core.publisher.FluxContextWrite$ContextWriteSubscriber.onNext(FluxContextWrite.java:107) ~[reactor-core-3.7.12.jar!/:3.7.12]
	at reactor.core.publisher.FluxMapFuseable$MapFuseableConditionalSubscriber.onNext(FluxMapFuseable.java:299) ~[reactor-core-3.7.12.jar!/:3.7.12]
	at reactor.core.publisher.FluxFilterFuseable$FilterFuseableConditionalSubscriber.onNext(FluxFilterFuseable.java:337) ~[reactor-core-3.7.12.jar!/:3.7.12]
	at reactor.core.publisher.Operators$BaseFluxToMonoOperator.completePossiblyEmpty(Operators.java:2096) ~[reactor-core-3.7.12.jar!/:3.7.12]
	at reactor.core.publisher.MonoCollect$CollectSubscriber.onComplete(MonoCollect.java:145) ~[reactor-core-3.7.12.jar!/:3.7.12]
	at reactor.core.publisher.FluxMap$MapSubscriber.onComplete(FluxMap.java:144) ~[reactor-core-3.7.12.jar!/:3.7.12]
	at reactor.core.publisher.FluxPeek$PeekSubscriber.onComplete(FluxPeek.java:260) ~[reactor-core-3.7.12.jar!/:3.7.12]
	at reactor.core.publisher.FluxMap$MapSubscriber.onComplete(FluxMap.java:144) ~[reactor-core-3.7.12.jar!/:3.7.12]
	at reactor.netty.channel.FluxReceive.onInboundComplete(FluxReceive.java:413) ~[reactor-netty-core-1.2.11.jar!/:1.2.11]
	at reactor.netty.channel.ChannelOperations.onInboundComplete(ChannelOperations.java:464) ~[reactor-netty-core-1.2.11.jar!/:1.2.11]
	at reactor.netty.channel.ChannelOperations.terminate(ChannelOperations.java:518) ~[reactor-netty-core-1.2.11.jar!/:1.2.11]
	at reactor.netty.http.client.HttpClientOperations.onInboundNext(HttpClientOperations.java:925) ~[reactor-netty-http-1.2.11.jar!/:1.2.11]
	at reactor.netty.channel.ChannelOperationsHandler.channelRead(ChannelOperationsHandler.java:115) ~[reactor-netty-core-1.2.11.jar!/:1.2.11]
	at io.netty.channel.AbstractChannelHandlerContext.invokeChannelRead(AbstractChannelHandlerContext.java:444) ~[netty-transport-4.1.128.Final.jar!/:4.1.128.Final]
	at io.netty.channel.AbstractChannelHandlerContext.invokeChannelRead(AbstractChannelHandlerContext.java:420) ~[netty-transport-4.1.128.Final.jar!/:4.1.128.Final]
	at io.netty.channel.AbstractChannelHandlerContext.fireChannelRead(AbstractChannelHandlerContext.java:412) ~[netty-transport-4.1.128.Final.jar!/:4.1.128.Final]
	at io.netty.handler.codec.http.HttpContentDecoder.decode(HttpContentDecoder.java:166) ~[netty-codec-http-4.1.128.Final.jar!/:4.1.128.Final]
	at io.netty.handler.codec.http.HttpContentDecoder.decode(HttpContentDecoder.java:48) ~[netty-codec-http-4.1.128.Final.jar!/:4.1.128.Final]
	at io.netty.handler.codec.MessageToMessageDecoder.channelRead(MessageToMessageDecoder.java:91) ~[netty-codec-4.1.128.Final.jar!/:4.1.128.Final]
	at io.netty.channel.AbstractChannelHandlerContext.invokeChannelRead(AbstractChannelHandlerContext.java:444) ~[netty-transport-4.1.128.Final.jar!/:4.1.128.Final]
	at io.netty.channel.AbstractChannelHandlerContext.invokeChannelRead(AbstractChannelHandlerContext.java:420) ~[netty-transport-4.1.128.Final.jar!/:4.1.128.Final]
	at io.netty.channel.AbstractChannelHandlerContext.fireChannelRead(AbstractChannelHandlerContext.java:412) ~[netty-transport-4.1.128.Final.jar!/:4.1.128.Final]
	at io.netty.channel.CombinedChannelDuplexHandler$DelegatingChannelHandlerContext.fireChannelRead(CombinedChannelDuplexHandler.java:436) ~[netty-transport-4.1.128.Final.jar!/:4.1.128.Final]
	at io.netty.handler.codec.ByteToMessageDecoder.fireChannelRead(ByteToMessageDecoder.java:346) ~[netty-codec-4.1.128.Final.jar!/:4.1.128.Final]
	at io.netty.handler.codec.ByteToMessageDecoder.channelRead(ByteToMessageDecoder.java:318) ~[netty-codec-4.1.128.Final.jar!/:4.1.128.Final]
	at io.netty.channel.CombinedChannelDuplexHandler.channelRead(CombinedChannelDuplexHandler.java:251) ~[netty-transport-4.1.128.Final.jar!/:4.1.128.Final]
	at io.netty.channel.AbstractChannelHandlerContext.invokeChannelRead(AbstractChannelHandlerContext.java:442) ~[netty-transport-4.1.128.Final.jar!/:4.1.128.Final]
	at io.netty.channel.AbstractChannelHandlerContext.invokeChannelRead(AbstractChannelHandlerContext.java:420) ~[netty-transport-4.1.128.Final.jar!/:4.1.128.Final]
	at io.netty.channel.AbstractChannelHandlerContext.fireChannelRead(AbstractChannelHandlerContext.java:412) ~[netty-transport-4.1.128.Final.jar!/:4.1.128.Final]
	at io.netty.channel.DefaultChannelPipeline$HeadContext.channelRead(DefaultChannelPipeline.java:1357) ~[netty-transport-4.1.128.Final.jar!/:4.1.128.Final]
	at io.netty.channel.AbstractChannelHandlerContext.invokeChannelRead(AbstractChannelHandlerContext.java:440) ~[netty-transport-4.1.128.Final.jar!/:4.1.128.Final]
	at io.netty.channel.AbstractChannelHandlerContext.invokeChannelRead(AbstractChannelHandlerContext.java:420) ~[netty-transport-4.1.128.Final.jar!/:4.1.128.Final]
	at io.netty.channel.DefaultChannelPipeline.fireChannelRead(DefaultChannelPipeline.java:868) ~[netty-transport-4.1.128.Final.jar!/:4.1.128.Final]
	at io.netty.channel.nio.AbstractNioByteChannel$NioByteUnsafe.read(AbstractNioByteChannel.java:166) ~[netty-transport-4.1.128.Final.jar!/:4.1.128.Final]
	at io.netty.channel.nio.NioEventLoop.processSelectedKey(NioEventLoop.java:796) ~[netty-transport-4.1.128.Final.jar!/:4.1.128.Final]
	at io.netty.channel.nio.NioEventLoop.processSelectedKeysOptimized(NioEventLoop.java:732) ~[netty-transport-4.1.128.Final.jar!/:4.1.128.Final]
	at io.netty.channel.nio.NioEventLoop.processSelectedKeys(NioEventLoop.java:658) ~[netty-transport-4.1.128.Final.jar!/:4.1.128.Final]
	at io.netty.channel.nio.NioEventLoop.run(NioEventLoop.java:562) ~[netty-transport-4.1.128.Final.jar!/:4.1.128.Final]
	at io.netty.util.concurrent.SingleThreadEventExecutor$4.run(SingleThreadEventExecutor.java:998) ~[netty-common-4.1.128.Final.jar!/:4.1.128.Final]
	at io.netty.util.internal.ThreadExecutorMap$2.run(ThreadExecutorMap.java:74) ~[netty-common-4.1.128.Final.jar!/:4.1.128.Final]
	at io.netty.util.concurrent.FastThreadLocalRunnable.run(FastThreadLocalRunnable.java:30) ~[netty-common-4.1.128.Final.jar!/:4.1.128.Final]
	at java.base/java.lang.Thread.run(Thread.java:842) ~[na:na]
Caused by: java.lang.ClassNotFoundException: com.fasterxml.jackson.databind.deser.std.StdKeyDeserializer$StringKD
	at java.base/java.net.URLClassLoader.findClass(URLClassLoader.java:445) ~[na:na]
	at java.base/java.lang.ClassLoader.loadClass(ClassLoader.java:587) ~[na:na]
	at org.springframework.boot.loader.net.protocol.jar.JarUrlClassLoader.loadClass(JarUrlClassLoader.java:107) ~[chatbot-0.0.1-SNAPSHOT.jar:0.0.1-SNAPSHOT]
	at org.springframework.boot.loader.launch.LaunchedClassLoader.loadClass(LaunchedClassLoader.java:91) ~[chatbot-0.0.1-SNAPSHOT.jar:0.0.1-SNAPSHOT]
	at java.base/java.lang.ClassLoader.loadClass(ClassLoader.java:520) ~[na:na]
	... 57 common frames omitted

2026-02-13T14:25:12.905+08:00 ERROR 17749 --- [nio-8081-exec-8] o.a.c.c.C.[.[.[/].[dispatcherServlet]    : Servlet.service() for servlet [dispatcherServlet] threw exception

java.lang.NoClassDefFoundError: org/springframework/web/method/annotation/ExceptionHandlerMethodResolver
	at org.springframework.web.servlet.mvc.method.annotation.ExceptionHandlerExceptionResolver.getExceptionHandlerMethod(ExceptionHandlerExceptionResolver.java:536) ~[spring-webmvc-6.2.12.jar!/:6.2.12]
	at org.springframework.web.servlet.mvc.method.annotation.ExceptionHandlerExceptionResolver.doResolveHandlerMethodException(ExceptionHandlerExceptionResolver.java:441) ~[spring-webmvc-6.2.12.jar!/:6.2.12]
	at org.springframework.web.servlet.handler.AbstractHandlerMethodExceptionResolver.doResolveException(AbstractHandlerMethodExceptionResolver.java:73) ~[spring-webmvc-6.2.12.jar!/:6.2.12]
	at org.springframework.web.servlet.handler.AbstractHandlerExceptionResolver.resolveException(AbstractHandlerExceptionResolver.java:182) ~[spring-webmvc-6.2.12.jar!/:6.2.12]
	at org.springframework.web.servlet.handler.HandlerExceptionResolverComposite.resolveException(HandlerExceptionResolverComposite.java:80) ~[spring-webmvc-6.2.12.jar!/:6.2.12]
	at org.springframework.web.servlet.DispatcherServlet.processHandlerException(DispatcherServlet.java:1360) ~[spring-webmvc-6.2.12.jar!/:6.2.12]
	at org.springframework.web.servlet.DispatcherServlet.processDispatchResult(DispatcherServlet.java:1161) ~[spring-webmvc-6.2.12.jar!/:6.2.12]
	at org.springframework.web.servlet.DispatcherServlet.doDispatch(DispatcherServlet.java:1106) ~[spring-webmvc-6.2.12.jar!/:6.2.12]
	at org.springframework.web.servlet.DispatcherServlet.doService(DispatcherServlet.java:979) ~[spring-webmvc-6.2.12.jar!/:6.2.12]
	at org.springframework.web.servlet.FrameworkServlet.processRequest(FrameworkServlet.java:1014) ~[spring-webmvc-6.2.12.jar!/:6.2.12]
	at org.springframework.web.servlet.FrameworkServlet.doPost(FrameworkServlet.java:914) ~[spring-webmvc-6.2.12.jar!/:6.2.12]
	at jakarta.servlet.http.HttpServlet.service(HttpServlet.java:590) ~[tomcat-embed-core-10.1.48.jar!/:na]
	at org.springframework.web.servlet.FrameworkServlet.service(FrameworkServlet.java:885) ~[spring-webmvc-6.2.12.jar!/:6.2.12]
	at jakarta.servlet.http.HttpServlet.service(HttpServlet.java:658) ~[tomcat-embed-core-10.1.48.jar!/:na]
	at org.apache.catalina.core.ApplicationFilterChain.internalDoFilter(ApplicationFilterChain.java:193) ~[tomcat-embed-core-10.1.48.jar!/:na]
	at org.apache.catalina.core.ApplicationFilterChain.doFilter(ApplicationFilterChain.java:138) ~[tomcat-embed-core-10.1.48.jar!/:na]
	at org.springframework.web.filter.RequestContextFilter.doFilterInternal(RequestContextFilter.java:100) ~[spring-web-6.2.12.jar!/:6.2.12]
	at org.springframework.web.filter.OncePerRequestFilter.doFilter(OncePerRequestFilter.java:116) ~[spring-web-6.2.12.jar!/:6.2.12]
	at org.apache.catalina.core.ApplicationFilterChain.internalDoFilter(ApplicationFilterChain.java:162) ~[tomcat-embed-core-10.1.48.jar!/:na]
	at org.apache.catalina.core.ApplicationFilterChain.doFilter(ApplicationFilterChain.java:138) ~[tomcat-embed-core-10.1.48.jar!/:na]
	at org.springframework.web.filter.OncePerRequestFilter.doFilter(OncePerRequestFilter.java:101) ~[spring-web-6.2.12.jar!/:6.2.12]
	at org.apache.catalina.core.ApplicationFilterChain.internalDoFilter(ApplicationFilterChain.java:162) ~[tomcat-embed-core-10.1.48.jar!/:na]
	at org.apache.catalina.core.ApplicationFilterChain.doFilter(ApplicationFilterChain.java:138) ~[tomcat-embed-core-10.1.48.jar!/:na]
	at org.springframework.web.filter.OncePerRequestFilter.doFilter(OncePerRequestFilter.java:101) ~[spring-web-6.2.12.jar!/:6.2.12]
	at org.apache.catalina.core.ApplicationFilterChain.internalDoFilter(ApplicationFilterChain.java:162) ~[tomcat-embed-core-10.1.48.jar!/:na]
	at org.apache.catalina.core.ApplicationFilterChain.doFilter(ApplicationFilterChain.java:138) ~[tomcat-embed-core-10.1.48.jar!/:na]
	at org.apache.catalina.core.ApplicationDispatcher.invoke(ApplicationDispatcher.java:610) ~[tomcat-embed-core-10.1.48.jar!/:na]
	at org.apache.catalina.core.ApplicationDispatcher.doDispatch(ApplicationDispatcher.java:538) ~[tomcat-embed-core-10.1.48.jar!/:na]
	at org.apache.catalina.core.ApplicationDispatcher.dispatch(ApplicationDispatcher.java:509) ~[tomcat-embed-core-10.1.48.jar!/:na]
	at org.apache.catalina.core.AsyncContextImpl$AsyncRunnable.run(AsyncContextImpl.java:599) ~[tomcat-embed-core-10.1.48.jar!/:na]
	at org.apache.catalina.core.AsyncContextImpl.doInternalDispatch(AsyncContextImpl.java:342) ~[tomcat-embed-core-10.1.48.jar!/:na]
	at org.apache.catalina.core.StandardWrapperValve.invoke(StandardWrapperValve.java:163) ~[tomcat-embed-core-10.1.48.jar!/:na]
	at org.apache.catalina.core.StandardContextValve.invoke(StandardContextValve.java:88) ~[tomcat-embed-core-10.1.48.jar!/:na]
	at org.apache.catalina.authenticator.AuthenticatorBase.invoke(AuthenticatorBase.java:482) ~[tomcat-embed-core-10.1.48.jar!/:na]
	at org.apache.catalina.core.StandardHostValve.invoke(StandardHostValve.java:113) ~[tomcat-embed-core-10.1.48.jar!/:na]
	at org.apache.catalina.valves.ErrorReportValve.invoke(ErrorReportValve.java:83) ~[tomcat-embed-core-10.1.48.jar!/:na]
	at org.apache.catalina.core.StandardEngineValve.invoke(StandardEngineValve.java:72) ~[tomcat-embed-core-10.1.48.jar!/:na]
	at org.apache.catalina.connector.CoyoteAdapter.asyncDispatch(CoyoteAdapter.java:237) ~[tomcat-embed-core-10.1.48.jar!/:na]
	at org.apache.coyote.AbstractProcessor.dispatch(AbstractProcessor.java:243) ~[tomcat-embed-core-10.1.48.jar!/:na]
	at org.apache.coyote.AbstractProcessorLight.process(AbstractProcessorLight.java:57) ~[tomcat-embed-core-10.1.48.jar!/:na]
	at org.apache.coyote.AbstractProtocol$ConnectionHandler.process(AbstractProtocol.java:903) ~[tomcat-embed-core-10.1.48.jar!/:na]
	at org.apache.tomcat.util.net.NioEndpoint$SocketProcessor.doRun(NioEndpoint.java:1774) ~[tomcat-embed-core-10.1.48.jar!/:na]
	at org.apache.tomcat.util.net.SocketProcessorBase.run(SocketProcessorBase.java:52) ~[tomcat-embed-core-10.1.48.jar!/:na]
	at org.apache.tomcat.util.threads.ThreadPoolExecutor.runWorker(ThreadPoolExecutor.java:973) ~[tomcat-embed-core-10.1.48.jar!/:na]
	at org.apache.tomcat.util.threads.ThreadPoolExecutor$Worker.run(ThreadPoolExecutor.java:491) ~[tomcat-embed-core-10.1.48.jar!/:na]
	at org.apache.tomcat.util.threads.TaskThread$WrappingRunnable.run(TaskThread.java:63) ~[tomcat-embed-core-10.1.48.jar!/:na]
	at java.base/java.lang.Thread.run(Thread.java:842) ~[na:na]

2026-02-13T14:25:12.907+08:00 ERROR 17749 --- [nio-8081-exec-8] o.a.c.c.C.[.[.[/].[dispatcherServlet]    : Servlet.service() for servlet [dispatcherServlet] in context with path [] threw exception [Handler processing failed: java.lang.NoClassDefFoundError: org/springframework/web/method/annotation/ExceptionHandlerMethodResolver] with root cause

java.lang.NoClassDefFoundError: org/springframework/web/method/annotation/ExceptionHandlerMethodResolver
	at org.springframework.web.servlet.mvc.method.annotation.ExceptionHandlerExceptionResolver.getExceptionHandlerMethod(ExceptionHandlerExceptionResolver.java:536) ~[spring-webmvc-6.2.12.jar!/:6.2.12]
	at org.springframework.web.servlet.mvc.method.annotation.ExceptionHandlerExceptionResolver.doResolveHandlerMethodException(ExceptionHandlerExceptionResolver.java:441) ~[spring-webmvc-6.2.12.jar!/:6.2.12]
	at org.springframework.web.servlet.handler.AbstractHandlerMethodExceptionResolver.doResolveException(AbstractHandlerMethodExceptionResolver.java:73) ~[spring-webmvc-6.2.12.jar!/:6.2.12]
	at org.springframework.web.servlet.handler.AbstractHandlerExceptionResolver.resolveException(AbstractHandlerExceptionResolver.java:182) ~[spring-webmvc-6.2.12.jar!/:6.2.12]
	at org.springframework.web.servlet.handler.HandlerExceptionResolverComposite.resolveException(HandlerExceptionResolverComposite.java:80) ~[spring-webmvc-6.2.12.jar!/:6.2.12]
	at org.springframework.web.servlet.DispatcherServlet.processHandlerException(DispatcherServlet.java:1360) ~[spring-webmvc-6.2.12.jar!/:6.2.12]
	at org.springframework.web.servlet.DispatcherServlet.processDispatchResult(DispatcherServlet.java:1161) ~[spring-webmvc-6.2.12.jar!/:6.2.12]
	at org.springframework.web.servlet.DispatcherServlet.doDispatch(DispatcherServlet.java:1106) ~[spring-webmvc-6.2.12.jar!/:6.2.12]
	at org.springframework.web.servlet.DispatcherServlet.doService(DispatcherServlet.java:979) ~[spring-webmvc-6.2.12.jar!/:6.2.12]
	at org.springframework.web.servlet.FrameworkServlet.processRequest(FrameworkServlet.java:1014) ~[spring-webmvc-6.2.12.jar!/:6.2.12]
	at org.springframework.web.servlet.FrameworkServlet.doPost(FrameworkServlet.java:914) ~[spring-webmvc-6.2.12.jar!/:6.2.12]
	at jakarta.servlet.http.HttpServlet.service(HttpServlet.java:590) ~[tomcat-embed-core-10.1.48.jar!/:na]
	at org.springframework.web.servlet.FrameworkServlet.service(FrameworkServlet.java:885) ~[spring-webmvc-6.2.12.jar!/:6.2.12]
	at jakarta.servlet.http.HttpServlet.service(HttpServlet.java:658) ~[tomcat-embed-core-10.1.48.jar!/:na]
	at org.apache.catalina.core.ApplicationFilterChain.internalDoFilter(ApplicationFilterChain.java:193) ~[tomcat-embed-core-10.1.48.jar!/:na]
	at org.apache.catalina.core.ApplicationFilterChain.doFilter(ApplicationFilterChain.java:138) ~[tomcat-embed-core-10.1.48.jar!/:na]
	at org.springframework.web.filter.RequestContextFilter.doFilterInternal(RequestContextFilter.java:100) ~[spring-web-6.2.12.jar!/:6.2.12]
	at org.springframework.web.filter.OncePerRequestFilter.doFilter(OncePerRequestFilter.java:116) ~[spring-web-6.2.12.jar!/:6.2.12]
	at org.apache.catalina.core.ApplicationFilterChain.internalDoFilter(ApplicationFilterChain.java:162) ~[tomcat-embed-core-10.1.48.jar!/:na]
	at org.apache.catalina.core.ApplicationFilterChain.doFilter(ApplicationFilterChain.java:138) ~[tomcat-embed-core-10.1.48.jar!/:na]
	at org.springframework.web.filter.OncePerRequestFilter.doFilter(OncePerRequestFilter.java:101) ~[spring-web-6.2.12.jar!/:6.2.12]
	at org.apache.catalina.core.ApplicationFilterChain.internalDoFilter(ApplicationFilterChain.java:162) ~[tomcat-embed-core-10.1.48.jar!/:na]
	at org.apache.catalina.core.ApplicationFilterChain.doFilter(ApplicationFilterChain.java:138) ~[tomcat-embed-core-10.1.48.jar!/:na]
	at org.springframework.web.filter.OncePerRequestFilter.doFilter(OncePerRequestFilter.java:101) ~[spring-web-6.2.12.jar!/:6.2.12]
	at org.apache.catalina.core.ApplicationFilterChain.internalDoFilter(ApplicationFilterChain.java:162) ~[tomcat-embed-core-10.1.48.jar!/:na]
	at org.apache.catalina.core.ApplicationFilterChain.doFilter(ApplicationFilterChain.java:138) ~[tomcat-embed-core-10.1.48.jar!/:na]
	at org.apache.catalina.core.ApplicationDispatcher.invoke(ApplicationDispatcher.java:610) ~[tomcat-embed-core-10.1.48.jar!/:na]
	at org.apache.catalina.core.ApplicationDispatcher.doDispatch(ApplicationDispatcher.java:538) ~[tomcat-embed-core-10.1.48.jar!/:na]
	at org.apache.catalina.core.ApplicationDispatcher.dispatch(ApplicationDispatcher.java:509) ~[tomcat-embed-core-10.1.48.jar!/:na]
	at org.apache.catalina.core.AsyncContextImpl$AsyncRunnable.run(AsyncContextImpl.java:599) ~[tomcat-embed-core-10.1.48.jar!/:na]
	at org.apache.catalina.core.AsyncContextImpl.doInternalDispatch(AsyncContextImpl.java:342) ~[tomcat-embed-core-10.1.48.jar!/:na]
	at org.apache.catalina.core.StandardWrapperValve.invoke(StandardWrapperValve.java:163) ~[tomcat-embed-core-10.1.48.jar!/:na]
	at org.apache.catalina.core.StandardContextValve.invoke(StandardContextValve.java:88) ~[tomcat-embed-core-10.1.48.jar!/:na]
	at org.apache.catalina.authenticator.AuthenticatorBase.invoke(AuthenticatorBase.java:482) ~[tomcat-embed-core-10.1.48.jar!/:na]
	at org.apache.catalina.core.StandardHostValve.invoke(StandardHostValve.java:113) ~[tomcat-embed-core-10.1.48.jar!/:na]
	at org.apache.catalina.valves.ErrorReportValve.invoke(ErrorReportValve.java:83) ~[tomcat-embed-core-10.1.48.jar!/:na]
	at org.apache.catalina.core.StandardEngineValve.invoke(StandardEngineValve.java:72) ~[tomcat-embed-core-10.1.48.jar!/:na]
	at org.apache.catalina.connector.CoyoteAdapter.asyncDispatch(CoyoteAdapter.java:237) ~[tomcat-embed-core-10.1.48.jar!/:na]
	at org.apache.coyote.AbstractProcessor.dispatch(AbstractProcessor.java:243) ~[tomcat-embed-core-10.1.48.jar!/:na]
	at org.apache.coyote.AbstractProcessorLight.process(AbstractProcessorLight.java:57) ~[tomcat-embed-core-10.1.48.jar!/:na]
	at org.apache.coyote.AbstractProtocol$ConnectionHandler.process(AbstractProtocol.java:903) ~[tomcat-embed-core-10.1.48.jar!/:na]
	at org.apache.tomcat.util.net.NioEndpoint$SocketProcessor.doRun(NioEndpoint.java:1774) ~[tomcat-embed-core-10.1.48.jar!/:na]
	at org.apache.tomcat.util.net.SocketProcessorBase.run(SocketProcessorBase.java:52) ~[tomcat-embed-core-10.1.48.jar!/:na]
	at org.apache.tomcat.util.threads.ThreadPoolExecutor.runWorker(ThreadPoolExecutor.java:973) ~[tomcat-embed-core-10.1.48.jar!/:na]
	at org.apache.tomcat.util.threads.ThreadPoolExecutor$Worker.run(ThreadPoolExecutor.java:491) ~[tomcat-embed-core-10.1.48.jar!/:na]
	at org.apache.tomcat.util.threads.TaskThread$WrappingRunnable.run(TaskThread.java:63) ~[tomcat-embed-core-10.1.48.jar!/:na]
	at java.base/java.lang.Thread.run(Thread.java:842) ~[na:na]

2026-02-13T14:25:49.747+08:00  WARN 17749 --- [ionShutdownHook] o.s.c.support.DefaultLifecycleProcessor  : Failed to stop bean 'webServerGracefulShutdown'

java.lang.NoClassDefFoundError: org/springframework/boot/web/server/GracefulShutdownCallback
	at org.springframework.boot.web.context.WebServerGracefulShutdownLifecycle.stop(WebServerGracefulShutdownLifecycle.java:62) ~[spring-boot-3.5.7.jar!/:3.5.7]
	at org.springframework.context.support.DefaultLifecycleProcessor.doStop(DefaultLifecycleProcessor.java:463) ~[spring-context-6.2.12.jar!/:6.2.12]
	at org.springframework.context.support.DefaultLifecycleProcessor$LifecycleGroup.stop(DefaultLifecycleProcessor.java:618) ~[spring-context-6.2.12.jar!/:6.2.12]
	at java.base/java.lang.Iterable.forEach(Iterable.java:75) ~[na:na]
	at org.springframework.context.support.DefaultLifecycleProcessor.stopBeans(DefaultLifecycleProcessor.java:432) ~[spring-context-6.2.12.jar!/:6.2.12]
	at org.springframework.context.support.DefaultLifecycleProcessor.onClose(DefaultLifecycleProcessor.java:323) ~[spring-context-6.2.12.jar!/:6.2.12]
	at org.springframework.context.support.AbstractApplicationContext.doClose(AbstractApplicationContext.java:1175) ~[spring-context-6.2.12.jar!/:6.2.12]
	at org.springframework.boot.web.servlet.context.ServletWebServerApplicationContext.doClose(ServletWebServerApplicationContext.java:179) ~[spring-boot-3.5.7.jar!/:3.5.7]
	at org.springframework.context.support.AbstractApplicationContext.close(AbstractApplicationContext.java:1129) ~[spring-context-6.2.12.jar!/:6.2.12]
	at org.springframework.boot.SpringApplicationShutdownHook.closeAndWait(SpringApplicationShutdownHook.java:147) ~[spring-boot-3.5.7.jar!/:3.5.7]
	at java.base/java.lang.Iterable.forEach(Iterable.java:75) ~[na:na]
	at org.springframework.boot.SpringApplicationShutdownHook.run(SpringApplicationShutdownHook.java:116) ~[spring-boot-3.5.7.jar!/:3.5.7]
	at java.base/java.lang.Thread.run(Thread.java:842) ~[na:na]
Caused by: java.lang.ClassNotFoundException: org.springframework.boot.web.server.GracefulShutdownCallback
	at java.base/java.net.URLClassLoader.findClass(URLClassLoader.java:445) ~[na:na]
	at java.base/java.lang.ClassLoader.loadClass(ClassLoader.java:587) ~[na:na]
	at org.springframework.boot.loader.net.protocol.jar.JarUrlClassLoader.loadClass(JarUrlClassLoader.java:107) ~[chatbot-0.0.1-SNAPSHOT.jar:0.0.1-SNAPSHOT]
	at org.springframework.boot.loader.launch.LaunchedClassLoader.loadClass(LaunchedClassLoader.java:91) ~[chatbot-0.0.1-SNAPSHOT.jar:0.0.1-SNAPSHOT]
	at java.base/java.lang.ClassLoader.loadClass(ClassLoader.java:520) ~[na:na]
	... 13 common frames omitted

2026-02-13T14:25:49.751+08:00  WARN 17749 --- [ionShutdownHook] o.s.c.support.DefaultLifecycleProcessor  : Failed to stop bean 'webServerStartStop'

java.lang.NoClassDefFoundError: org/apache/catalina/Lifecycle$SingleUse
	at org.apache.catalina.util.LifecycleBase.stop(LifecycleBase.java:247) ~[tomcat-embed-core-10.1.48.jar!/:na]
	at org.apache.catalina.core.StandardService.removeConnector(StandardService.java:297) ~[tomcat-embed-core-10.1.48.jar!/:na]
	at org.springframework.boot.web.embedded.tomcat.TomcatWebServer.lambda$removeServiceConnectors$1(TomcatWebServer.java:173) ~[spring-boot-3.5.7.jar!/:3.5.7]
	at org.springframework.boot.web.embedded.tomcat.TomcatWebServer.doWithConnectors(TomcatWebServer.java:192) ~[spring-boot-3.5.7.jar!/:3.5.7]
	at org.springframework.boot.web.embedded.tomcat.TomcatWebServer.removeServiceConnectors(TomcatWebServer.java:170) ~[spring-boot-3.5.7.jar!/:3.5.7]
	at org.springframework.boot.web.embedded.tomcat.TomcatWebServer.stop(TomcatWebServer.java:358) ~[spring-boot-3.5.7.jar!/:3.5.7]
	at org.springframework.boot.web.servlet.context.WebServerStartStopLifecycle.stop(WebServerStartStopLifecycle.java:53) ~[spring-boot-3.5.7.jar!/:3.5.7]
	at org.springframework.context.SmartLifecycle.stop(SmartLifecycle.java:120) ~[spring-context-6.2.12.jar!/:6.2.12]
	at org.springframework.context.support.DefaultLifecycleProcessor.doStop(DefaultLifecycleProcessor.java:463) ~[spring-context-6.2.12.jar!/:6.2.12]
	at org.springframework.context.support.DefaultLifecycleProcessor$LifecycleGroup.stop(DefaultLifecycleProcessor.java:618) ~[spring-context-6.2.12.jar!/:6.2.12]
	at java.base/java.lang.Iterable.forEach(Iterable.java:75) ~[na:na]
	at org.springframework.context.support.DefaultLifecycleProcessor.stopBeans(DefaultLifecycleProcessor.java:432) ~[spring-context-6.2.12.jar!/:6.2.12]
	at org.springframework.context.support.DefaultLifecycleProcessor.onClose(DefaultLifecycleProcessor.java:323) ~[spring-context-6.2.12.jar!/:6.2.12]
	at org.springframework.context.support.AbstractApplicationContext.doClose(AbstractApplicationContext.java:1175) ~[spring-context-6.2.12.jar!/:6.2.12]
	at org.springframework.boot.web.servlet.context.ServletWebServerApplicationContext.doClose(ServletWebServerApplicationContext.java:179) ~[spring-boot-3.5.7.jar!/:3.5.7]
	at org.springframework.context.support.AbstractApplicationContext.close(AbstractApplicationContext.java:1129) ~[spring-context-6.2.12.jar!/:6.2.12]
	at org.springframework.boot.SpringApplicationShutdownHook.closeAndWait(SpringApplicationShutdownHook.java:147) ~[spring-boot-3.5.7.jar!/:3.5.7]
	at java.base/java.lang.Iterable.forEach(Iterable.java:75) ~[na:na]
	at org.springframework.boot.SpringApplicationShutdownHook.run(SpringApplicationShutdownHook.java:116) ~[spring-boot-3.5.7.jar!/:3.5.7]
	at java.base/java.lang.Thread.run(Thread.java:842) ~[na:na]
Caused by: java.lang.ClassNotFoundException: org.apache.catalina.Lifecycle$SingleUse
	at java.base/java.net.URLClassLoader.findClass(URLClassLoader.java:445) ~[na:na]
	at java.base/java.lang.ClassLoader.loadClass(ClassLoader.java:587) ~[na:na]
	at org.springframework.boot.loader.net.protocol.jar.JarUrlClassLoader.loadClass(JarUrlClassLoader.java:107) ~[chatbot-0.0.1-SNAPSHOT.jar:0.0.1-SNAPSHOT]
	at org.springframework.boot.loader.launch.LaunchedClassLoader.loadClass(LaunchedClassLoader.java:91) ~[chatbot-0.0.1-SNAPSHOT.jar:0.0.1-SNAPSHOT]
	at java.base/java.lang.ClassLoader.loadClass(ClassLoader.java:520) ~[na:na]
	... 20 common frames omitted

2026-02-13T14:25:49.752+08:00  WARN 17749 --- [ionShutdownHook] o.s.c.support.DefaultLifecycleProcessor  : Failed to stop bean 'reactorResourceFactory'

java.lang.NoClassDefFoundError: reactor/core/publisher/BlockingMonoSubscriber
	at reactor.core.publisher.Mono.block(Mono.java:1777) ~[reactor-core-3.7.12.jar!/:3.7.12]
	at org.springframework.http.client.ReactorResourceFactory.stop(ReactorResourceFactory.java:298) ~[spring-web-6.2.12.jar!/:6.2.12]
	at org.springframework.context.SmartLifecycle.stop(SmartLifecycle.java:120) ~[spring-context-6.2.12.jar!/:6.2.12]
	at org.springframework.context.support.DefaultLifecycleProcessor.doStop(DefaultLifecycleProcessor.java:463) ~[spring-context-6.2.12.jar!/:6.2.12]
	at org.springframework.context.support.DefaultLifecycleProcessor$LifecycleGroup.stop(DefaultLifecycleProcessor.java:618) ~[spring-context-6.2.12.jar!/:6.2.12]
	at java.base/java.lang.Iterable.forEach(Iterable.java:75) ~[na:na]
	at org.springframework.context.support.DefaultLifecycleProcessor.stopBeans(DefaultLifecycleProcessor.java:432) ~[spring-context-6.2.12.jar!/:6.2.12]
	at org.springframework.context.support.DefaultLifecycleProcessor.onClose(DefaultLifecycleProcessor.java:323) ~[spring-context-6.2.12.jar!/:6.2.12]
	at org.springframework.context.support.AbstractApplicationContext.doClose(AbstractApplicationContext.java:1175) ~[spring-context-6.2.12.jar!/:6.2.12]
	at org.springframework.boot.web.servlet.context.ServletWebServerApplicationContext.doClose(ServletWebServerApplicationContext.java:179) ~[spring-boot-3.5.7.jar!/:3.5.7]
	at org.springframework.context.support.AbstractApplicationContext.close(AbstractApplicationContext.java:1129) ~[spring-context-6.2.12.jar!/:6.2.12]
	at org.springframework.boot.SpringApplicationShutdownHook.closeAndWait(SpringApplicationShutdownHook.java:147) ~[spring-boot-3.5.7.jar!/:3.5.7]
	at java.base/java.lang.Iterable.forEach(Iterable.java:75) ~[na:na]
	at org.springframework.boot.SpringApplicationShutdownHook.run(SpringApplicationShutdownHook.java:116) ~[spring-boot-3.5.7.jar!/:3.5.7]
	at java.base/java.lang.Thread.run(Thread.java:842) ~[na:na]
Caused by: java.lang.ClassNotFoundException: reactor.core.publisher.BlockingMonoSubscriber
	at java.base/java.net.URLClassLoader.findClass(URLClassLoader.java:445) ~[na:na]
	at java.base/java.lang.ClassLoader.loadClass(ClassLoader.java:587) ~[na:na]
	at org.springframework.boot.loader.net.protocol.jar.JarUrlClassLoader.loadClass(JarUrlClassLoader.java:107) ~[chatbot-0.0.1-SNAPSHOT.jar:0.0.1-SNAPSHOT]
	at org.springframework.boot.loader.launch.LaunchedClassLoader.loadClass(LaunchedClassLoader.java:91) ~[chatbot-0.0.1-SNAPSHOT.jar:0.0.1-SNAPSHOT]
	at java.base/java.lang.ClassLoader.loadClass(ClassLoader.java:520) ~[na:na]
	... 15 common frames omitted

Exception in thread "SpringApplicationShutdownHook" java.lang.NoClassDefFoundError: org/apache/catalina/Lifecycle$SingleUse
	at org.apache.catalina.util.LifecycleBase.stop(LifecycleBase.java:247)
	at org.apache.catalina.startup.Tomcat.stop(Tomcat.java:446)
	at org.springframework.boot.web.embedded.tomcat.TomcatWebServer.stopTomcat(TomcatWebServer.java:301)
	at org.springframework.boot.web.embedded.tomcat.TomcatWebServer.destroy(TomcatWebServer.java:374)
	at org.springframework.boot.web.servlet.context.ServletWebServerApplicationContext.doClose(ServletWebServerApplicationContext.java:182)
	at org.springframework.context.support.AbstractApplicationContext.close(AbstractApplicationContext.java:1129)
	at org.springframework.boot.SpringApplicationShutdownHook.closeAndWait(SpringApplicationShutdownHook.java:147)
	at java.base/java.lang.Iterable.forEach(Iterable.java:75)
	at org.springframework.boot.SpringApplicationShutdownHook.run(SpringApplicationShutdownHook.java:116)
	at java.base/java.lang.Thread.run(Thread.java:842)
Caused by: java.lang.ClassNotFoundException: org.apache.catalina.Lifecycle$SingleUse
	... 10 more
